const unsigned int pcm_data[] = {
	0xffedffed, 0xfff7fff7, 0x00000000, 0x00060006, 0x00080008, 0x00000000, 0xffeeffee, 0xffe9ffe9, 
	0x000d000d, 0x00040004, 0xffffffff, 0xfff7fff7, 0xffeaffea, 0x000b000b, 0x000c000c, 0x00090009, 
	0x00090009, 0x000a000a, 0x000e000e, 0xfff4fff4, 0xffedffed, 0xffffffff, 0xfffdfffd, 0xfffcfffc, 
	0x001b001b, 0x00040004, 0xffdaffda, 0xffebffeb, 0x000f000f, 0x00200020, 0x00150015, 0x00080008, 
	0xfff2fff2, 0xfff2fff2, 0x000e000e, 0x001d001d, 0x00080008, 0xffe7ffe7, 0xfffcfffc, 0x00150015, 
	0x00180018, 0x00070007, 0xffe9ffe9, 0xffe9ffe9, 0x00240024, 0x00480048, 0x001c001c, 0xfffbfffb, 
	0xffdaffda, 0xfff5fff5, 0x00230023, 0x00140014, 0x001e001e, 0xffffffff, 0xfff4fff4, 0x00060006, 
	0xffffffff, 0xfff4fff4, 0xffdaffda, 0x000f000f, 0x00430043, 0x00170017, 0xffc6ffc6, 0xffc5ffc5, 
	0x00150015, 0x00350035, 0x002a002a, 0x00050005, 0xffd5ffd5, 0xffbeffbe, 0xfff5fff5, 0x00460046, 
	0x00470047, 0x001c001c, 0xffccffcc, 0xffadffad, 0xfff8fff8, 0x00390039, 0x00540054, 0x003f003f, 
	0xfff5fff5, 0xffc8ffc8, 0xffc9ffc9, 0xfffcfffc, 0x00240024, 0xfffdfffd, 0xffe8ffe8, 0xffe5ffe5, 
	0xfff1fff1, 0x001a001a, 0x003d003d, 0x00320032, 0x00030003, 0x00060006, 0xffedffed, 0xffe9ffe9, 
	0x00140014, 0x00040004, 0xfff5fff5, 0x00070007, 0x00350035, 0x00220022, 0xffe8ffe8, 0xffe9ffe9, 
	0xfff3fff3, 0x00130013, 0x003b003b, 0x00330033, 0xffdeffde, 0xffc7ffc7, 0xfff9fff9, 0x000c000c, 
	0x00310031, 0x00110011, 0xffceffce, 0xffafffaf, 0xffe1ffe1, 0x002d002d, 0x00230023, 0x000a000a, 
	0xffc1ffc1, 0xffc8ffc8, 0x00050005, 0x00040004, 0xffebffeb, 0xffcfffcf, 0xfff2fff2, 0xffe5ffe5, 
	0xffe5ffe5, 0xffe5ffe5, 0xffe0ffe0, 0xffedffed, 0xffc0ffc0, 0xffb8ffb8, 0xffd1ffd1, 0x000e000e, 
	0xfff2fff2, 0xffe6ffe6, 0xffd3ffd3, 0xffb0ffb0, 0x001a001a, 0xffe9ffe9, 0xffeaffea, 0x00180018, 
	0xfff0fff0, 0x00070007, 0xffd4ffd4, 0xffd8ffd8, 0x001b001b, 0x00270027, 0x002f002f, 0x00200020, 
	0xffc2ffc2, 0xffe9ffe9, 0x00580058, 0x002b002b, 0x001f001f, 0xffdcffdc, 0xff91ff91, 0xfff3fff3, 
	0x00470047, 0x00240024, 0xfff3fff3, 0x000e000e, 0x00280028, 0xfff2fff2, 0xffb3ffb3, 0xffc1ffc1, 
	0xfffefffe, 0x004a004a, 0x00480048, 0x00170017, 0xffcdffcd, 0xffa0ffa0, 0xfffdfffd, 0x001b001b, 
	0x00300030, 0x00000000, 0xffc9ffc9, 0x00340034, 0x00490049, 0x00340034, 0xfff2fff2, 0xffbbffbb, 
	0x000f000f, 0x00540054, 0x004f004f, 0x000d000d, 0xffbbffbb, 0xffa1ffa1, 0x000c000c, 0x00710071, 
	0x000d000d, 0xffa2ffa2, 0xffe5ffe5, 0x001c001c, 0x00190019, 0x00030003, 0xffbdffbd, 0xffd2ffd2, 
	0x00430043, 0x00620062, 0x001a001a, 0xff67ff67, 0xfee3fee3, 0xffeeffee, 0x00920092, 0xfff1fff1, 
	0x00600060, 0x01310131, 0x012f012f, 0xffafffaf, 0xfe5afe5a, 0xff76ff76, 0x013b013b, 0x02520252, 
	0x01960196, 0xff2cff2c, 0xfe16fe16, 0xff78ff78, 0x01370137, 0x011e011e, 0x00000000, 0xff04ff04, 
	0xfe6dfe6d, 0xffd6ffd6, 0x02200220, 0x022a022a, 0xffe0ffe0, 0xfd20fd20, 0xfd19fd19, 0x00330033, 
	0x02d202d2, 0x02970297, 0x00480048, 0xfd9cfd9c, 0xfd31fd31, 0x00500050, 0x022b022b, 0x01460146, 
	0x007a007a, 0xffd9ffd9, 0xff04ff04, 0xfe7ffe7f, 0x00340034, 0x02030203, 0x01880188, 0x003f003f, 
	0xfed0fed0, 0xfe15fe15, 0xfed8fed8, 0x017d017d, 0x03000300, 0x010f010f, 0xfed8fed8, 0xfe07fe07, 
	0xfe38fe38, 0xffe3ffe3, 0x01fc01fc, 0x020d020d, 0x00090009, 0xfe61fe61, 0xfe6dfe6d, 0xff77ff77, 
	0x01150115, 0x01a201a2, 0x002f002f, 0xff01ff01, 0xff01ff01, 0xff36ff36, 0xff81ff81, 0x01170117, 
	0x01d701d7, 0x00760076, 0xff34ff34, 0xfe8afe8a, 0xfefbfefb, 0x004a004a, 0x01630163, 0x00fe00fe, 
	0xffe4ffe4, 0xff82ff82, 0xff4dff4d, 0xff4cff4c, 0xffe3ffe3, 0x015b015b, 0x014c014c, 0xff42ff42, 
	0xfea5fea5, 0xffa9ffa9, 0x00ae00ae, 0x01860186, 0x00dc00dc, 0xfef6fef6, 0xfeaafeaa, 0xfff0fff0, 
	0x008a008a, 0xffc8ffc8, 0xffaeffae, 0xffc8ffc8, 0x00c600c6, 0x01b301b3, 0xff21ff21, 0xfd67fd67, 
	0xfe78fe78, 0x009a009a, 0x02340234, 0x01f901f9, 0xfffbfffb, 0xfda7fda7, 0xfe19fe19, 0x00b600b6, 
	0x02620262, 0x00d700d7, 0xff29ff29, 0xfe6cfe6c, 0xfe89fe89, 0x01670167, 0x022d022d, 0x00830083, 
	0xff46ff46, 0xfe45fe45, 0xff25ff25, 0x01180118, 0x01300130, 0x00680068, 0x00060006, 0xff78ff78, 
	0x00090009, 0x003f003f, 0xff93ff93, 0x00be00be, 0x01fa01fa, 0x00890089, 0xfedffedf, 0xfe91fe91, 
	0xff09ff09, 0x01380138, 0x02150215, 0x00a000a0, 0xffa0ffa0, 0xfefefefe, 0xff15ff15, 0xff39ff39, 
	0xff4cff4c, 0x00730073, 0x01930193, 0x01690169, 0xff84ff84, 0xfd7bfd7b, 0xfe63fe63, 0x015e015e, 
	0x01bf01bf, 0x005d005d, 0xff4bff4b, 0xfd7dfd7d, 0xfeb2feb2, 0x01570157, 0x01880188, 0x01990199, 
	0xffebffeb, 0xfcdefcde, 0xfdacfdac, 0x01de01de, 0x020b020b, 0xfe8cfe8c, 0xfea3fea3, 0x01920192, 
	0x02510251, 0xfee2fee2, 0xfc01fc01, 0xfcbefcbe, 0x004c004c, 0x04f004f0, 0x038d038d, 0xfd34fd34, 
	0xfaf8faf8, 0xfd05fd05, 0x01690169, 0x05a205a2, 0x011b011b, 0xfa43fa43, 0xfd54fd54, 0x02490249, 
	0x024c024c, 0x00bb00bb, 0xfd97fd97, 0xfd82fd82, 0x013f013f, 0x01260126, 0x014d014d, 0x00200020, 
	0xfc6dfc6d, 0x019b019b, 0x054a054a, 0xfe56fe56, 0xfbf6fbf6, 0xff08ff08, 0xfe9efe9e, 0x021e021e, 
	0x05b605b6, 0x00540054, 0xfc1efc1e, 0xfdd4fdd4, 0x00de00de, 0x020a020a, 0x00970097, 0xfda8fda8, 
	0xfcb7fcb7, 0x01890189, 0x07050705, 0x026b026b, 0xfaa6faa6, 0xfb88fb88, 0xfdfdfdfd, 0x013c013c, 
	0x04940494, 0x02d402d4, 0xfe17fe17, 0xfd4bfd4b, 0x01c801c8, 0x02420242, 0xff80ff80, 0xfbdffbdf, 
	0xfcacfcac, 0x03000300, 0x06b606b6, 0x02de02de, 0xfb7efb7e, 0xfa94fa94, 0xfc59fc59, 0x03230323, 
	0x07ec07ec, 0x01570157, 0xfaebfaeb, 0xfb11fb11, 0x00030003, 0x028e028e, 0x02880288, 0x007a007a, 
	0xfe8bfe8b, 0xff63ff63, 0x01960196, 0x01410141, 0xfd11fd11, 0xfd52fd52, 0x00b500b5, 0x05780578, 
	0x05490549, 0xff4bff4b, 0xfad5fad5, 0xfb9efb9e, 0x03310331, 0x04e004e0, 0x01940194, 0xfe55fe55, 
	0xfc77fc77, 0x00300030, 0x06030603, 0x04000400, 0xfab5fab5, 0xfb08fb08, 0xff88ff88, 0x03630363, 
	0x05e105e1, 0x01a301a3, 0xfce9fce9, 0xfbb0fbb0, 0xffdcffdc, 0x01aa01aa, 0x01490149, 0x012b012b, 
	0xffbdffbd, 0xfda0fda0, 0xfb3bfb3b, 0x02010201, 0x07710771, 0xfdcefdce, 0xf82df82d, 0x01b901b9, 
	0x04350435, 0xfddcfddc, 0xff82ff82, 0x01750175, 0x003d003d, 0x01d901d9, 0x01350135, 0xfe3cfe3c, 
	0xfe69fe69, 0x00240024, 0x01900190, 0x01550155, 0xffeeffee, 0xff93ff93, 0xff85ff85, 0xfedbfedb, 
	0x01670167, 0x01d301d3, 0xfe1dfe1d, 0xff6bff6b, 0x02440244, 0x02fa02fa, 0x00350035, 0xfdb5fdb5, 
	0xfc53fc53, 0xffeeffee, 0x03370337, 0x01050105, 0x01ec01ec, 0xfd09fd09, 0xfb70fb70, 0xff46ff46, 
	0x04e604e6, 0x06980698, 0xfe30fe30, 0xf843f843, 0xfa53fa53, 0x03880388, 0x02240224, 0x019a019a, 
	0x01930193, 0xfb08fb08, 0xff36ff36, 0x04530453, 0x04600460, 0xfcc1fcc1, 0xf68ef68e, 0xfe4efe4e, 
	0x09e609e6, 0x04fe04fe, 0xfd54fd54, 0xfe50fe50, 0xfb50fb50, 0xfe16fe16, 0x03b503b5, 0x07680768, 
	0x003e003e, 0xf785f785, 0xfdeefdee, 0x03bf03bf, 0x05560556, 0x040a040a, 0xfd81fd81, 0xf6ecf6ec, 
	0xfd29fd29, 0x04930493, 0x04430443, 0xff4dff4d, 0xfcc9fcc9, 0x03ea03ea, 0xfb01fb01, 0xfabbfabb, 
	0x081c081c, 0x016c016c, 0xfc5efc5e, 0x00900090, 0x027d027d, 0xfc2cfc2c, 0xfd4efd4e, 0x05200520, 
	0xfeccfecc, 0xfc1efc1e, 0x05d505d5, 0x042d042d, 0xf840f840, 0xfa3efa3e, 0x03c803c8, 0x06840684, 
	0x00a300a3, 0xffbfffbf, 0xff77ff77, 0xfab7fab7, 0xfe77fe77, 0x02290229, 0x05bc05bc, 0x01330133, 
	0xfb97fb97, 0xf9d1f9d1, 0xfcbafcba, 0x08a308a3, 0x05df05df, 0x007a007a, 0xfdcbfdcb, 0xf843f843, 
	0xfa61fa61, 0x055c055c, 0x0ae30ae3, 0x00e100e1, 0xf84af84a, 0xfc35fc35, 0x01510151, 0xfecffecf, 
	0x05b105b1, 0x06820682, 0xf9ecf9ec, 0xfc4cfc4c, 0x02a902a9, 0xfc91fc91, 0xff00ff00, 0x0a0a0a0a, 
	0x04310431, 0xfaa9faa9, 0xf86df86d, 0xff3bff3b, 0x017e017e, 0x04a604a6, 0x09740974, 0xf9f0f9f0, 
	0xf51df51d, 0xfef4fef4, 0x09580958, 0x04320432, 0xfabefabe, 0xff0aff0a, 0xfdbcfdbc, 0xfdc4fdc4, 
	0x03590359, 0x04d104d1, 0xff53ff53, 0xfe20fe20, 0xf8ddf8dd, 0xff10ff10, 0x0ac90ac9, 0x02520252, 
	0xffcaffca, 0xfd60fd60, 0xf676f676, 0xf796f796, 0x09630963, 0x11951195, 0x00920092, 0xf218f218, 
	0xf5c7f5c7, 0x035d035d, 0x081f081f, 0x0af10af1, 0xfea2fea2, 0xf3ccf3cc, 0xfc4efc4e, 0x018d018d, 
	0x062f062f, 0x02e002e0, 0xffceffce, 0xfe56fe56, 0xfa67fa67, 0x04980498, 0x05450545, 0xfe5efe5e, 
	0xfef6fef6, 0xfc30fc30, 0x02b802b8, 0x040b040b, 0xff1cff1c, 0xffeeffee, 0xfcb5fcb5, 0xfe8dfe8d, 
	0x020a020a, 0xff3cff3c, 0x01730173, 0x00ee00ee, 0xf9a3f9a3, 0x02d402d4, 0x054d054d, 0xfe59fe59, 
	0xfb60fb60, 0xfd19fd19, 0x03a703a7, 0x00190019, 0x06130613, 0xff30ff30, 0xf19cf19c, 0xfafefafe, 
	0x0c940c94, 0x0c660c66, 0xfdc3fdc3, 0xfa8efa8e, 0xf2c8f2c8, 0xfeccfecc, 0x0cc40cc4, 0x09e809e8, 
	0x002e002e, 0xf140f140, 0x007b007b, 0x05e305e3, 0xfedffedf, 0x02100210, 0xff67ff67, 0x02a702a7, 
	0x02c102c1, 0xfc20fc20, 0xfb86fb86, 0x000b000b, 0xfe02fe02, 0x03870387, 0x0ed00ed0, 0xff6aff6a, 
	0xefcfefcf, 0xf533f533, 0x03620362, 0x0af40af4, 0x0b950b95, 0x04aa04aa, 0xee87ee87, 0xf1d2f1d2, 
	0x03030303, 0x0b780b78, 0x0a1c0a1c, 0x01140114, 0xf745f745, 0xf521f521, 0x07150715, 0x00650065, 
	0xff03ff03, 0x07e407e4, 0x04e804e8, 0xfc96fc96, 0xf5a6f5a6, 0x001c001c, 0xfe72fe72, 0x06bb06bb, 
	0x04af04af, 0x00000000, 0xfdb3fdb3, 0xf916f916, 0xfeb4feb4, 0xfd60fd60, 0x0f6f0f6f, 0x05c005c0, 
	0xf30cf30c, 0xf2aaf2aa, 0x06f206f2, 0x118f118f, 0xf589f589, 0xfcd0fcd0, 0x035b035b, 0xfb6ffb6f, 
	0xfe95fe95, 0x049c049c, 0x09660966, 0xfe9dfe9d, 0xf775f775, 0xffc1ffc1, 0x02980298, 0xfd4bfd4b, 
	0x05950595, 0x0b010b01, 0xf924f924, 0xf3edf3ed, 0xfdfffdff, 0x01ba01ba, 0x0d440d44, 0xfd4cfd4c, 
	0xfd11fd11, 0x08d908d9, 0xf6b4f6b4, 0xf6d7f6d7, 0xf880f880, 0x12be12be, 0x14bc14bc, 0xf226f226, 
	0xf0adf0ad, 0xfd94fd94, 0xfefdfefd, 0x04600460, 0x18091809, 0x00830083, 0xe54fe54f, 0xf812f812, 
	0x0e1d0e1d, 0x02cc02cc, 0xff3bff3b, 0x0b7f0b7f, 0xfb4efb4e, 0xf04ef04e, 0xfb5bfb5b, 0x0df70df7, 
	0x03e603e6, 0xfd0efd0e, 0x02a902a9, 0xf793f793, 0xfd5dfd5d, 0x09ec09ec, 0x01340134, 0xf42ff42f, 
	0x07c807c8, 0x0ee90ee9, 0xf7fff7ff, 0xf419f419, 0xfcf4fcf4, 0x00470047, 0x0f030f03, 0x0cad0cad, 
	0xf42df42d, 0xf293f293, 0xfe6afe6a, 0x0b110b11, 0xfdc6fdc6, 0x027b027b, 0x0ddb0ddb, 0xf5aff5af, 
	0xf0dff0df, 0x008e008e, 0x11bd11bd, 0x02300230, 0xfbe4fbe4, 0x01850185, 0xf2e2f2e2, 0x03560356, 
	0x133b133b, 0xf883f883, 0xe433e433, 0x05340534, 0x14c314c3, 0x06a806a8, 0xfcbbfcbb, 0xe55ee55e, 
	0xf98df98d, 0x15921592, 0x059a059a, 0x04f204f2, 0xfc64fc64, 0xee72ee72, 0x006b006b, 0x03a703a7, 
	0x0cc40cc4, 0x0df10df1, 0xebd7ebd7, 0xf662f662, 0x0d7e0d7e, 0x02570257, 0xfd15fd15, 0x005e005e, 
	0x041e041e, 0x01570157, 0xf628f628, 0xfbabfbab, 0x0ec80ec8, 0x007e007e, 0xf992f992, 0x04c504c5, 
	0xf7c0f7c0, 0x007e007e, 0xfc0bfc0b, 0xff25ff25, 0x14711471, 0x05380538, 0xf9aef9ae, 0xe383e383, 
	0xf8e1f8e1, 0x1e141e14, 0x12d112d1, 0xfcbcfcbc, 0xe964e964, 0xf57af57a, 0xf9d3f9d3, 0x0d8c0d8c, 
	0x11b411b4, 0xf9d1f9d1, 0x025d025d, 0xf872f872, 0xf29ff29f, 0x02e402e4, 0x066e066e, 0x02c802c8, 
	0x0b920b92, 0x00570057, 0xf384f384, 0xfaaefaae, 0xfa1ffa1f, 0x08c408c4, 0x106f106f, 0xfed4fed4, 
	0xf619f619, 0xffc3ffc3, 0xf8e6f8e6, 0xfeb5feb5, 0x02930293, 0x01d901d9, 0x0ea60ea6, 0xf660f660, 
	0xf44df44d, 0x083b083b, 0x05280528, 0xf414f414, 0x03c103c1, 0x0b950b95, 0xf6b9f6b9, 0x08670867, 
	0x00c100c1, 0xf2c1f2c1, 0xf935f935, 0x10bf10bf, 0x0d9c0d9c, 0xe7d9e7d9, 0x06460646, 0x0fb20fb2, 
	0xeec2eec2, 0xf40af40a, 0x07320732, 0x0c300c30, 0xfc9bfc9b, 0xff31ff31, 0x061d061d, 0xf7f3f7f3, 
	0xf2caf2ca, 0xfb38fb38, 0x14d914d9, 0x16cc16cc, 0xf84ef84e, 0xe437e437, 0xf0bff0bf, 0x16d816d8, 
	0x15ed15ed, 0x01a301a3, 0xf2f7f2f7, 0xeb33eb33, 0xfdb5fdb5, 0x11421142, 0x160c160c, 0xf36df36d, 
	0xe696e696, 0x05d605d6, 0x03be03be, 0x07780778, 0x0d780d78, 0xf8bdf8bd, 0xeff3eff3, 0xf4c7f4c7, 
	0x0dfa0dfa, 0x12cd12cd, 0xff49ff49, 0xf362f362, 0xf7e6f7e6, 0xfe95fe95, 0xffcdffcd, 0x11d111d1, 
	0xfee1fee1, 0xfc30fc30, 0x03a803a8, 0xfb70fb70, 0xf976f976, 0xecececec, 0x17a017a0, 0x1a7d1a7d, 
	0xf4f7f4f7, 0xecb8ecb8, 0xf360f360, 0xff8bff8b, 0x09040904, 0x22f422f4, 0x03f803f8, 0xdc72dc72, 
	0xf018f018, 0x0ace0ace, 0x052f052f, 0x0a240a24, 0x10b310b3, 0xf515f515, 0xee75ee75, 0xf5d7f5d7, 
	0x0b590b59, 0x088c088c, 0xfe67fe67, 0x05cc05cc, 0xf983f983, 0xf99cf99c, 0x00130013, 0xf8fdf8fd, 
	0xf759f759, 0x184b184b, 0x1b6c1b6c, 0xee37ee37, 0xe336e336, 0xf119f119, 0x058d058d, 0x23592359, 
	0x14391439, 0xed40ed40, 0xe559e559, 0xf92df92d, 0x0f570f57, 0x051b051b, 0x09120912, 0x0bda0bda, 
	0xf447f447, 0xeb45eb45, 0xfc2ffc2f, 0x10ba10ba, 0x06cf06cf, 0x06440644, 0x009b009b, 0xebfcebfc, 
	0xfce2fce2, 0x129f129f, 0xfa2efa2e, 0xeae8eae8, 0x098c098c, 0x1bef1bef, 0x04430443, 0xe628e628, 
	0xe90be90b, 0x08120812, 0x207f207f, 0x066b066b, 0xf41cf41c, 0xf80ef80e, 0xf70cf70c, 0x00100010, 
	0xfde0fde0, 0x0b2b0b2b, 0x11141114, 0x00bd00bd, 0xec69ec69, 0xe6cfe6cf, 0x0a190a19, 0x1aa01aa0, 
	0xff7cff7c, 0xfd9efd9e, 0x03360336, 0xeb2feb2f, 0xf13ef13e, 0x0c820c82, 0x15961596, 0x0db60db6, 
	0xf5d0f5d0, 0xe24ee24e, 0xfd71fd71, 0x10e710e7, 0x06460646, 0x094c094c, 0xfd26fd26, 0xfa14fa14, 
	0xf6baf6ba, 0xf99af99a, 0x0e6b0e6b, 0x09ef09ef, 0xfea6fea6, 0xfcb4fcb4, 0xfe48fe48, 0xf116f116, 
	0xf40df40d, 0x14811481, 0x0c450c45, 0x04320432, 0xffdeffde, 0xe111e111, 0xf93df93d, 0x0ffc0ffc, 
	0x12b812b8, 0x06450645, 0xfac3fac3, 0xfcfbfcfb, 0xe373e373, 0xfcd9fcd9, 0x11051105, 0x13471347, 
	0x05ea05ea, 0xec0fec0f, 0xf9cbf9cb, 0xfe82fe82, 0xffefffef, 0xfe6afe6a, 0x0a180a18, 0x130f130f, 
	0xfb93fb93, 0xe5dae5da, 0xf927f927, 0x00030003, 0x0c3a0c3a, 0x265f265f, 0xfe63fe63, 0xdaa6daa6, 
	0xebf4ebf4, 0x0a570a57, 0x0d6c0d6c, 0x11721172, 0x02f902f9, 0xf5e9f5e9, 0xe9a1e9a1, 0xf17ef17e, 
	0x1d301d30, 0x08050805, 0x09910991, 0xf75af75a, 0xe40ee40e, 0x033a033a, 0x0bd40bd4, 0x0f740f74, 
	0xf435f435, 0x022e022e, 0x0cbf0cbf, 0xea96ea96, 0xf896f896, 0x0be50be5, 0x07350735, 0x0b400b40, 
	0xfe61fe61, 0xec5eec5e, 0xff8aff8a, 0x012f012f, 0x06e906e9, 0x1b581b58, 0xf432f432, 0xe6d2e6d2, 
	0xf87df87d, 0x04e504e5, 0x12521252, 0xfc82fc82, 0x0de30de3, 0x0a4a0a4a, 0xe8c7e8c7, 0xe2b4e2b4, 
	0x07cd07cd, 0x2ca92ca9, 0x01db01db, 0xef0def0d, 0xef64ef64, 0x00690069, 0x031e031e, 0x07bf07bf, 
	0x05380538, 0xfe4afe4a, 0x12d312d3, 0xda22da22, 0xf5e0f5e0, 0x17bd17bd, 0x05c905c9, 0x0da60da6, 
	0xf3b9f3b9, 0xf5d4f5d4, 0xfa75fa75, 0x055a055a, 0x03bd03bd, 0x01260126, 0x0a200a20, 0x09890989, 
	0xf3daf3da, 0xeb5ceb5c, 0x03f903f9, 0xfc6ffc6f, 0x18001800, 0x192b192b, 0xede8ede8, 0xe835e835, 
	0xe318e318, 0x0bd80bd8, 0x26592659, 0x09860986, 0x027a027a, 0xe46fe46f, 0xde6ade6a, 0x0b070b07, 
	0x1aef1aef, 0x14491449, 0xff45ff45, 0xe6cee6ce, 0xef14ef14, 0x00790079, 0x09880988, 0x1eca1eca, 
	0xfba5fba5, 0xefbcefbc, 0xfbb2fbb2, 0xeabbeabb, 0x0bb70bb7, 0x06a806a8, 0x07830783, 0x13cd13cd, 
	0xf1c9f1c9, 0xe3b0e3b0, 0x010b010b, 0x1a121a12, 0x0a9d0a9d, 0xed36ed36, 0xf1e0f1e0, 0x17751775, 
	0x07f007f0, 0xf8d2f8d2, 0xf33bf33b, 0x0abd0abd, 0x14d214d2, 0xec09ec09, 0xfa10fa10, 0x065b065b, 
	0x07490749, 0xf9fdf9fd, 0xfc69fc69, 0x039e039e, 0x08060806, 0xfeacfeac, 0xeadfeadf, 0x07720772, 
	0x0c910c91, 0x134c134c, 0xef10ef10, 0xdc01dc01, 0x12261226, 0x1b4d1b4d, 0xfda9fda9, 0xf482f482, 
	0x064d064d, 0xf2caf2ca, 0xf4c9f4c9, 0x12cf12cf, 0x10d810d8, 0xfa7cfa7c, 0xef8fef8f, 0xfc8efc8e, 
	0x01cc01cc, 0x09450945, 0x026c026c, 0x01690169, 0x032c032c, 0xf0def0de, 0xfdcbfdcb, 0x053f053f, 
	0x09780978, 0x0d6a0d6a, 0xf756f756, 0xf5b1f5b1, 0xfcb9fcb9, 0x05530553, 0xfafbfafb, 0x037f037f, 
	0x09c609c6, 0x02b002b0, 0x00ce00ce, 0xe07de07d, 0x063b063b, 0x1ae91ae9, 0x01af01af, 0xee9fee9f, 
	0x03390339, 0x161e161e, 0xe3a6e3a6, 0xf872f872, 0x0cee0cee, 0x0c3f0c3f, 0x03720372, 0xf996f996, 
	0xfb21fb21, 0xf16ff16f, 0x07b507b5, 0x0bba0bba, 0x0b540b54, 0x00280028, 0xf38cf38c, 0xf4f3f4f3, 
	0x06150615, 0xfc85fc85, 0x040f040f, 0x22dc22dc, 0xf719f719, 0xe148e148, 0xf763f763, 0x0f2f0f2f, 
	0x04b104b1, 0x05bd05bd, 0x0b6c0b6c, 0xf413f413, 0xec57ec57, 0xfd19fd19, 0x17a017a0, 0x00af00af, 
	0xffe4ffe4, 0x018f018f, 0xeef3eef3, 0xfaa9faa9, 0x0c3d0c3d, 0x10031003, 0xf50df50d, 0xfdfefdfe, 
	0x08b408b4, 0xebd9ebd9, 0xfc5efc5e, 0x122d122d, 0x092e092e, 0x021f021f, 0xfbd5fbd5, 0xfc4efc4e, 
	0xf631f631, 0xfc71fc71, 0x0b460b46, 0x19e919e9, 0xff02ff02, 0xdd5ddd5d, 0xf068f068, 0x0ead0ead, 
	0x1b351b35, 0xf5f5f5f5, 0x0b260b26, 0x0e1e0e1e, 0xe125e125, 0xe723e723, 0x0ed70ed7, 0x2f532f53, 
	0x02200220, 0xf105f105, 0xedb1edb1, 0xfafcfafc, 0x06340634, 0x08f208f2, 0x0af60af6, 0xf79cf79c, 
	0x104d104d, 0xe97ae97a, 0xe947e947, 0x0a020a02, 0x13f713f7, 0x18951895, 0xeb30eb30, 0xebb3ebb3, 
	0xfd58fd58, 0x0b7f0b7f, 0xffb5ffb5, 0xff94ff94, 0x16d316d3, 0x03a803a8, 0xe8e4e8e4, 0xeeabeeab, 
	0x0e740e74, 0x07f407f4, 0x0c020c02, 0x0ab60ab6, 0xeb29eb29, 0x00520052, 0xfa2dfa2d, 0xf994f994, 
	0x192b192b, 0x0d020d02, 0xfe4bfe4b, 0xe9a0e9a0, 0xf0f2f0f2, 0x00c600c6, 0x17231723, 0x178b178b, 
	0xf5e2f5e2, 0xef27ef27, 0xf21ff21f, 0x09310931, 0xfd6ffd6f, 0x17981798, 0x0d6c0d6c, 0xe173e173, 
	0xf43df43d, 0xfd81fd81, 0x1b6f1b6f, 0xf7e3f7e3, 0x01be01be, 0x16371637, 0xe0ade0ad, 0xe7aee7ae, 
	0x11a111a1, 0x1a771a77, 0xf9a6f9a6, 0x076b076b, 0xfc4ffc4f, 0xf0abf0ab, 0xfda9fda9, 0x042e042e, 
	0x1ac21ac2, 0x01730173, 0xf88ff88f, 0xe698e698, 0xf261f261, 0x1ddd1ddd, 0x03550355, 0x0d8c0d8c, 
	0x0cba0cba, 0xe617e617, 0xeb4feb4f, 0x01480148, 0x1a391a39, 0x15981598, 0x09870987, 0xf342f342, 
	0xe518e518, 0xee1fee1f, 0x0f1a0f1a, 0x228a228a, 0x00b900b9, 0x0b2b0b2b, 0xe9c4e9c4, 0xdff3dff3, 
	0x046f046f, 0x13351335, 0x21dd21dd, 0xf1daf1da, 0xfd3bfd3b, 0xfbcbfbcb, 0xe86ae86a, 0xfb8dfb8d, 
	0x169e169e, 0x21cd21cd, 0xfbccfbcc, 0xf5bbf5bb, 0xee94ee94, 0xf32ef32e, 0xef56ef56, 0x22ce22ce, 
	0x3b903b90, 0xe60ee60e, 0xd974d974, 0xea9dea9d, 0x03ac03ac, 0x0e0f0e0f, 0x14cf14cf, 0x1a591a59, 
	0xe729e729, 0xd7bed7be, 0xf690f690, 0x172a172a, 0x187d187d, 0x00dc00dc, 0xfa18fa18, 0xfe4ffe4f, 
	0xfb96fb96, 0xef46ef46, 0xfd90fd90, 0x126f126f, 0x1b9a1b9a, 0x10201020, 0xe185e185, 0xeb75eb75, 
	0x01140114, 0x071c071c, 0x15971597, 0x0d9e0d9e, 0x03420342, 0xe41ce41c, 0xe588e588, 0x052c052c, 
	0x28e428e4, 0x1fda1fda, 0xe397e397, 0xe0e6e0e6, 0x06030603, 0x07a207a2, 0xf4aef4ae, 0x0c5a0c5a, 
	0x114b114b, 0xf965f965, 0xf09cf09c, 0xf833f833, 0x01af01af, 0x045f045f, 0x0d400d40, 0x0a940a94, 
	0xfb10fb10, 0xea5dea5d, 0xfdbafdba, 0x0be20be2, 0x091f091f, 0x0a430a43, 0x0f880f88, 0xf605f605, 
	0xe22ce22c, 0x09ad09ad, 0x0e560e56, 0x0e760e76, 0x04610461, 0xfc4efc4e, 0xfb9dfb9d, 0xf988f988, 
	0x05f905f9, 0xf879f879, 0x0b7d0b7d, 0x15341534, 0x03770377, 0xe735e735, 0xe53fe53f, 0x02c702c7, 
	0x10f110f1, 0x136a136a, 0xfaf4faf4, 0xfa37fa37, 0xf3aaf3aa, 0xf44ef44e, 0x07d907d9, 0x0b500b50, 
	0x1d0b1d0b, 0x04c204c2, 0xe775e775, 0xf5ecf5ec, 0x065d065d, 0x0c1b0c1b, 0x005e005e, 0x07cd07cd, 
	0x086e086e, 0xef8eef8e, 0xeef0eef0, 0x043b043b, 0x11e011e0, 0x0f390f39, 0x0fc00fc0, 0xf428f428, 
	0xe52fe52f, 0xf6b8f6b8, 0x0eaa0eaa, 0x17f817f8, 0xfa9afa9a, 0xfc7efc7e, 0xec95ec95, 0xe8bce8bc, 
	0x0ed20ed2, 0x15dd15dd, 0x09930993, 0xfbbffbbf, 0xf760f760, 0xeeb8eeb8, 0xfe63fe63, 0x11291129, 
	0x11fb11fb, 0xfda1fda1, 0xf184f184, 0xf2fef2fe, 0xf2e5f2e5, 0x089c089c, 0x03530353, 0x07cb07cb, 
	0x0b7e0b7e, 0xf55ef55e, 0xe845e845, 0xf442f442, 0x0a1f0a1f, 0x0e680e68, 0x0aa80aa8, 0x031b031b, 
	0xfe83fe83, 0xe4f5e4f5, 0xf5a0f5a0, 0x18991899, 0x0e010e01, 0xfbe2fbe2, 0xf7f9f7f9, 0x01530153, 
	0xf02bf02b, 0xfa74fa74, 0x102f102f, 0x01c501c5, 0xf898f898, 0xf80cf80c, 0xf812f812, 0xfd10fd10, 
	0x084c084c, 0xff0eff0e, 0xf8dff8df, 0xff9eff9e, 0xfe09fe09, 0xfc87fc87, 0xf71ef71e, 0x02a702a7, 
	0x110d110d, 0x06300630, 0xefa2efa2, 0xee60ee60, 0x0ffd0ffd, 0x0bd10bd1, 0xfc02fc02, 0x040e040e, 
	0xf9ebf9eb, 0xf5b4f5b4, 0xfd59fd59, 0x0e590e59, 0x0b0e0b0e, 0x008c008c, 0xfbd5fbd5, 0xf23bf23b, 
	0xf59ef59e, 0x01b001b0, 0x0f870f87, 0x04e504e5, 0xf99ef99e, 0xf536f536, 0xff2dff2d, 0xfd3ffd3f, 
	0xf0bef0be, 0x08280828, 0x14021402, 0x0e260e26, 0xfa81fa81, 0xf0aaf0aa, 0x00d400d4, 0x12cd12cd, 
	0x18391839, 0x0cd70cd7, 0xf54ff54f, 0xf378f378, 0x06710671, 0x00c700c7, 0x02bb02bb, 0x03ad03ad, 
	0xfe19fe19, 0xf2d5f2d5, 0xf0c1f0c1, 0x0a470a47, 0x0d1e0d1e, 0xfd39fd39, 0xee94ee94, 0xf47cf47c, 
	0x0aad0aad, 0x16331633, 0x00330033, 0xf244f244, 0xfc53fc53, 0xfdb8fdb8, 0x066d066d, 0x00150015, 
	0x06170617, 0x10551055, 0x0b720b72, 0x12a012a0, 0x0b540b54, 0x0dcc0dcc, 0x125f125f, 0x05050505, 
	0x07460746, 0x11321132, 0x0a070a07, 0xfc58fc58, 0x023a023a, 0x04700470, 0xfab4fab4, 0xfd66fd66, 
	0x07990799, 0xf985f985, 0xe8b5e8b5, 0x05bf05bf, 0x06ab06ab, 0xf345f345, 0xfd4cfd4c, 0xfe2bfe2b, 
	0xfdc8fdc8, 0xfb00fb00, 0xfe5cfe5c, 0xf83bf83b, 0xf64cf64c, 0x05760576, 0xfcd4fcd4, 0xf58df58d, 
	0x00ef00ef, 0x03f303f3, 0xf6b5f6b5, 0xfc3ffc3f, 0x04c704c7, 0x03740374, 0x01280128, 0xfce0fce0, 
	0x03600360, 0xfcf7fcf7, 0xfceafcea, 0x09a609a6, 0x058d058d, 0xfc94fc94, 0x060b060b, 0x1b251b25, 
	0x1aa71aa7, 0x0b260b26, 0x0e880e88, 0x14f414f4, 0x0de80de8, 0x10671067, 0x14361436, 0x13691369, 
	0x09c309c3, 0xf61df61d, 0xf0bef0be, 0xfee5fee5, 0x09560956, 0xfe18fe18, 0xf577f577, 0xf906f906, 
	0xf967f967, 0xf1daf1da, 0xf4eff4ef, 0x02a502a5, 0x04800480, 0xfe24fe24, 0xf6b0f6b0, 0xf950f950, 
	0xf84ff84f, 0xf509f509, 0xff8eff8e, 0x043a043a, 0x01c101c1, 0xf8dbf8db, 0xf1fdf1fd, 0xf863f863, 
	0x00960096, 0x006e006e, 0xffa2ffa2, 0x07780778, 0xfdb4fdb4, 0xee84ee84, 0xfe61fe61, 0x103d103d, 
	0x06360636, 0xff96ff96, 0x0d050d05, 0x0eda0eda, 0x0f680f68, 0x1fd41fd4, 0x2eb72eb7, 0x324a324a, 
	0x2e202e20, 0x25b625b6, 0x1a3d1a3d, 0x1b011b01, 0x22142214, 0x20cd20cd, 0x17281728, 0x05180518, 
	0xf3b6f3b6, 0xeef3eef3, 0xf352f352, 0xfa59fa59, 0xffe0ffe0, 0xf7b8f7b8, 0xea81ea81, 0xe6bce6bc, 
	0xee34ee34, 0xfb5afb5a, 0x07340734, 0x02410241, 0xeeb3eeb3, 0xf11cf11c, 0xfc94fc94, 0xf73bf73b, 
	0xf457f457, 0x01df01df, 0x0a810a81, 0xfc9dfc9d, 0xf1c4f1c4, 0xf91ff91f, 0x01170117, 0xff78ff78, 
	0x008c008c, 0x03410341, 0xfdf2fdf2, 0xfa24fa24, 0xfb3bfb3b, 0x02ca02ca, 0x07a807a8, 0x07710771, 
	0x0b800b80, 0x14ec14ec, 0x28092809, 0x30ca30ca, 0x32c132c1, 0x3a643a64, 0x39bd39bd, 0x37733773, 
	0x36f636f6, 0x383e383e, 0x34013401, 0x1f971f97, 0x0c260c26, 0x08e508e5, 0x00970097, 0xf2dff2df, 
	0xeef9eef9, 0xed84ed84, 0xeca9eca9, 0xe308e308, 0xdb99db99, 0xdf47df47, 0xe335e335, 0xe681e681, 
	0xe7dfe7df, 0xea6dea6d, 0xed6fed6f, 0xe639e639, 0xe5fce5fc, 0xf2e1f2e1, 0xf30df30d, 0xfa50fa50, 
	0x00e300e3, 0xfd03fd03, 0xfa40fa40, 0xf361f361, 0xfbe4fbe4, 0x06e806e8, 0x06340634, 0x00c300c3, 
	0xfebdfebd, 0xfb32fb32, 0xfa63fa63, 0x02e702e7, 0x0a3f0a3f, 0x10f310f3, 0x18fe18fe, 0x2bec2bec, 
	0x30163016, 0x34163416, 0x3fff3fff, 0x3b273b27, 0x3fff3fff, 0x3f5e3f5e, 0x30453045, 0x2e012e01, 
	0x25b625b6, 0x0fff0fff, 0x00cc00cc, 0xfd41fd41, 0xf422f422, 0xe51ae51a, 0xdbf1dbf1, 0xdfe2dfe2, 
	0xe6b4e6b4, 0xe3c2e3c2, 0xdc01dc01, 0xd642d642, 0xe260e260, 0xe9c2e9c2, 0xe5b9e5b9, 0xecc6ecc6, 
	0xec47ec47, 0xec4cec4c, 0xed16ed16, 0xefbbefbb, 0xfbcafbca, 0x00d600d6, 0xfff0fff0, 0xfa89fa89, 
	0xf985f985, 0xff11ff11, 0x036f036f, 0x00200020, 0x019b019b, 0x05780578, 0x02c302c3, 0x00f600f6, 
	0xfd08fd08, 0x04e704e7, 0x0e890e89, 0x1a2b1a2b, 0x2fb02fb0, 0x3b303b30, 0x3a683a68, 0x3a493a49, 
	0x3be03be0, 0x3c983c98, 0x3fff3fff, 0x38ea38ea, 0x2a262a26, 0x18f218f2, 0x08930893, 0xfa59fa59, 
	0xee25ee25, 0xe8e1e8e1, 0xe572e572, 0xe579e579, 0xddd4ddd4, 0xda09da09, 0xe058e058, 0xe4a3e4a3, 
	0xe709e709, 0xec9fec9f, 0xf26ef26e, 0xec8bec8b, 0xea33ea33, 0xec82ec82, 0xef9aef9a, 0xf19bf19b, 
	0xf310f310, 0xfa79fa79, 0xfcf9fcf9, 0xfca6fca6, 0xfeb7feb7, 0x01d701d7, 0x01230123, 0x014f014f, 
	0x054a054a, 0x05840584, 0x05890589, 0x02590259, 0x019c019c, 0x07f807f8, 0x08b708b7, 0x0e310e31, 
	0x1be31be3, 0x2a262a26, 0x39933993, 0x3fff3fff, 0x3e163e16, 0x37d237d2, 0x3b6a3b6a, 0x38dd38dd, 
	0x2af52af5, 0x1eeb1eeb, 0x14f314f3, 0xff9dff9d, 0xe7a2e7a2, 0xe395e395, 0xde49de49, 0xd8f3d8f3, 
	0xda76da76, 0xdc99dc99, 0xdc15dc15, 0xda78da78, 0xe211e211, 0xea8aea8a, 0xef67ef67, 0xef66ef66, 
	0xf308f308, 0xf432f432, 0xf11cf11c, 0xef39ef39, 0xf4ebf4eb, 0xfecffecf, 0xffdbffdb, 0x04a804a8, 
	0x03940394, 0x01d101d1, 0x05ff05ff, 0x0b230b23, 0x0f280f28, 0x0d840d84, 0x0abc0abc, 0x08c508c5, 
	0x069b069b, 0x01200120, 0x09710971, 0x0e930e93, 0x0c710c71, 0x1a631a63, 0x2d2d2d2d, 0x39b639b6, 
	0x3ce53ce5, 0x3f353f35, 0x3d9a3d9a, 0x360f360f, 0x2e5e2e5e, 0x241a241a, 0x16201620, 0x050d050d, 
	0xf339f339, 0xdfa2dfa2, 0xd2b8d2b8, 0xd175d175, 0xd340d340, 0xd761d761, 0xdaaddaad, 0xdd28dd28, 
	0xe08ce08c, 0xe70ae70a, 0xefd6efd6, 0xf1b6f1b6, 0xf7c4f7c4, 0xfabdfabd, 0xf72ef72e, 0xf5a6f5a6, 
	0xf30ff30f, 0xf591f591, 0xfc1bfc1b, 0x00eb00eb, 0x03cb03cb, 0x0bde0bde, 0x0aa20aa2, 0x08550855, 
	0x0cf90cf9, 0x0c710c71, 0x0f820f82, 0x10451045, 0x0d890d89, 0x09830983, 0x069f069f, 0x045e045e, 
	0x06ed06ed, 0x10141014, 0x1ec41ec4, 0x30a630a6, 0x38403840, 0x3a503a50, 0x3b8f3b8f, 0x3c443c44, 
	0x355b355b, 0x2b102b10, 0x1e631e63, 0x0a2b0a2b, 0xf9d1f9d1, 0xe99de99d, 0xd82bd82b, 0xce02ce02, 
	0xcb79cb79, 0xcd66cd66, 0xd572d572, 0xdcd0dcd0, 0xe38fe38f, 0xebcbebcb, 0xeea7eea7, 0xf35ff35f, 
	0xf93df93d, 0xfcbdfcbd, 0xfe25fe25, 0xf992f992, 0xf4e1f4e1, 0xf292f292, 0xf12ef12e, 0xf573f573, 
	0xfdcafdca, 0x06420642, 0x0c290c29, 0x0ca20ca2, 0x0bbf0bbf, 0x0d160d16, 0x0db10db1, 0x0d9f0d9f, 
	0x0fa30fa3, 0x11f511f5, 0x0d990d99, 0x03760376, 0x01dd01dd, 0x07490749, 0x0b980b98, 0x12571257, 
	0x20242024, 0x32273227, 0x3bea3bea, 0x3c5a3c5a, 0x3a153a15, 0x34b934b9, 0x2c422c42, 0x20272027, 
	0x0edc0edc, 0xffbeffbe, 0xf186f186, 0xdcf9dcf9, 0xcc69cc69, 0xc7edc7ed, 0xcc92cc92, 0xd41dd41d, 
	0xdbc8dbc8, 0xe4e2e4e2, 0xeed2eed2, 0xf623f623, 0xf95ef95e, 0xfca9fca9, 0x00d200d2, 0x019a019a, 
	0xfd45fd45, 0xf92bf92b, 0xf707f707, 0xf329f329, 0xf0bbf0bb, 0xf6e1f6e1, 0x01e501e5, 0x09080908, 
	0x0d830d83, 0x0fb00fb0, 0x10381038, 0x12031203, 0x11f611f6, 0x102d102d, 0x0f500f50, 0x0c970c97, 
	0x063f063f, 0x011c011c, 0x025a025a, 0x06640664, 0x08270827, 0x0ec80ec8, 0x1f241f24, 0x2fb12fb1, 
	0x38fe38fe, 0x3d2c3d2c, 0x3c6d3c6d, 0x343b343b, 0x28f428f4, 0x1b4e1b4e, 0x07640764, 0xf5dcf5dc, 
	0xe9ace9ac, 0xdaeddaed, 0xcd6ccd6c, 0xc7c2c7c2, 0xcd47cd47, 0xd9ebd9eb, 0xe2c8e2c8, 0xeb93eb93, 
	0xf61df61d, 0xf951f951, 0xfaf7faf7, 0x00330033, 0x017a017a, 0xfde7fde7, 0xf96af96a, 0xf62ff62f, 
	0xf377f377, 0xf219f219, 0xf5b2f5b2, 0xfc49fc49, 0x03cf03cf, 0x0bad0bad, 0x12331233, 0x16ab16ab, 
	0x17831783, 0x16221622, 0x11ec11ec, 0x0a640a64, 0x08230823, 0x07190719, 0xffbeffbe, 0xfccbfccb, 
	0xff84ff84, 0x02600260, 0x070d070d, 0x0d1a0d1a, 0x19fa19fa, 0x2c042c04, 0x36783678, 0x397a397a, 
	0x38393839, 0x31393139, 0x24fd24fd, 0x12a312a3, 0xffacffac, 0xf34df34d, 0xea8bea8b, 0xe016e016, 
	0xd4ddd4dd, 0xcfd9cfd9, 0xd335d335, 0xdaeddaed, 0xe6b8e6b8, 0xf551f551, 0x00cc00cc, 0x043d043d, 
	0x02580258, 0x02650265, 0x00ec00ec, 0xfae0fae0, 0xf88df88d, 0xf730f730, 0xf08bf08b, 0xed7ced7c, 
	0xf1ddf1dd, 0xf799f799, 0xfe95fe95, 0x079b079b, 0x0ef10ef1, 0x13291329, 0x15001500, 0x142e142e, 
	0x107d107d, 0x0b250b25, 0x06530653, 0x02510251, 0xfe26fe26, 0xfd3afd3a, 0x011a011a, 0x03db03db, 
	0x05230523, 0x0aff0aff, 0x179b179b, 0x28c928c9, 0x37773777, 0x3d653d65, 0x3bce3bce, 0x33d333d3, 
	0x23862386, 0x0ea80ea8, 0xfdc9fdc9, 0xf375f375, 0xebe7ebe7, 0xe367e367, 0xd904d904, 0xd25bd25b, 
	0xd4d5d4d5, 0xddafddaf, 0xe961e961, 0xf6d1f6d1, 0x03690369, 0x09c209c2, 0x06120612, 0xfeb4feb4, 
	0xfb69fb69, 0xf99bf99b, 0xf62ff62f, 0xf263f263, 0xf03af03a, 0xf092f092, 0xf222f222, 0xf6d3f6d3, 
	0xff3bff3b, 0x07bd07bd, 0x0e750e75, 0x11d511d5, 0x137a137a, 0x15361536, 0x12721272, 0x0a060a06, 
	0x01920192, 0xfd45fd45, 0xfbf5fbf5, 0xfb6dfb6d, 0xff81ff81, 0x06750675, 0x07f707f7, 0x086c086c, 
	0x0f2a0f2a, 0x1b3b1b3b, 0x2a1a2a1a, 0x35c135c1, 0x39513951, 0x33ae33ae, 0x26352635, 0x17351735, 
	0x08780878, 0xfa47fa47, 0xf1b2f1b2, 0xec63ec63, 0xe4e4e4e4, 0xddd4ddd4, 0xdc3cdc3c, 0xdff8dff8, 
	0xe691e691, 0xf22ff22f, 0x00020002, 0x07910791, 0x0a0c0a0c, 0x086d086d, 0x01a801a8, 0xfb29fb29, 
	0xf50ff50f, 0xef9eef9e, 0xef19ef19, 0xf0abf0ab, 0xf2aaf2aa, 0xf63ff63f, 0xfa59fa59, 0x00a500a5, 
	0x07680768, 0x0b890b89, 0x0f1b0f1b, 0x11551155, 0x10411041, 0x0c810c81, 0x06b306b3, 0xfff7fff7, 
	0xfa8bfa8b, 0xf8fcf8fc, 0xfb72fb72, 0x00b500b5, 0x078c078c, 0x0bd30bd3, 0x0f020f02, 0x195e195e, 
	0x27322732, 0x30683068, 0x35ee35ee, 0x36ec36ec, 0x30ff30ff, 0x227b227b, 0x0cd50cd5, 0xfb65fb65, 
	0xf30ef30e, 0xebfbebfb, 0xe543e543, 0xe1dfe1df, 0xe07ce07c, 0xe2a9e2a9, 0xe778e778, 0xed28ed28, 
	0xf788f788, 0x031b031b, 0x08330833, 0x08cd08cd, 0x074e074e, 0x01a801a8, 0xf931f931, 0xf146f146, 
	0xec68ec68, 0xecd0ecd0, 0xf1fef1fe, 0xf8c2f8c2, 0xfe40fe40, 0x01750175, 0x04b904b9, 0x092d092d, 
	0x0aef0aef, 0x0ab40ab4, 0x0cb90cb9, 0x0ce30ce3, 0x083f083f, 0x031c031c, 0xff96ff96, 0xfd54fd54, 
	0xfbeffbef, 0xfde8fde8, 0x04a304a3, 0x0a130a13, 0x0c750c75, 0x0ffb0ffb, 0x14861486, 0x1bae1bae, 
	0x263c263c, 0x2d6b2d6b, 0x2f5a2f5a, 0x2de82de8, 0x26242624, 0x17d717d7, 0x08440844, 0xfc66fc66, 
	0xf3cef3ce, 0xeb2feb2f, 0xe49ae49a, 0xe31ee31e, 0xe416e416, 0xe501e501, 0xe7a4e7a4, 0xedb0edb0, 
	0xf552f552, 0xfc49fc49, 0x013d013d, 0x03120312, 0x02a602a6, 0xfea3fea3, 0xf66bf66b, 0xf17ef17e, 
	0xf24cf24c, 0xf382f382, 0xf633f633, 0xfb6efb6e, 0x002a002a, 0x03ff03ff, 0x06370637, 0x06b306b3, 
	0x08050805, 0x09350935, 0x08810881, 0x07ce07ce, 0x067d067d, 0x04bf04bf, 0x04790479, 0x03440344, 
	0x014f014f, 0x02ae02ae, 0x065f065f, 0x09b209b2, 0x0dde0dde, 0x13321332, 0x1aa21aa2, 0x23f223f2, 
	0x2a552a55, 0x2de42de4, 0x30463046, 0x2c982c98, 0x21292129, 0x128a128a, 0x03f203f2, 0xf6d1f6d1, 
	0xeb89eb89, 0xe3aae3aa, 0xe111e111, 0xe20fe20f, 0xe4ace4ac, 0xe77ae77a, 0xeb52eb52, 0xf22bf22b, 
	0xf948f948, 0xfe4afe4a, 0x01380138, 0x01860186, 0x007f007f, 0xfc9bfc9b, 0xf4fff4ff, 0xf166f166, 
	0xf3a1f3a1, 0xf5abf5ab, 0xf745f745, 0xfa9dfa9d, 0xfff3fff3, 0x04a004a0, 0x05cd05cd, 0x06550655, 
	0x07370737, 0x06120612, 0x044e044e, 0x036c036c, 0x039c039c, 0x04d204d2, 0x04ec04ec, 0x03c603c6, 
	0x03420342, 0x04160416, 0x065b065b, 0x08e408e4, 0x0b190b19, 0x0e1a0e1a, 0x14f514f5, 0x1f8b1f8b, 
	0x27f827f8, 0x2e012e01, 0x32d632d6, 0x30cb30cb, 0x26022602, 0x17041704, 0x08700870, 0xfc3afc3a, 
	0xf059f059, 0xe5bfe5bf, 0xe120e120, 0xe127e127, 0xe317e317, 0xe6b3e6b3, 0xebbbebbb, 0xf2d0f2d0, 
	0xf922f922, 0xfc99fc99, 0x001a001a, 0x035e035e, 0x03eb03eb, 0x010a010a, 0xfa2bfa2b, 0xf3d8f3d8, 
	0xf298f298, 0xf309f309, 0xf52cf52c, 0xfbeffbef, 0x02e002e0, 0x06310631, 0x064d064d, 0x04760476, 
	0x03f603f6, 0x050d050d, 0x05200520, 0x04430443, 0x045c045c, 0x050a050a, 0x035b035b, 0x00da00da, 
	0x01e701e7, 0x03fd03fd, 0x04540454, 0x06070607, 0x08890889, 0x0bed0bed, 0x13991399, 0x1d701d70, 
	0x25d425d4, 0x2b612b61, 0x2ee32ee3, 0x2ebe2ebe, 0x25e525e5, 0x17f817f8, 0x0ae80ae8, 0xfd03fd03, 
	0xf081f081, 0xe8dce8dc, 0xe4ede4ed, 0xe61ae61a, 0xea03ea03, 0xebf6ebf6, 0xee7fee7f, 0xf32df32d, 
	0xf761f761, 0xfb11fb11, 0xff1fff1f, 0x021c021c, 0x01a901a9, 0xfd76fd76, 0xf8d5f8d5, 0xf5e6f5e6, 
	0xf466f466, 0xf554f554, 0xf88cf88c, 0xfcccfccc, 0x01bc01bc, 0x043e043e, 0x02cc02cc, 0x01650165, 
	0x00f500f5, 0xff58ff58, 0xfddffddf, 0xfeebfeeb, 0x01610161, 0x02570257, 0x02730273, 0x03740374, 
	0x045b045b, 0x05b505b5, 0x073b073b, 0x077f077f, 0x089c089c, 0x09d309d3, 0x0a8b0a8b, 0x10791079, 
	0x1b051b05, 0x23d023d0, 0x29f329f3, 0x2db22db2, 0x2dd12dd1, 0x26d826d8, 0x191b191b, 0x0bc10bc1, 
	0xffe1ffe1, 0xf505f505, 0xee4aee4a, 0xeb23eb23, 0xea68ea68, 0xeb6feb6f, 0xec98ec98, 0xee8eee8e, 
	0xf218f218, 0xf57df57d, 0xf7f4f7f4, 0xf9def9de, 0xfb53fb53, 0xfc25fc25, 0xfc1cfc1c, 0xfa82fa82, 
	0xf897f897, 0xf949f949, 0xfa67fa67, 0xfa75fa75, 0xfc7cfc7c, 0xff33ff33, 0xffd4ffd4, 0xff4dff4d, 
	0xfe15fe15, 0xfcccfccc, 0xfc68fc68, 0xfc8ffc8f, 0xfdb8fdb8, 0x00170017, 0x03670367, 0x066d066d, 
	0x07e107e1, 0x09c209c2, 0x0c7f0c7f, 0x0cda0cda, 0x0b5f0b5f, 0x0ae30ae3, 0x0abd0abd, 0x0bfb0bfb, 
	0x12251225, 0x1b201b20, 0x22912291, 0x28e028e0, 0x2ce52ce5, 0x2b0e2b0e, 0x22922292, 0x15c015c0, 
	0x096b096b, 0xfeb3feb3, 0xf4ecf4ec, 0xeea1eea1, 0xebc7ebc7, 0xeb5eeb5e, 0xecc4ecc4, 0xed4fed4f, 
	0xee4dee4d, 0xf181f181, 0xf40bf40b, 0xf53cf53c, 0xf679f679, 0xf84af84a, 0xfa82fa82, 0xfb51fb51, 
	0xfae2fae2, 0xfb03fb03, 0xfb0efb0e, 0xfaa1faa1, 0xfa04fa04, 0xf984f984, 0xfa8bfa8b, 0xfc24fc24, 
	0xfc4dfc4d, 0xfc2dfc2d, 0xfd30fd30, 0xfdf9fdf9, 0xfdadfdad, 0xfe37fe37, 0x01120112, 0x04c204c2, 
	0x07c807c8, 0x0a640a64, 0x0c950c95, 0x0d760d76, 0x0c450c45, 0x0aa20aa2, 0x0a4b0a4b, 0x0aed0aed, 
	0x0d700d70, 0x14041404, 0x1d101d10, 0x24b124b1, 0x2a352a35, 0x2cdd2cdd, 0x2a0d2a0d, 0x21322132, 
	0x15181518, 0x090d090d, 0xfe36fe36, 0xf55df55d, 0xf020f020, 0xee68ee68, 0xeec0eec0, 0xefb8efb8, 
	0xefd3efd3, 0xf0b4f0b4, 0xf325f325, 0xf44cf44c, 0xf487f487, 0xf5aff5af, 0xf716f716, 0xf896f896, 
	0xfa11fa11, 0xfad5fad5, 0xfb6ffb6f, 0xfb9dfb9d, 0xfaa3faa3, 0xf8cdf8cd, 0xf776f776, 0xf7a6f7a6, 
	0xf848f848, 0xf8dff8df, 0xfa49fa49, 0xfc06fc06, 0xfc69fc69, 0xfc92fc92, 0xfe94fe94, 0x015b015b, 
	0x03c903c9, 0x067a067a, 0x09540954, 0x0b7e0b7e, 0x0c330c33, 0x0b730b73, 0x0b080b08, 0x0acd0acd, 
	0x09fd09fd, 0x0a9c0a9c, 0x0da90da9, 0x13411341, 0x1a321a32, 0x1fa21fa2, 0x23f023f0, 0x264b264b, 
	0x22e622e6, 0x1b101b10, 0x125e125e, 0x098c098c, 0x00b300b3, 0xf987f987, 0xf6b7f6b7, 0xf699f699, 
	0xf5edf5ed, 0xf601f601, 0xf6d0f6d0, 0xf656f656, 0xf528f528, 0xf44ef44e, 0xf443f443, 0xf54cf54c, 
	0xf809f809, 0xfb6efb6e, 0xfcfdfcfd, 0xfddffddf, 0xfe82fe82, 0xfc98fc98, 0xf923f923, 0xf6a7f6a7, 
	0xf5cdf5cd, 0xf5a5f5a5, 0xf57af57a, 0xf6dcf6dc, 0xf903f903, 0xfa16fa16, 0xfb87fb87, 0xfd4dfd4d, 
	0xff08ff08, 0x01c701c7, 0x041b041b, 0x05990599, 0x07d807d8, 0x097e097e, 0x0a1f0a1f, 0x0ad60ad6, 
	0x0b450b45, 0x0b170b17, 0x09f709f7, 0x09680968, 0x0ab20ab2, 0x0dbb0dbb, 0x12d612d6, 0x18fb18fb, 
	0x1e3a1e3a, 0x21982198, 0x21fa21fa, 0x1d9b1d9b, 0x16051605, 0x0e4d0e4d, 0x06b206b2, 0xffdcffdc, 
	0xfc27fc27, 0xfaf9faf9, 0xfa32fa32, 0xf9bef9be, 0xf92cf92c, 0xf802f802, 0xf5d5f5d5, 0xf397f397, 
	0xf41bf41b, 0xf6f9f6f9, 0xfa29fa29, 0xfd17fd17, 0xff03ff03, 0xff60ff60, 0xfd60fd60, 0xf90bf90b, 
	0xf518f518, 0xf380f380, 0xf374f374, 0xf3ddf3dd, 0xf511f511, 0xf76ff76f, 0xfa11fa11, 0xfb72fb72, 
	0xfbd6fbd6, 0xfcf7fcf7, 0xfeb5feb5, 0xffbbffbb, 0x004b004b, 0x02040204, 0x04dd04dd, 0x079d079d, 
	0x095f095f, 0x0a630a63, 0x0b370b37, 0x0aad0aad, 0x092d092d, 0x08010801, 0x06fa06fa, 0x07730773, 
	0x0af40af4, 0x100d100d, 0x14fd14fd, 0x19e819e8, 0x1e311e31, 0x1ef11ef1, 0x1b7a1b7a, 0x16951695, 
	0x11451145, 0x0b090b09, 0x057e057e, 0x02880288, 0x00fc00fc, 0xff0dff0d, 0xfd08fd08, 0xfb25fb25, 
	0xf8e4f8e4, 0xf6c5f6c5, 0xf5a0f5a0, 0xf5d0f5d0, 0xf7baf7ba, 0xfaa7faa7, 0xfda1fda1, 0xffbfffbf, 
	0xffc1ffc1, 0xfe0afe0a, 0xfb11fb11, 0xf74df74d, 0xf464f464, 0xf300f300, 0xf354f354, 0xf500f500, 
	0xf71cf71c, 0xf972f972, 0xfa94fa94, 0xfa8cfa8c, 0xfacafaca, 0xfb0dfb0d, 0xfbfcfbfc, 0xfe5afe5a, 
	0x02040204, 0x06400640, 0x094d094d, 0x0b0d0b0d, 0x0bec0bec, 0x0ad60ad6, 0x08530853, 0x05d205d2, 
	0x047f047f, 0x047e047e, 0x05050505, 0x08890889, 0x0e990e99, 0x13bd13bd, 0x18731873, 0x1c8b1c8b, 
	0x1dfc1dfc, 0x1bfc1bfc, 0x172b172b, 0x11921192, 0x0c520c52, 0x070a070a, 0x037e037e, 0x02280228, 
	0x00dc00dc, 0xff69ff69, 0xfdb3fdb3, 0xfbdffbdf, 0xfa24fa24, 0xf8a2f8a2, 0xf8fef8fe, 0xfacafaca, 
	0xfc64fc64, 0xfdc5fdc5, 0xfe82fe82, 0xfd6efd6e, 0xfa67fa67, 0xf72af72a, 0xf4f4f4f4, 0xf36bf36b, 
	0xf34af34a, 0xf49cf49c, 0xf627f627, 0xf80df80d, 0xf9b3f9b3, 0xfa48fa48, 0xfa7afa7a, 0xfae6fae6, 
	0xfc0bfc0b, 0xfd91fd91, 0xff8eff8e, 0x02870287, 0x05230523, 0x06d906d9, 0x07f407f4, 0x07ce07ce, 
	0x06be06be, 0x05bd05bd, 0x04d404d4, 0x04370437, 0x04b404b4, 0x06700670, 0x08f608f6, 0x0c970c97, 
	0x11151115, 0x14d914d9, 0x17f017f0, 0x1a181a18, 0x1a1b1a1b, 0x183b183b, 0x15381538, 0x11ae11ae, 
	0x0d7a0d7a, 0x08fb08fb, 0x055a055a, 0x02b702b7, 0x007c007c, 0xfe74fe74, 0xfcd2fcd2, 0xfbe4fbe4, 
	0xfb43fb43, 0xfa41fa41, 0xf9f7f9f7, 0xfafcfafc, 0xfbe4fbe4, 0xfc37fc37, 0xfc2dfc2d, 0xfb8bfb8b, 
	0xfa35fa35, 0xf815f815, 0xf667f667, 0xf5fef5fe, 0xf5f8f5f8, 0xf637f637, 0xf6d1f6d1, 0xf80cf80c, 
	0xf989f989, 0xfa21fa21, 0xfad4fad4, 0xfc75fc75, 0xfd9afd9a, 0xfe50fe50, 0xffc3ffc3, 0x01870187, 
	0x03260326, 0x047d047d, 0x055c055c, 0x05ea05ea, 0x05bf05bf, 0x04b304b3, 0x040f040f, 0x03ec03ec, 
	0x04170417, 0x053e053e, 0x07180718, 0x0aba0aba, 0x0f570f57, 0x12e812e8, 0x169a169a, 0x19ea19ea, 
	0x1af51af5, 0x19a519a5, 0x16a516a5, 0x130c130c, 0x0ee10ee1, 0x0a010a01, 0x06590659, 0x04230423, 
	0x02200220, 0x00530053, 0xfeb6feb6, 0xfdb2fdb2, 0xfcaefcae, 0xfb6cfb6c, 0xfb48fb48, 0xfbbefbbe, 
	0xfbedfbed, 0xfc3cfc3c, 0xfc74fc74, 0xfbc3fbc3, 0xfa33fa33, 0xf879f879, 0xf72cf72c, 0xf629f629, 
	0xf567f567, 0xf59af59a, 0xf64ef64e, 0xf767f767, 0xf8f3f8f3, 0xfa04fa04, 0xfb0ffb0f, 0xfc5ffc5f, 
	0xfd76fd76, 0xfe3cfe3c, 0xfef2fef2, 0xfff5fff5, 0x00e500e5, 0x018a018a, 0x02320232, 0x03090309, 
	0x03f603f6, 0x048a048a, 0x04910491, 0x04980498, 0x04760476, 0x044d044d, 0x051a051a, 0x06f406f4, 
	0x0a720a72, 0x0eff0eff, 0x134d134d, 0x173e173e, 0x19d819d8, 0x1a441a44, 0x18b618b6, 0x15eb15eb, 
	0x12821282, 0x0f250f25, 0x0c490c49, 0x09d809d8, 0x07d707d7, 0x06140614, 0x043e043e, 0x023a023a, 
	0x00480048, 0xfea8fea8, 0xfd51fd51, 0xfc42fc42, 0xfb9bfb9b, 0xfb56fb56, 0xfb18fb18, 0xfa61fa61, 
	0xf97bf97b, 0xf8bff8bf, 0xf772f772, 0xf63bf63b, 0xf5cff5cf, 0xf59bf59b, 0xf61cf61c, 0xf757f757, 
	0xf896f896, 0xf9cbf9cb, 0xfab5fab5, 0xfb6efb6e, 0xfc1efc1e, 0xfc6afc6a, 0xfcbcfcbc, 0xfd56fd56, 
	0xfdf7fdf7, 0xfe93fe93, 0xff4fff4f, 0x00900090, 0x01bc01bc, 0x024f024f, 0x02de02de, 0x03780378, 
	0x03bd03bd, 0x03e103e1, 0x04530453, 0x05030503, 0x05d105d1, 0x07330733, 0x09b009b0, 0x0cc10cc1, 
	0x0faa0faa, 0x12931293, 0x151a151a, 0x163f163f, 0x159a159a, 0x13fa13fa, 0x12901290, 0x10981098, 
	0x0dc90dc9, 0x0bdb0bdb, 0x0ab80ab8, 0x097a097a, 0x08220822, 0x06b806b8, 0x058d058d, 0x03fa03fa, 
	0x01960196, 0xff06ff06, 0xfcabfcab, 0xfb02fb02, 0xf9cef9ce, 0xf8e5f8e5, 0xf894f894, 0xf877f877, 
	0xf831f831, 0xf789f789, 0xf6dff6df, 0xf6bdf6bd, 0xf703f703, 0xf7cdf7cd, 0xf8faf8fa, 0xfa2dfa2d, 
	0xfb61fb61, 0xfc58fc58, 0xfd02fd02, 0xfd22fd22, 0xfd09fd09, 0xfd74fd74, 0xfda9fda9, 0xfde6fde6, 
	0xfe81fe81, 0xff0cff0c, 0xffbeffbe, 0x00640064, 0x00f800f8, 0x01ad01ad, 0x02930293, 0x03600360, 
	0x03e203e2, 0x044f044f, 0x04d004d0, 0x05380538, 0x05950595, 0x07610761, 0x0a130a13, 0x0c6d0c6d, 
	0x0f4e0f4e, 0x11f111f1, 0x134e134e, 0x13b113b1, 0x132a132a, 0x12221222, 0x10d710d7, 0x0fae0fae, 
	0x0f470f47, 0x0eb40eb4, 0x0db00db0, 0x0cc20cc2, 0x0afd0afd, 0x08360836, 0x051b051b, 0x01fd01fd, 
	0xff14ff14, 0xfc91fc91, 0xfb03fb03, 0xfa45fa45, 0xf9aaf9aa, 0xf949f949, 0xf8e8f8e8, 0xf80af80a, 
	0xf700f700, 0xf605f605, 0xf53ef53e, 0xf524f524, 0xf596f596, 0xf657f657, 0xf76ef76e, 0xf873f873, 
	0xf953f953, 0xf9e3f9e3, 0xf9d9f9d9, 0xfa46fa46, 0xfb31fb31, 0xfbd4fbd4, 0xfd09fd09, 0xfec4fec4, 
	0x004c004c, 0x01790179, 0x01fe01fe, 0x026d026d, 0x02b402b4, 0x028b028b, 0x02b502b5, 0x03400340, 
	0x03fd03fd, 0x04c104c1, 0x05510551, 0x06400640, 0x07f607f6, 0x09d609d6, 0x0bbd0bbd, 0x0e6d0e6d, 
	0x114a114a, 0x130d130d, 0x14151415, 0x14d914d9, 0x14991499, 0x13641364, 0x12351235, 0x11291129, 
	0x0ff00ff0, 0x0ea10ea1, 0x0d680d68, 0x0bf90bf9, 0x09cb09cb, 0x07300730, 0x04be04be, 0x01f201f2, 
	0xff17ff17, 0xfd27fd27, 0xfba1fba1, 0xfa38fa38, 0xf93bf93b, 0xf875f875, 0xf79df79d, 0xf695f695, 
	0xf5c7f5c7, 0xf554f554, 0xf51df51d, 0xf575f575, 0xf612f612, 0xf6e5f6e5, 0xf7edf7ed, 0xf893f893, 
	0xf932f932, 0xf9b5f9b5, 0xf9f7f9f7, 0xfac7fac7, 0xfbbafbba, 0xfcb7fcb7, 0xfe37fe37, 0xffabffab, 
	0x00bf00bf, 0x01b001b0, 0x02680268, 0x02af02af, 0x02e002e0, 0x030c030c, 0x03280328, 0x03550355, 
	0x038c038c, 0x040a040a, 0x04d604d6, 0x06740674, 0x08fe08fe, 0x0b6f0b6f, 0x0e010e01, 0x10bc10bc, 
	0x128c128c, 0x137e137e, 0x13c513c5, 0x13961396, 0x13071307, 0x12071207, 0x11401140, 0x10a610a6, 
	0x0fb00fb0, 0x0e570e57, 0x0cba0cba, 0x0a980a98, 0x07ef07ef, 0x05120512, 0x02540254, 0x000f000f, 
	0xfe61fe61, 0xfd14fd14, 0xfc07fc07, 0xfb56fb56, 0xfa71fa71, 0xf938f938, 0xf80ff80f, 0xf71ff71f, 
	0xf66cf66c, 0xf5fff5ff, 0xf616f616, 0xf696f696, 0xf72bf72b, 0xf76ff76f, 0xf7c9f7c9, 0xf836f836, 
	0xf84cf84c, 0xf893f893, 0xf92bf92b, 0xfa13fa13, 0xfb26fb26, 0xfc33fc33, 0xfd55fd55, 0xfe77fe77, 
	0xff5cff5c, 0xfff4fff4, 0x00710071, 0x011f011f, 0x01e801e8, 0x026f026f, 0x02f002f0, 0x03ac03ac, 
	0x044e044e, 0x04b604b6, 0x05b205b2, 0x07b307b3, 0x09cc09cc, 0x0bd20bd2, 0x0e4d0e4d, 0x10801080, 
	0x11d711d7, 0x127f127f, 0x12e412e4, 0x13391339, 0x13101310, 0x12d312d3, 0x12d212d2, 0x129b129b, 
	0x11cb11cb, 0x10621062, 0x0e880e88, 0x0c300c30, 0x09630963, 0x06940694, 0x04380438, 0x02440244, 
	0x00ae00ae, 0xff62ff62, 0xfe32fe32, 0xfcdefcde, 0xfb75fb75, 0xfa01fa01, 0xf883f883, 0xf754f754, 
	0xf66ef66e, 0xf5d4f5d4, 0xf565f565, 0xf538f538, 0xf528f528, 0xf51bf51b, 0xf52df52d, 0xf577f577, 
	0xf632f632, 0xf70ef70e, 0xf836f836, 0xf9a2f9a2, 0xfafcfafc, 0xfc32fc32, 0xfd35fd35, 0xfde9fde9, 
	0xfe62fe62, 0xfee7fee7, 0xff69ff69, 0x000e000e, 0x00f200f2, 0x01fe01fe, 0x02f602f6, 0x03e203e2, 
	0x04ae04ae, 0x05280528, 0x05990599, 0x06330633, 0x07480748, 0x08c608c6, 0x0a860a86, 0x0c890c89, 
	0x0e6c0e6c, 0x10091009, 0x11561156, 0x12291229, 0x12d112d1, 0x13481348, 0x13731373, 0x137d137d, 
	0x13511351, 0x12c512c5, 0x11a011a0, 0x10101010, 0x0e400e40, 0x0c430c43, 0x0a090a09, 0x07f907f9, 
	0x06450645, 0x04540454, 0x026f026f, 0x00ae00ae, 0xfec3fec3, 0xfcccfccc, 0xfafbfafb, 0xf92ef92e, 
	0xf799f799, 0xf68cf68c, 0xf5b7f5b7, 0xf518f518, 0xf4caf4ca, 0xf4d2f4d2, 0xf4dff4df, 0xf510f510, 
	0xf59bf59b, 0xf630f630, 0xf6d7f6d7, 0xf79af79a, 0xf861f861, 0xf918f918, 0xf9caf9ca, 0xfa67fa67, 
	0xfb28fb28, 0xfc41fc41, 0xfd64fd64, 0xfeadfead, 0x00180018, 0x01510151, 0x02360236, 0x02be02be, 
	0x03070307, 0x03520352, 0x03800380, 0x03a703a7, 0x04240424, 0x04c204c2, 0x05780578, 0x06b306b3, 
	0x08430843, 0x09cb09cb, 0x0b870b87, 0x0d4e0d4e, 0x0ee90ee9, 0x108a108a, 0x11fe11fe, 0x131b131b, 
	0x14361436, 0x14fe14fe, 0x15171517, 0x14e114e1, 0x142a142a, 0x12d212d2, 0x11261126, 0x0f3f0f3f, 
	0x0d460d46, 0x0b390b39, 0x09220922, 0x07330733, 0x05400540, 0x03210321, 0x01050105, 0xfef2fef2, 
	0xfce1fce1, 0xfae8fae8, 0xf925f925, 0xf7caf7ca, 0xf6b2f6b2, 0xf59bf59b, 0xf4caf4ca, 0xf431f431, 
	0xf3a0f3a0, 0xf35cf35c, 0xf32cf32c, 0xf339f339, 0xf399f399, 0xf405f405, 0xf4bff4bf, 0xf5abf5ab, 
	0xf6aaf6aa, 0xf7fff7ff, 0xf951f951, 0xfa77fa77, 0xfbd6fbd6, 0xfce5fce5, 0xfda6fda6, 0xfe64fe64, 
	0xff1bff1b, 0xffecffec, 0x007d007d, 0x013c013c, 0x02090209, 0x02c002c0, 0x03570357, 0x039b039b, 
	0x041d041d, 0x04a804a8, 0x05910591, 0x07130713, 0x09110911, 0x0b690b69, 0x0dc50dc5, 0x101a101a, 
	0x121a121a, 0x13bc13bc, 0x14c214c2, 0x15711571, 0x15e015e0, 0x15e215e2, 0x15b215b2, 0x15281528, 
	0x14511451, 0x130e130e, 0x11711171, 0x0f8a0f8a, 0x0d6d0d6d, 0x0b390b39, 0x08ed08ed, 0x06af06af, 
	0x047a047a, 0x023e023e, 0x00030003, 0xfdf3fdf3, 0xfbf6fbf6, 0xfa13fa13, 0xf84ff84f, 0xf6a2f6a2, 
	0xf564f564, 0xf444f444, 0xf328f328, 0xf286f286, 0xf22df22d, 0xf221f221, 0xf256f256, 0xf2c2f2c2, 
	0xf3caf3ca, 0xf4e7f4e7, 0xf600f600, 0xf764f764, 0xf8c0f8c0, 0xf9f4f9f4, 0xfafefafe, 0xfbe7fbe7, 
	0xfcc7fcc7, 0xfda9fda9, 0xfe4afe4a, 0xfeebfeeb, 0xffcbffcb, 0x00600060, 0x00d600d6, 0x01730173, 
	0x02070207, 0x02810281, 0x02f302f3, 0x03680368, 0x03eb03eb, 0x04910491, 0x05870587, 0x06f506f5, 
	0x08a508a5, 0x0a6a0a6a, 0x0c8d0c8d, 0x0ea90ea9, 0x109e109e, 0x12911291, 0x140c140c, 0x15541554, 
	0x16441644, 0x16b516b5, 0x16c916c9, 0x166b166b, 0x15a615a6, 0x14611461, 0x12cf12cf, 0x11091109, 
	0x0f250f25, 0x0cf60cf6, 0x0aa20aa2, 0x083c083c, 0x05a505a5, 0x03050305, 0x00450045, 0xfdc0fdc0, 
	0xfb65fb65, 0xf95ef95e, 0xf796f796, 0xf616f616, 0xf501f501, 0xf3c7f3c7, 0xf2d0f2d0, 0xf211f211, 
	0xf18bf18b, 0xf155f155, 0xf14cf14c, 0xf1d4f1d4, 0xf282f282, 0xf361f361, 0xf47ff47f, 0xf584f584, 
	0xf68bf68b, 0xf776f776, 0xf852f852, 0xf94ef94e, 0xfa5dfa5d, 0xfb4efb4e, 0xfc54fc54, 0xfd61fd61, 
	0xfe0efe0e, 0xfeb7feb7, 0xff57ff57, 0xffc0ffc0, 0x00300030, 0x007b007b, 0x00d400d4, 0x013f013f, 
	0x017d017d, 0x02220222, 0x032e032e, 0x04930493, 0x06810681, 0x08a008a0, 0x0af30af3, 0x0d490d49, 
	0x0f8b0f8b, 0x11ab11ab, 0x13791379, 0x15211521, 0x16811681, 0x176c176c, 0x17fc17fc, 0x181a181a, 
	0x17be17be, 0x17091709, 0x15c215c2, 0x140f140f, 0x12211221, 0x0fe90fe9, 0x0da90da9, 0x0b580b58, 
	0x08fe08fe, 0x06a606a6, 0x042f042f, 0x01cd01cd, 0xff82ff82, 0xfd1afd1a, 0xfad4fad4, 0xf8d8f8d8, 
	0xf6f3f6f3, 0xf54ff54f, 0xf40ef40e, 0xf318f318, 0xf271f271, 0xf1eff1ef, 0xf199f199, 0xf195f195, 
	0xf19ef19e, 0xf1c2f1c2, 0xf222f222, 0xf2def2de, 0xf3d3f3d3, 0xf4e4f4e4, 0xf621f621, 0xf757f757, 
	0xf888f888, 0xf97cf97c, 0xfa54fa54, 0xfb22fb22, 0xfbcafbca, 0xfc66fc66, 0xfd02fd02, 0xfd92fd92, 
	0xfe1dfe1d, 0xfebafeba, 0xff2fff2f, 0xffaeffae, 0x00290029, 0x00d400d4, 0x019a019a, 0x029c029c, 
	0x04170417, 0x05e105e1, 0x07f407f4, 0x09f809f8, 0x0c5f0c5f, 0x0e9e0e9e, 0x10c410c4, 0x12d012d0, 
	0x14641464, 0x15fc15fc, 0x170d170d, 0x17c017c0, 0x18101810, 0x18011801, 0x179b179b, 0x16c216c2, 
	0x15951595, 0x14081408, 0x124f124f, 0x104b104b, 0x0e000e00, 0x0ba50ba5, 0x094d094d, 0x06d806d8, 
	0x04560456, 0x01cb01cb, 0xff56ff56, 0xfceafcea, 0xfa89fa89, 0xf865f865, 0xf67cf67c, 0xf4f1f4f1, 
	0xf39af39a, 0xf297f297, 0xf205f205, 0xf1a3f1a3, 0xf16af16a, 0xf17df17d, 0xf195f195, 0xf204f204, 
	0xf285f285, 0xf31af31a, 0xf419f419, 0xf4e9f4e9, 0xf5eff5ef, 0xf6daf6da, 0xf7e9f7e9, 0xf8eff8ef, 
	0xf9e4f9e4, 0xfaecfaec, 0xfb91fb91, 0xfc74fc74, 0xfd1dfd1d, 0xfdb0fdb0, 0xfe1ffe1f, 0xfe88fe88, 
	0xfeeefeee, 0xff53ff53, 0xfff7fff7, 0x00950095, 0x01830183, 0x02790279, 0x03fa03fa, 0x05bf05bf, 
	0x07900790, 0x09820982, 0x0b7a0b7a, 0x0d6d0d6d, 0x0f1b0f1b, 0x10cb10cb, 0x121a121a, 0x13631363, 
	0x146b146b, 0x15161516, 0x15a415a4, 0x15ce15ce, 0x15c115c1, 0x15511551, 0x147f147f, 0x13591359, 
	0x12001200, 0x10601060, 0x0e900e90, 0x0c9c0c9c, 0x0a820a82, 0x086a086a, 0x062c062c, 0x03d803d8, 
	0x01a201a2, 0xff77ff77, 0xfd46fd46, 0xfb3afb3a, 0xf961f961, 0xf7bef7be, 0xf653f653, 0xf50af50a, 
	0xf3fff3ff, 0xf34ff34f, 0xf2baf2ba, 0xf280f280, 0xf262f262, 0xf271f271, 0xf2d1f2d1, 0xf32ef32e, 
	0xf3c6f3c6, 0xf463f463, 0xf551f551, 0xf622f622, 0xf705f705, 0xf815f815, 0xf8f2f8f2, 0xf9f0f9f0, 
	0xfab4fab4, 0xfb86fb86, 0xfc1dfc1d, 0xfcb4fcb4, 0xfd4ffd4f, 0xfdddfddd, 0xfe7dfe7d, 0xfef8fef8, 
	0xffa9ffa9, 0x00540054, 0x01260126, 0x01e201e2, 0x02c402c4, 0x041c041c, 0x05990599, 0x071d071d, 
	0x08800880, 0x0a1f0a1f, 0x0bd50bd5, 0x0d530d53, 0x0ea00ea0, 0x0ff50ff5, 0x11151115, 0x11fa11fa, 
	0x12bd12bd, 0x13111311, 0x134e134e, 0x13581358, 0x12f512f5, 0x12531253, 0x116c116c, 0x10511051, 
	0x0efe0efe, 0x0d740d74, 0x0ba60ba6, 0x09bd09bd, 0x07d307d3, 0x05cd05cd, 0x03cd03cd, 0x01b701b7, 
	0xffd1ffd1, 0xfdfdfdfd, 0xfc25fc25, 0xfa89fa89, 0xf911f911, 0xf7dcf7dc, 0xf6b9f6b9, 0xf5c8f5c8, 
	0xf505f505, 0xf468f468, 0xf434f434, 0xf427f427, 0xf441f441, 0xf485f485, 0xf4f5f4f5, 0xf5a8f5a8, 
	0xf655f655, 0xf72af72a, 0xf805f805, 0xf8e2f8e2, 0xf9e5f9e5, 0xfa9dfa9d, 0xfb83fb83, 0xfc57fc57, 
	0xfd08fd08, 0xfdc4fdc4, 0xfe62fe62, 0xff10ff10, 0xffa6ffa6, 0x00220022, 0x00940094, 0x01350135, 
	0x01b501b5, 0x024c024c, 0x02d302d3, 0x03600360, 0x046b046b, 0x05620562, 0x066e066e, 0x07930793, 
	0x08c408c4, 0x09ef09ef, 0x0b280b28, 0x0c330c33, 0x0d1e0d1e, 0x0e200e20, 0x0ebb0ebb, 0x0f400f40, 
	0x0fb80fb8, 0x0fe20fe2, 0x0fdb0fdb, 0x0f970f97, 0x0ee40ee4, 0x0e300e30, 0x0d710d71, 0x0c6c0c6c, 
	0x0b240b24, 0x09ac09ac, 0x082f082f, 0x06ad06ad, 0x052b052b, 0x03480348, 0x019e019e, 0x00070007, 
	0xfe4dfe4d, 0xfce9fce9, 0xfb82fb82, 0xfa41fa41, 0xf918f918, 0xf811f811, 0xf760f760, 0xf6d0f6d0, 
	0xf65ef65e, 0xf626f626, 0xf60ef60e, 0xf640f640, 0xf6a2f6a2, 0xf709f709, 0xf794f794, 0xf82ff82f, 
	0xf8ddf8dd, 0xf96ef96e, 0xfa25fa25, 0xfae9fae9, 0xfbaefbae, 0xfc83fc83, 0xfd17fd17, 0xfdc2fdc2, 
	0xfe4dfe4d, 0xfec9fec9, 0xff78ff78, 0xffcdffcd, 0x00110011, 0x00980098, 0x00e800e8, 0x012c012c, 
	0x01be01be, 0x02100210, 0x026f026f, 0x02bf02bf, 0x02e502e5, 0x03b703b7, 0x04460446, 0x05050505, 
	0x05ed05ed, 0x06850685, 0x07990799, 0x085a085a, 0x09320932, 0x09ed09ed, 0x0a7b0a7b, 0x0b430b43, 
	0x0bb40bb4, 0x0c060c06, 0x0c390c39, 0x0c5a0c5a, 0x0c2c0c2c, 0x0bbf0bbf, 0x0b1f0b1f, 0x0a720a72, 
	0x09bd09bd, 0x08930893, 0x07760776, 0x065e065e, 0x050a050a, 0x03d603d6, 0x02880288, 0x01430143, 
	0x00500050, 0xff22ff22, 0xfe1afe1a, 0xfd1ffd1f, 0xfc3ffc3f, 0xfbdafbda, 0xfb49fb49, 0xfaaefaae, 
	0xfa43fa43, 0xf9fbf9fb, 0xf9eef9ee, 0xf9d8f9d8, 0xf9b0f9b0, 0xfa01fa01, 0xfa24fa24, 0xfa36fa36, 
	0xfaa1faa1, 0xfae9fae9, 0xfb5efb5e, 0xfbbafbba, 0xfc28fc28, 0xfc8ffc8f, 0xfd28fd28, 0xfd98fd98, 
	0xfdc9fdc9, 0xfe40fe40, 0xfe86fe86, 0xfefcfefc, 0xff55ff55, 0xffb9ffb9, 0x001d001d, 0x00760076, 
	0x00d300d3, 0x013e013e, 0x01940194, 0x01c501c5, 0x023a023a, 0x02570257, 0x02ea02ea, 0x03470347, 
	0x03c503c5, 0x04740474, 0x04d304d3, 0x05960596, 0x05bf05bf, 0x06810681, 0x07060706, 0x07860786, 
	0x08220822, 0x07f307f3, 0x08710871, 0x08a008a0, 0x08ac08ac, 0x08720872, 0x08180818, 0x07e507e5, 
	0x07800780, 0x07420742, 0x06700670, 0x05fb05fb, 0x05660566, 0x046d046d, 0x03ff03ff, 0x03090309, 
	0x026a026a, 0x01fa01fa, 0x01040104, 0x00820082, 0xff9aff9a, 0xff3dff3d, 0xfefffeff, 0xfde7fde7, 
	0xfdc8fdc8, 0xfd73fd73, 0xfcd9fcd9, 0xfce0fce0, 0xfcb3fcb3, 0xfc74fc74, 0xfc80fc80, 0xfc5ffc5f, 
	0xfc53fc53, 0xfc70fc70, 0xfc3ffc3f, 0xfccdfccd, 0xfce0fce0, 0xfcbefcbe, 0xfd3bfd3b, 0xfd41fd41, 
	0xfdcafdca, 0xfe14fe14, 0xfe1cfe1c, 0xfe52fe52, 0xfe94fe94, 0xff0dff0d, 0xff55ff55, 0xff9cff9c, 
	0xffbcffbc, 0x00150015, 0x005b005b, 0x008a008a, 0x00ce00ce, 0x00ee00ee, 0x012e012e, 0x01770177, 
	0x01910191, 0x01c501c5, 0x021c021c, 0x01ec01ec, 0x021e021e, 0x022f022f, 0x01f501f5, 0x01ef01ef, 
	0x01c101c1, 0x01f601f6, 0x01b601b6, 0x01720172, 0x01460146, 0x012f012f, 0x01520152, 0x01ba01ba, 
	0x021f021f, 0x01ac01ac, 0x02280228, 0x02950295, 0x02b702b7, 0x03170317, 0x036c036c, 0x03aa03aa, 
	0x03700370, 0x03e403e4, 0x03d103d1, 0x03fc03fc, 0x04420442, 0x04020402, 0x03cc03cc, 0x035e035e, 
	0x03980398, 0x03460346, 0x032d032d, 0x02990299, 0x020d020d, 0x02480248, 0x01970197, 0x01540154, 
	0x00df00df, 0x00660066, 0x00430043, 0xfff3fff3, 0xff9dff9d, 0xff57ff57, 0xff2fff2f, 0xff0eff0e, 
	0xfefbfefb, 0xfeadfead, 0xfec3fec3, 0xfeaffeaf, 0xfe9cfe9c, 0xfe7efe7e, 0xfe79fe79, 0xfed8fed8, 
	0xfed9fed9, 0xfeedfeed, 0xff06ff06, 0xff43ff43, 0xff7bff7b, 0xffd5ffd5, 0x000c000c, 0x004d004d, 
	0x00aa00aa, 0x00b100b1, 0x00f400f4, 0x011b011b, 0x017b017b, 0x01840184, 0x015d015d, 0x01760176, 
	0x01200120, 0x015a015a, 0x01370137, 0x00ad00ad, 0x00d700d7, 0x00b500b5, 0x00bd00bd, 0x00890089, 
	0x00330033, 0x00270027, 0x004d004d, 0x00790079, 0x00000000, 0x003a003a, 0xffe4ffe4, 0xffc9ffc9, 
	0x00200020, 0x00010001, 0xfff4fff4, 0xff8fff8f, 0xfff2fff2, 0xff46ff46, 0xff53ff53, 0xfff4fff4, 
	0xffa5ffa5, 0xff91ff91, 0xff8bff8b, 0xffa8ffa8, 0xff66ff66, 0x00040004, 0xffb9ffb9, 0xffa5ffa5, 
	0xffa0ffa0, 0xff45ff45, 0xffd2ffd2, 0xff57ff57, 0xff8bff8b, 0xff9fff9f, 0xff60ff60, 0xff46ff46, 
	0xff44ff44, 0xff5aff5a, 0xff3cff3c, 0xff9bff9b, 0xff87ff87, 0xff7eff7e, 0xff4eff4e, 0xff50ff50, 
	0xffc4ffc4, 0xffd1ffd1, 0x00210021, 0xffe4ffe4, 0xffa5ffa5, 0x002d002d, 0x00420042, 0x00800080, 
	0x006d006d, 0x00610061, 0x00440044, 0x008a008a, 0x012a012a, 0x00b400b4, 0x01400140, 0x01130113, 
	0x013e013e, 0x017d017d, 0x01350135, 0x02240224, 0x01be01be, 0x01b401b4, 0x02370237, 0x01d101d1, 
	0x01b601b6, 0x027b027b, 0x02000200, 0x01e301e3, 0x01c101c1, 0x016c016c, 0x02220222, 0x011b011b, 
	0x01a001a0, 0x01500150, 0x00a100a1, 0x01270127, 0x00630063, 0x007b007b, 0x002b002b, 0x00110011, 
	0xffcdffcd, 0xff88ff88, 0xff8fff8f, 0xff66ff66, 0xffb6ffb6, 0xfefffeff, 0xfed4fed4, 0xff36ff36, 
	0xff05ff05, 0xff49ff49, 0xff0cff0c, 0xfed7fed7, 0xfefffeff, 0xfeeefeee, 0xff4bff4b, 0xff42ff42, 
	0xff3dff3d, 0xff70ff70, 0xff6aff6a, 0xffc6ffc6, 0xffe4ffe4, 0xffcfffcf, 0x00560056, 0x003b003b, 
	0x002f002f, 0x004c004c, 0x00000000, 0x008a008a, 0x00790079, 0x005e005e, 0x00010001, 0xffdcffdc, 
	0x00190019, 0xffefffef, 0xffd8ffd8, 0xff95ff95, 0xffe5ffe5, 0xffa0ffa0, 0xffdbffdb, 0xffcfffcf, 
	0xff7bff7b, 0xfff4fff4, 0xffeeffee, 0xff97ff97, 0xfff9fff9, 0x000a000a, 0xffafffaf, 0x002a002a, 
	0xffadffad, 0x008a008a, 0x00890089, 0x00280028, 0x00b300b3, 0x00790079, 0x01290129, 0x00ea00ea, 
	0x01190119, 0x01130113, 0x01290129, 0x011a011a, 0x01000100, 0x01220122, 0x00cc00cc, 0x01040104, 
	0x00b800b8, 0x00970097, 0x00a000a0, 0x00ab00ab, 0x003d003d, 0x00400040, 0xffeaffea, 0x00730073, 
	0x000d000d, 0xff42ff42, 0x00060006, 0xff36ff36, 0xffc6ffc6, 0xff15ff15, 0xff04ff04, 0xffa8ffa8, 
	0xfed0fed0, 0xff89ff89, 0xff4fff4f, 0xff14ff14, 0xff9aff9a, 0xff4cff4c, 0xff9fff9f, 0xffb8ffb8, 
	0xff25ff25, 0xffe0ffe0, 0xff5eff5e, 0xff18ff18, 0x00090009, 0x007a007a, 0xff90ff90, 0xfffafffa, 
	0x00120012, 0xffe2ffe2, 0x01910191, 0x006c006c, 0x014d014d, 0x00b200b2, 0x012d012d, 0x01890189, 
	0x00f100f1, 0x01b701b7, 0x00a700a7, 0x02d302d3, 0x00540054, 0x01470147, 0x012d012d, 0x00da00da, 
	0x02d402d4, 0x004a004a, 0x01f501f5, 0x00360036, 0x01d801d8, 0x01300130, 0x00b700b7, 0x01cb01cb, 
	0xffcaffca, 0x01eb01eb, 0xff58ff58, 0x00f400f4, 0x00b100b1, 0xffc6ffc6, 0x01410141, 0xfee8fee8, 
	0x00da00da, 0x01070107, 0xffdfffdf, 0x00210021, 0x00cb00cb, 0x00390039, 0x008a008a, 0x015f015f, 
	0xfeddfedd, 0x00560056, 0x011f011f, 0xff2dff2d, 0x00cc00cc, 0xff51ff51, 0xff56ff56, 0x00c800c8, 
	0xfecdfecd, 0x006e006e, 0xffd2ffd2, 0xfefefefe, 0xffabffab, 0xffb0ffb0, 0x001c001c, 0xff50ff50, 
	0xffb1ffb1, 0xfeccfecc, 0xffebffeb, 0xff53ff53, 0xff89ff89, 0x00990099, 0xfed0fed0, 0x00c100c1, 
	0xff3aff3a, 0x000e000e, 0x00af00af, 0x00080008, 0x01930193, 0xff09ff09, 0x005a005a, 0x00520052, 
	0x00610061, 0x00ef00ef, 0xff89ff89, 0x00c600c6, 0x001a001a, 0xffc8ffc8, 0x00bf00bf, 0x012b012b, 
	0x00010001, 0x00b800b8, 0x00d100d1, 0x003a003a, 0x01370137, 0x00a800a8, 0x00b200b2, 0x00090009, 
	0x00af00af, 0x00850085, 0x00580058, 0x00830083, 0xffdaffda, 0x00550055, 0xfff5fff5, 0x00620062, 
	0x00ce00ce, 0x00530053, 0xff19ff19, 0x00e700e7, 0x00210021, 0xff1aff1a, 0x01a801a8, 0xfed1fed1, 
	0xff33ff33, 0x00530053, 0xff04ff04, 0x00220022, 0xff19ff19, 0xff1bff1b, 0xffe9ffe9, 0xff2cff2c, 
	0xff99ff99, 0xffd4ffd4, 0xff20ff20, 0xfef8fef8, 0x00000000, 0xff7dff7d, 0xfed7fed7, 0xffb2ffb2, 
	0xfec8fec8, 0xff32ff32, 0xff2eff2e, 0xfed2fed2, 0xff76ff76, 0xff60ff60, 0xfec6fec6, 0xff53ff53, 
	0xffd7ffd7, 0xfe52fe52, 0x00910091, 0xff4dff4d, 0xff08ff08, 0x00720072, 0xfeddfedd, 0x005f005f, 
	0xffc1ffc1, 0xffb8ffb8, 0xff93ff93, 0x01600160, 0x000d000d, 0xff94ff94, 0x01d901d9, 0xff12ff12, 
	0x019c019c, 0x01190119, 0x002d002d, 0x013a013a, 0xffddffdd, 0x01640164, 0x009b009b, 0xff5fff5f, 
	0x01870187, 0x011a011a, 0xffdfffdf, 0x00a400a4, 0x001d001d, 0x012b012b, 0x010e010e, 0x017a017a, 
	0xffa1ffa1, 0x00ef00ef, 0x01cc01cc, 0xffdaffda, 0x02450245, 0xfdc4fdc4, 0x02c602c6, 0x01130113, 
	0xfddafdda, 0x02f202f2, 0xfd46fd46, 0x01630163, 0x01090109, 0xff1dff1d, 0xff23ff23, 0x000d000d, 
	0x001d001d, 0xfe04fe04, 0x02830283, 0xfb6ffb6f, 0x01560156, 0xffefffef, 0xfb0efb0e, 0x04160416, 
	0xfc53fc53, 0xff93ff93, 0xff42ff42, 0xfe42fe42, 0x020d020d, 0xfe49fe49, 0x009c009c, 0xfdeefdee, 
	0x01980198, 0xfff6fff6, 0x00ca00ca, 0x01330133, 0xfbc6fbc6, 0x04000400, 0xfed7fed7, 0x01110111, 
	0x00870087, 0xfcddfcdd, 0x037d037d, 0xfc4dfc4d, 0x03440344, 0xffdaffda, 0xfe42fe42, 0x022b022b, 
	0xfab8fab8, 0x048d048d, 0xff6fff6f, 0xffc4ffc4, 0x00cf00cf, 0xfd2bfd2b, 0x00f500f5, 0xff78ff78, 
	0x04900490, 0xfbb6fbb6, 0x02210221, 0x00f400f4, 0xfcf9fcf9, 0x04fb04fb, 0xfb4afb4a, 0x05840584, 
	0xff6fff6f, 0xfce2fce2, 0x03830383, 0xfcadfcad, 0x02280228, 0xffbdffbd, 0x01330133, 0xfe31fe31, 
	0xff10ff10, 0x01af01af, 0xfd92fd92, 0x021c021c, 0xff27ff27, 0x007e007e, 0x00c100c1, 0xfca2fca2, 
	0x024f024f, 0x005c005c, 0xfdedfded, 0x031c031c, 0xfdd0fdd0, 0xff01ff01, 0x01900190, 0xfeb5feb5, 
	0x00ea00ea, 0xfe51fe51, 0x012e012e, 0x00cf00cf, 0xfe09fe09, 0x00090009, 0xfffefffe, 0x005f005f, 
	0xffedffed, 0xff23ff23, 0x00150015, 0xffdbffdb, 0xfea9fea9, 0x01230123, 0xfeeefeee, 0x000b000b, 
	0xffe4ffe4, 0x00840084, 0x00870087, 0xfda2fda2, 0x02f502f5, 0xfdfcfdfc, 0x01e201e2, 0x01230123, 
	0xfddefdde, 0x02d402d4, 0xfcc3fcc3, 0x02a102a1, 0x008a008a, 0xff3eff3e, 0x00c300c3, 0xfedbfedb, 
	0x01d801d8, 0xfce6fce6, 0x039e039e, 0xff2cff2c, 0xfe6afe6a, 0x046e046e, 0xf998f998, 0x03190319, 
	0x02830283, 0xfc80fc80, 0x04070407, 0xfc4bfc4b, 0xfeb2feb2, 0x04ba04ba, 0xfe89fe89, 0xfdddfddd, 
	0x02700270, 0xfeb3feb3, 0xff5cff5c, 0x026b026b, 0xfab3fab3, 0x05030503, 0x00570057, 0xfa43fa43, 
	0x06a906a9, 0xf845f845, 0x025d025d, 0x07200720, 0xf6b2f6b2, 0x03fe03fe, 0xfed1fed1, 0xfe72fe72, 
	0x05d405d4, 0xfa04fa04, 0x01220122, 0x03230323, 0xfd7dfd7d, 0x00f000f0, 0xff12ff12, 0xff6dff6d, 
	0x00db00db, 0x02320232, 0xfcf0fcf0, 0xff59ff59, 0x03200320, 0xfc8ffc8f, 0x036c036c, 0xfceffcef, 
	0xffd9ffd9, 0x05d005d0, 0xfa51fa51, 0x01ac01ac, 0xfed5fed5, 0x00840084, 0x02880288, 0xfd84fd84, 
	0xfffdfffd, 0xfe0bfe0b, 0x018a018a, 0xfe80fe80, 0x01530153, 0xfce1fce1, 0xff42ff42, 0x04610461, 
	0xf8a8f8a8, 0x03b403b4, 0x016a016a, 0xfbfbfbfb, 0x00f500f5, 0xffbcffbc, 0x02810281, 0x008b008b, 
	0xfebbfebb, 0xfceafcea, 0x038f038f, 0x00a200a2, 0x00d600d6, 0x03130313, 0xf7a7f7a7, 0x034b034b, 
	0x035f035f, 0xfe40fe40, 0x00840084, 0xfcd5fcd5, 0x02e602e6, 0xfcd8fcd8, 0x00fc00fc, 0x00960096, 
	0xfe0afe0a, 0x02f102f1, 0xf902f902, 0x037f037f, 0x00390039, 0xff71ff71, 0x03010301, 0xf8b5f8b5, 
	0x009f009f, 0x01d401d4, 0x054f054f, 0xfb48fb48, 0xfd58fd58, 0x02ed02ed, 0xfe0cfe0c, 0x05220522, 
	0xf8f0f8f0, 0x05ca05ca, 0x034a034a, 0xf8aff8af, 0x04820482, 0xfba1fba1, 0x02af02af, 0x06580658, 
	0xff0bff0b, 0xf96ef96e, 0xfd62fd62, 0x07530753, 0x006b006b, 0xfe9dfe9d, 0xfd41fd41, 0xff70ff70, 
	0x03180318, 0xfb47fb47, 0x02ab02ab, 0x01370137, 0xfa94fa94, 0x06d106d1, 0xfb60fb60, 0xfbe6fbe6, 
	0x073a073a, 0x00120012, 0xff98ff98, 0xf9eff9ef, 0x01270127, 0x07c407c4, 0xff6cff6c, 0xfb53fb53, 
	0xfe5efe5e, 0x01f001f0, 0x029c029c, 0x025f025f, 0xfb48fb48, 0xfe8afe8a, 0x033c033c, 0x01ab01ab, 
	0xfce0fce0, 0xfeb3feb3, 0x048c048c, 0x01160116, 0xfdc1fdc1, 0xfb56fb56, 0x055c055c, 0x02d802d8, 
	0xfe96fe96, 0xff45ff45, 0xf998f998, 0x067c067c, 0x053a053a, 0xfa6dfa6d, 0xfb55fb55, 0x00700070, 
	0x04240424, 0x03bf03bf, 0xfbd3fbd3, 0xf7bcf7bc, 0x07b207b2, 0x01380138, 0xfc62fc62, 0x06200620, 
	0xf8fff8ff, 0x01ed01ed, 0x07220722, 0xf63af63a, 0x049d049d, 0x04c904c9, 0xfa93fa93, 0x06380638, 
	0xf8def8de, 0xfc11fc11, 0x0cd90cd9, 0xfa7efa7e, 0xff06ff06, 0x01300130, 0xf6bef6be, 0x081c081c, 
	0x02d102d1, 0xf9fcf9fc, 0x02e202e2, 0x00810081, 0xfa40fa40, 0x03960396, 0x05e905e9, 0xf97bf97b, 
	0x07aa07aa, 0xfcbdfcbd, 0xfb72fb72, 0x09d209d2, 0xf6f0f6f0, 0x09fa09fa, 0x029d029d, 0xf3caf3ca, 
	0x07c607c6, 0xfee1fee1, 0xfd34fd34, 0x05020502, 0x00410041, 0xf9b9f9b9, 0x01ec01ec, 0x00c200c2, 
	0xfe55fe55, 0x02f102f1, 0xfa6cfa6c, 0x03e303e3, 0x02e702e7, 0xf7e9f7e9, 0x041c041c, 0x02ce02ce, 
	0xf95ef95e, 0x05ca05ca, 0x00e300e3, 0xf7c8f7c8, 0x06a306a3, 0x006b006b, 0xfc05fc05, 0xffe3ffe3, 
	0xfd48fd48, 0x07400740, 0x00680068, 0xf73bf73b, 0x02340234, 0x017e017e, 0x00160016, 0x04170417, 
	0xfe82fe82, 0xfb61fb61, 0x01a701a7, 0x05510551, 0xfce9fce9, 0x00fb00fb, 0x02af02af, 0xff3bff3b, 
	0x01170117, 0xf9fcf9fc, 0x071b071b, 0x039c039c, 0xfa5afa5a, 0x02d502d5, 0xf977f977, 0x03660366, 
	0x08350835, 0xfa29fa29, 0xfabbfabb, 0xff88ff88, 0x04030403, 0x051b051b, 0xfc48fc48, 0xf5e8f5e8, 
	0x062e062e, 0x04b104b1, 0xfaabfaab, 0x06840684, 0xf8f8f8f8, 0xfd49fd49, 0x0bb80bb8, 0xf625f625, 
	0x02f202f2, 0x06db06db, 0xf6edf6ed, 0x06ab06ab, 0xfc05fc05, 0xfb51fb51, 0x0da60da6, 0xfc50fc50, 
	0xfa9efa9e, 0x04390439, 0xf9f0f9f0, 0x050e050e, 0x08fa08fa, 0xf378f378, 0x03750375, 0x03a803a8, 
	0xf707f707, 0x0d1b0d1b, 0xf89ef89e, 0xfa18fa18, 0x0dc40dc4, 0xf6a1f6a1, 0x01400140, 0x02a802a8, 
	0xf9b5f9b5, 0x06d406d4, 0x024d024d, 0xf823f823, 0x02f302f3, 0x05190519, 0xf742f742, 0x09ed09ed, 
	0xfc43fc43, 0xf693f693, 0x123d123d, 0xf534f534, 0xfe47fe47, 0x08bf08bf, 0xf268f268, 0x0adb0adb, 
	0x025a025a, 0xf478f478, 0x08e808e8, 0xfdb1fdb1, 0xfa82fa82, 0x081a081a, 0xfcfafcfa, 0xfb77fb77, 
	0x084f084f, 0xfb3bfb3b, 0xfc7bfc7b, 0x09f709f7, 0xf604f604, 0x04030403, 0x08990899, 0xf177f177, 
	0x09350935, 0x036e036e, 0xf68af68a, 0x07cd07cd, 0xff1fff1f, 0xfb91fb91, 0x07420742, 0xfde1fde1, 
	0xfb63fb63, 0x07480748, 0xf8bcf8bc, 0x04950495, 0x06cd06cd, 0xeee1eee1, 0x0dc50dc5, 0x01db01db, 
	0xf363f363, 0x0d200d20, 0xf802f802, 0xffefffef, 0x06830683, 0xfb66fb66, 0x03350335, 0xfa22fa22, 
	0x00080008, 0x037f037f, 0x009d009d, 0xfce2fce2, 0x00000000, 0x025f025f, 0xf68bf68b, 0x083d083d, 
	0x02980298, 0xf76ff76f, 0x07b407b4, 0xfbeafbea, 0xff41ff41, 0x07ad07ad, 0xf80ff80f, 0x04e204e2, 
	0x055e055e, 0xf82bf82b, 0x07460746, 0xffadffad, 0xfaf5faf5, 0x076c076c, 0xff57ff57, 0xfc50fc50, 
	0x05ce05ce, 0xfd18fd18, 0xfc6dfc6d, 0x05430543, 0xf82ff82f, 0x09070907, 0x01930193, 0xef8def8d, 
	0x0a4b0a4b, 0xffd0ffd0, 0xfe08fe08, 0x02800280, 0xfa12fa12, 0x03b603b6, 0xff5bff5b, 0xfe20fe20, 
	0x01710171, 0x00e600e6, 0xfe23fe23, 0x02180218, 0xff0cff0c, 0xfa40fa40, 0x071b071b, 0xffc8ffc8, 
	0xfeadfead, 0xffe9ffe9, 0xfbc0fbc0, 0x05200520, 0x00b700b7, 0xfe0efe0e, 0xffd7ffd7, 0x015f015f, 
	0x01380138, 0x023c023c, 0xfc2ffc2f, 0xfd1efd1e, 0x0a4d0a4d, 0xffe0ffe0, 0xfda6fda6, 0xfdcffdcf, 
	0x00150015, 0x04b204b2, 0x019d019d, 0xfd9ffd9f, 0xfdd1fdd1, 0x06fa06fa, 0xf85af85a, 0x02f002f0, 
	0x01b701b7, 0xfaa0faa0, 0x0c270c27, 0xf4a0f4a0, 0xff9aff9a, 0x08450845, 0xfaa9faa9, 0x029c029c, 
	0xfc84fc84, 0x00770077, 0x062a062a, 0xff1bff1b, 0xfa48fa48, 0x02bc02bc, 0xfe1ffe1f, 0x01340134, 
	0x097a097a, 0xf4f1f4f1, 0x00bf00bf, 0x02fc02fc, 0xf8a8f8a8, 0x07a007a0, 0x00470047, 0xff1fff1f, 
	0xfed4fed4, 0xfa67fa67, 0x024c024c, 0x030b030b, 0x023c023c, 0xfecdfecd, 0xfc07fc07, 0xfe65fe65, 
	0x05600560, 0x03020302, 0xfbd7fbd7, 0xff66ff66, 0x03820382, 0xffd5ffd5, 0xff14ff14, 0x01910191, 
	0xfebffebf, 0x02d102d1, 0xfcaafcaa, 0x00930093, 0x05360536, 0xfc70fc70, 0xfff3fff3, 0xfb01fb01, 
	0x03d403d4, 0x059e059e, 0xfc20fc20, 0xfb96fb96, 0x00d600d6, 0x04dd04dd, 0xfac5fac5, 0x02120212, 
	0xfe5cfe5c, 0x004d004d, 0x04450445, 0xf7d7f7d7, 0x03890389, 0x01ab01ab, 0xff34ff34, 0x04380438, 
	0xfa75fa75, 0xffbbffbb, 0x07170717, 0xff5bff5b, 0xfedbfedb, 0xfff2fff2, 0x01040104, 0x04530453, 
	0xff3eff3e, 0xff16ff16, 0x003e003e, 0x03e203e2, 0x001b001b, 0xfd18fd18, 0x04ce04ce, 0xff68ff68, 
	0x01c001c0, 0xfef6fef6, 0xf977f977, 0x07df07df, 0x04590459, 0xf900f900, 0xfea5fea5, 0xffc0ffc0, 
	0x02a702a7, 0x05430543, 0xf5c2f5c2, 0xfeecfeec, 0x08c708c7, 0xfa0efa0e, 0x014c014c, 0xfd6bfd6b, 
	0xfda2fda2, 0x09570957, 0xf930f930, 0xfb89fb89, 0x043f043f, 0xff8cff8c, 0x01320132, 0xfc0bfc0b, 
	0xff2aff2a, 0x04350435, 0xff8dff8d, 0xffa8ffa8, 0xfb72fb72, 0x01190119, 0x075d075d, 0x00aa00aa, 
	0xfd12fd12, 0xfba1fba1, 0x04870487, 0x02d802d8, 0xff9bff9b, 0x013c013c, 0xfce4fce4, 0x01e401e4, 
	0xff2eff2e, 0xfeadfead, 0x00200020, 0x04390439, 0x01470147, 0xf7fef7fe, 0x00640064, 0x02eb02eb, 
	0x047a047a, 0xfbeafbea, 0xfce1fce1, 0x07230723, 0xfbeefbee, 0xffcdffcd, 0x01440144, 0xff03ff03, 
	0x06840684, 0x000a000a, 0xfb6dfb6d, 0x000a000a, 0x01630163, 0x02ec02ec, 0x03740374, 0xfc6cfc6c, 
	0xff4aff4a, 0x02d502d5, 0xfd6afd6a, 0x02390239, 0x004f004f, 0xfeacfeac, 0x04070407, 0xfccdfccd, 
	0xfb29fb29, 0x03cf03cf, 0x04380438, 0x00f800f8, 0xff67ff67, 0xfaeafaea, 0x02040204, 0x03e003e0, 
	0xfe5ffe5f, 0x000a000a, 0xff02ff02, 0x03f403f4, 0xfbfffbff, 0xfc46fc46, 0x02ba02ba, 0x00220022, 
	0x039c039c, 0xf910f910, 0xff70ff70, 0x05bc05bc, 0xff0aff0a, 0xffe4ffe4, 0xfbd0fbd0, 0x01630163, 
	0x06780678, 0xff4aff4a, 0xfb84fb84, 0x00d900d9, 0xfe70fe70, 0x031d031d, 0x05e405e4, 0xfa47fa47, 
	0x00230023, 0xff4cff4c, 0xfc94fc94, 0x02ec02ec, 0x01980198, 0x02ef02ef, 0xfc28fc28, 0xf98bf98b, 
	0x03540354, 0x02ee02ee, 0x00b700b7, 0x00fd00fd, 0xfb33fb33, 0xfe79fe79, 0x06e106e1, 0x01040104, 
	0xfe15fe15, 0xff91ff91, 0x03030303, 0x04780478, 0xfc2ffc2f, 0x01a001a0, 0x02520252, 0xfdddfddd, 
	0x00be00be, 0x007e007e, 0x01f201f2, 0xff08ff08, 0xfde6fde6, 0xfe1efe1e, 0x01e101e1, 0x04210421, 
	0xfed9fed9, 0xfa5efa5e, 0x00240024, 0x058a058a, 0xfdb9fdb9, 0xfdecfdec, 0xfea9fea9, 0x02070207, 
	0x029a029a, 0xfb8dfb8d, 0xff7cff7c, 0x01490149, 0xff81ff81, 0x01ab01ab, 0xff22ff22, 0xfc51fc51, 
	0x039b039b, 0x02a002a0, 0xfe4cfe4c, 0xfe32fe32, 0x02950295, 0x033a033a, 0xfbcefbce, 0x00870087, 
	0x00c300c3, 0x01ba01ba, 0x004e004e, 0xfccafcca, 0x019e019e, 0x00ec00ec, 0x02cf02cf, 0xfef3fef3, 
	0xf9f7f9f7, 0x01280128, 0x06a306a3, 0xfcf0fcf0, 0xf8fbf8fb, 0x03070307, 0x02e202e2, 0xff7cff7c, 
	0xfd4dfd4d, 0xfda5fda5, 0x042a042a, 0x00620062, 0xfccefcce, 0x000f000f, 0x01160116, 0x03300330, 
	0xfd0efd0e, 0xfb81fb81, 0x024d024d, 0x05db05db, 0x01130113, 0xfa50fa50, 0x01670167, 0x01a601a6, 
	0xffbeffbe, 0x02d702d7, 0xfee7fee7, 0xfebbfebb, 0x02490249, 0xfe87fe87, 0x00e900e9, 0x04d204d2, 
	0xfe14fe14, 0x00bc00bc, 0xffc9ffc9, 0x008f008f, 0x02750275, 0xfe32fe32, 0x006d006d, 0xfed6fed6, 
	0x00720072, 0x00e300e3, 0x01220122, 0xffbbffbb, 0xfddffddf, 0xfeeefeee, 0xff2dff2d, 0x03cd03cd, 
	0x03380338, 0xff80ff80, 0xf9e1f9e1, 0xff89ff89, 0x05120512, 0x01090109, 0x02b002b0, 0xfc36fc36, 
	0xfb0dfb0d, 0x01b501b5, 0x01d601d6, 0x01400140, 0xff15ff15, 0xfd4ffd4f, 0xff7bff7b, 0x002f002f, 
	0x004e004e, 0x02690269, 0xfd72fd72, 0xfbc6fbc6, 0x026f026f, 0x02d402d4, 0xfe2bfe2b, 0xfbdafbda, 
	0xfe3afe3a, 0x00880088, 0x049c049c, 0x00b100b1, 0xf8f5f8f5, 0x013b013b, 0x01e601e6, 0xff4dff4d, 
	0x01270127, 0xfdb8fdb8, 0x01380138, 0x00a300a3, 0xfdf9fdf9, 0x01ad01ad, 0x01780178, 0xfd5afd5a, 
	0x01780178, 0x00a300a3, 0xfd56fd56, 0x05770577, 0xfe41fe41, 0xfb9cfb9c, 0x05d805d8, 0x04300430, 
	0xff04ff04, 0xfcfdfcfd, 0xfedcfedc, 0x01bf01bf, 0x031a031a, 0xfeedfeed, 0xfdd6fdd6, 0xfec9fec9, 
	0xfeabfeab, 0x04b004b0, 0x00c200c2, 0xfa91fa91, 0x01b401b4, 0x00650065, 0xfd89fd89, 0x05780578, 
	0x010f010f, 0xfd1cfd1c, 0xff75ff75, 0xfeacfeac, 0x03110311, 0x00aa00aa, 0xfcd5fcd5, 0x00410041, 
	0x02180218, 0x01400140, 0x01150115, 0x004b004b, 0xfbf7fbf7, 0x00a800a8, 0x050b050b, 0xfedafeda, 
	0xff32ff32, 0xfdd8fdd8, 0xfd15fd15, 0x03300330, 0x01b801b8, 0xff66ff66, 0xfec7fec7, 0xfa84fa84, 
	0xfebefebe, 0x06c306c3, 0xfe33fe33, 0xfd8efd8e, 0x03200320, 0xfc8dfc8d, 0x013e013e, 0x012a012a, 
	0xfe95fe95, 0x03500350, 0xfe96fe96, 0xfe70fe70, 0x01670167, 0x00330033, 0x01d501d5, 0xffa9ffa9, 
	0xfc2dfc2d, 0x02110211, 0x05860586, 0xff41ff41, 0xfad2fad2, 0x00bc00bc, 0x03780378, 0xfef5fef5, 
	0x00440044, 0xfe17fe17, 0xfebdfebd, 0x02860286, 0xfef2fef2, 0xfde8fde8, 0xff18ff18, 0x01fb01fb, 
	0x02390239, 0xfc9dfc9d, 0xfbf9fbf9, 0x04d904d9, 0x040b040b, 0xfb66fb66, 0xffd8ffd8, 0x00410041, 
	0xfed5fed5, 0x01e601e6, 0xff32ff32, 0xfeeefeee, 0x00a600a6, 0x021e021e, 0xfe86fe86, 0xfcb0fcb0, 
	0x02a902a9, 0x03a303a3, 0xfce8fce8, 0xfbbffbbf, 0x04740474, 0x03e403e4, 0xfdbafdba, 0xfe06fe06, 
	0xff08ff08, 0xfeecfeec, 0x02f702f7, 0x03320332, 0xfa67fa67, 0xfe09fe09, 0x063a063a, 0x01020102, 
	0xfc8bfc8b, 0x01c601c6, 0x03e303e3, 0xfeedfeed, 0xfe59fe59, 0x02820282, 0x01fd01fd, 0xfe23fe23, 
	0xffceffce, 0x006c006c, 0x00240024, 0x01770177, 0xfec0fec0, 0xfafdfafd, 0xfff2fff2, 0x07fe07fe, 
	0xfec1fec1, 0xf735f735, 0x007b007b, 0x04de04de, 0xffd6ffd6, 0xfc0afc0a, 0xfd1dfd1d, 0x01ac01ac, 
	0x02680268, 0xfe24fe24, 0xfd7ffd7f, 0xff4dff4d, 0x03020302, 0x00150015, 0xfbcefbce, 0x01aa01aa, 
	0x04a704a7, 0x02ce02ce, 0xfbb7fbb7, 0xfcc8fcc8, 0x04b804b8, 0x01b001b0, 0xff80ff80, 0xfe96fe96, 
	0xffa2ffa2, 0x01f501f5, 0x005e005e, 0x01150115, 0x02f102f1, 0x013e013e, 0xfdccfdcc, 0x00870087, 
	0x01280128, 0x00140014, 0x01420142, 0xfddafdda, 0xfdfffdff, 0x02790279, 0x038b038b, 0xfd3ffd3f, 
	0xfc71fc71, 0x017c017c, 0x00860086, 0xffd9ffd9, 0xff91ff91, 0x034a034a, 0x032e032e, 0xfdc3fdc3, 
	0x01df01df, 0x04c004c0, 0x00e400e4, 0x02c602c6, 0x02a502a5, 0xfc38fc38, 0x03b003b0, 0x07120712, 
	0xff5dff5d, 0x00f900f9, 0x003a003a, 0x02200220, 0x02b102b1, 0xfed7fed7, 0x02380238, 0xff4eff4e, 
	0xfc2dfc2d, 0x02530253, 0x035d035d, 0xfb30fb30, 0xfcc5fcc5, 0x01fb01fb, 0xfdddfddd, 0xff6cff6c, 
	0xfed1fed1, 0xfd9afd9a, 0x002e002e, 0xfe4bfe4b, 0x000c000c, 0xfeebfeeb, 0xfdb8fdb8, 0x01280128, 
	0xfe87fe87, 0xfbcffbcf, 0x00670067, 0x02a602a6, 0xfd4ffd4f, 0xfd27fd27, 0x004c004c, 0xffd2ffd2, 
	0xfffefffe, 0x00640064, 0x00460046, 0xfe31fe31, 0xfefdfefd, 0x01da01da, 0x00e400e4, 0xff4dff4d, 
	0xff74ff74, 0x002d002d, 0xff65ff65, 0x015e015e, 0x02a502a5, 0xff09ff09, 0xff14ff14, 0x02020202, 
	0x033a033a, 0x05dc05dc, 0x054e054e, 0x00470047, 0x029c029c, 0x05c605c6, 0x06c306c3, 0x063d063d, 
	0x00870087, 0x04a904a9, 0x06d706d7, 0x03f403f4, 0x05730573, 0x00cd00cd, 0x02f002f0, 0x06360636, 
	0x017b017b, 0x00ae00ae, 0x01850185, 0x01c001c0, 0xffefffef, 0xfeb4feb4, 0xfee5fee5, 0xff5fff5f, 
	0xff07ff07, 0xfdbbfdbb, 0xfd46fd46, 0xfc05fc05, 0xfe57fe57, 0xfd89fd89, 0xfb72fb72, 0xfda3fda3, 
	0xfe04fe04, 0xfe53fe53, 0xf9f8f9f8, 0xfae7fae7, 0x00390039, 0xfe1afe1a, 0xfdf2fdf2, 0xfbb7fbb7, 
	0xfbfbfbfb, 0x00cc00cc, 0xff98ff98, 0xff28ff28, 0xff08ff08, 0xfdeafdea, 0x007b007b, 0x017f017f, 
	0xfff4fff4, 0x00bb00bb, 0x00e300e3, 0x00040004, 0x00b500b5, 0x024a024a, 0x02c602c6, 0xfffcfffc, 
	0xffdeffde, 0x00f500f5, 0x01040104, 0x04ae04ae, 0x08210821, 0x071a071a, 0x02fc02fc, 0x06300630, 
	0x0dac0dac, 0x0d590d59, 0x08e508e5, 0x082f082f, 0x0c490c49, 0x0e110e11, 0x0e400e40, 0x0af50af5, 
	0x077c077c, 0x0b540b54, 0x0b4c0b4c, 0x07dd07dd, 0x05d105d1, 0x060b060b, 0x04560456, 0xff34ff34, 
	0x005b005b, 0x00e100e1, 0xfe18fe18, 0xf96ef96e, 0xf84af84a, 0xfbbffbbf, 0xf943f943, 0xf876f876, 
	0xf5e6f5e6, 0xf43df43d, 0xf96ff96f, 0xf957f957, 0xf6f0f6f0, 0xf489f489, 0xf620f620, 0xfa76fa76, 
	0xfa89fa89, 0xfa23fa23, 0xf8e7f8e7, 0xf9def9de, 0xfd0afd0a, 0xfdccfdcc, 0xfd3dfd3d, 0xfe0dfe0d, 
	0xff15ff15, 0xff02ff02, 0x00250025, 0x01740174, 0x02010201, 0xfffefffe, 0x00280028, 0x03d703d7, 
	0x03700370, 0x01ba01ba, 0xffe1ffe1, 0x00af00af, 0x05260526, 0x039b039b, 0xff14ff14, 0x02910291, 
	0x0a5b0a5b, 0x0d0f0d0f, 0x09c509c5, 0x082f082f, 0x10561056, 0x16c116c1, 0x167d167d, 0x14761476, 
	0x11381138, 0x189c189c, 0x1ddc1ddc, 0x17ab17ab, 0x13ea13ea, 0x14071407, 0x178b178b, 0x15171517, 
	0x0f430f43, 0x0c530c53, 0x093a093a, 0x086c086c, 0x03740374, 0xfd8efd8e, 0xfb20fb20, 0xf9f4f9f4, 
	0xf564f564, 0xee2fee2f, 0xefb6efb6, 0xf105f105, 0xeb15eb15, 0xe6a6e6a6, 0xeac3eac3, 0xef50ef50, 
	0xec25ec25, 0xeab7eab7, 0xeac9eac9, 0xf013f013, 0xf69df69d, 0xf4a4f4a4, 0xf428f428, 0xf6a0f6a0, 
	0xfc41fc41, 0xffacffac, 0xfd59fd59, 0x005c005c, 0x04620462, 0x02990299, 0x02610261, 0x07190719, 
	0x07460746, 0x02a102a1, 0x03180318, 0x06d506d5, 0x06520652, 0x02aa02aa, 0x01d901d9, 0x03100310, 
	0x031e031e, 0x00cf00cf, 0xffdbffdb, 0x033e033e, 0x0a240a24, 0x0f480f48, 0x09800980, 0x07ef07ef, 
	0x15fb15fb, 0x1fdc1fdc, 0x1ad71ad7, 0x15411541, 0x1b421b42, 0x23542354, 0x26912691, 0x22b822b8, 
	0x1c121c12, 0x1d0d1d0d, 0x21222122, 0x21902190, 0x18ad18ad, 0x114a114a, 0x119c119c, 0x0cc30cc3, 
	0x06c906c9, 0x03110311, 0xff0cff0c, 0xf63ef63e, 0xee0cee0c, 0xee58ee58, 0xec41ec41, 0xe725e725, 
	0xe0b1e0b1, 0xdd57dd57, 0xe0cfe0cf, 0xe25ee25e, 0xdffcdffc, 0xdbcadbca, 0xdde6dde6, 0xe513e513, 
	0xe8e4e8e4, 0xe860e860, 0xe8c0e8c0, 0xf03bf03b, 0xf4f4f4f4, 0xf5dbf5db, 0xfa09fa09, 0xfee6fee6, 
	0x01dc01dc, 0x020c020c, 0x05640564, 0x09fc09fc, 0x09a209a2, 0x08320832, 0x09660966, 0x0c690c69, 
	0x0d3e0d3e, 0x09df09df, 0x06030603, 0x06e406e4, 0x0a670a67, 0x09570957, 0x031f031f, 0x04930493, 
	0x0f3c0f3c, 0x12fa12fa, 0x10271027, 0x0fa30fa3, 0x17271727, 0x226a226a, 0x25412541, 0x226d226d, 
	0x22402240, 0x29212921, 0x31253125, 0x314c314c, 0x2adc2adc, 0x284f284f, 0x2cd42cd4, 0x2c472c47, 
	0x270d270d, 0x20442044, 0x1a3b1a3b, 0x16351635, 0x0e590e59, 0x08b208b2, 0x02330233, 0xf852f852, 
	0xeec0eec0, 0xe719e719, 0xe598e598, 0xe056e056, 0xd748d748, 0xd05ad05a, 0xce85ce85, 0xd25ed25e, 
	0xd00cd00c, 0xcaf4caf4, 0xcb19cb19, 0xd082d082, 0xd74ed74e, 0xd9d3d9d3, 0xdb22db22, 0xdff8dff8, 
	0xe8a1e8a1, 0xef56ef56, 0xf4ccf4cc, 0xf922f922, 0xfb22fb22, 0x01970197, 0x09150915, 0x0cf10cf1, 
	0x0c510c51, 0x0a700a70, 0x0ddc0ddc, 0x12271227, 0x12981298, 0x0fc80fc8, 0x0b6f0b6f, 0x09750975, 
	0x0b6b0b6b, 0x0c540c54, 0x09190919, 0x052a052a, 0x06100610, 0x0c7f0c7f, 0x12141214, 0x14571457, 
	0x13dc13dc, 0x17e017e0, 0x22272227, 0x28ab28ab, 0x2b7f2b7f, 0x2bca2bca, 0x2d632d63, 0x33713371, 
	0x38ab38ab, 0x38ec38ec, 0x33b033b0, 0x312e312e, 0x31cb31cb, 0x316b316b, 0x2c772c77, 0x21582158, 
	0x18a218a2, 0x139f139f, 0x10581058, 0x06850685, 0xf6e7f6e7, 0xeeb5eeb5, 0xe9c8e9c8, 0xe2dde2dd, 
	0xda25da25, 0xd441d441, 0xcff2cff2, 0xc984c984, 0xc7bec7be, 0xc742c742, 0xc753c753, 0xc8aac8aa, 
	0xc8e8c8e8, 0xcc05cc05, 0xd1a6d1a6, 0xd8acd8ac, 0xdd84dd84, 0xe03fe03f, 0xe641e641, 0xf026f026, 
	0xf7c2f7c2, 0xf96cf96c, 0xfd88fd88, 0x04a804a8, 0x09660966, 0x0c5d0c5d, 0x0db20db2, 0x0ea60ea6, 
	0x10421042, 0x12671267, 0x12a412a4, 0x0f720f72, 0x0d020d02, 0x0e320e32, 0x0eac0eac, 0x0d020d02, 
	0x0d220d22, 0x0d370d37, 0x0d660d66, 0x13921392, 0x1c091c09, 0x1bda1bda, 0x1a761a76, 0x226f226f, 
	0x2af82af8, 0x2f242f24, 0x2ed72ed7, 0x2ec12ec1, 0x33ab33ab, 0x37eb37eb, 0x38ca38ca, 0x33fc33fc, 
	0x2f862f86, 0x30613061, 0x2e732e73, 0x27932793, 0x1f931f93, 0x19301930, 0x118b118b, 0x094b094b, 
	0x026c026c, 0xfa30fa30, 0xf0bcf0bc, 0xe611e611, 0xdeccdecc, 0xdc12dc12, 0xd87dd87d, 0xd071d071, 
	0xc7c8c7c8, 0xc763c763, 0xcb18cb18, 0xccacccac, 0xc936c936, 0xc559c559, 0xcc5dcc5d, 0xd699d699, 
	0xda44da44, 0xda38da38, 0xddd0ddd0, 0xe7d6e7d6, 0xf024f024, 0xf4eaf4ea, 0xf9acf9ac, 0xfd79fd79, 
	0x02010201, 0x07de07de, 0x0bf30bf3, 0x0efb0efb, 0x10351035, 0x0eeb0eeb, 0x0fcf0fcf, 0x127f127f, 
	0x13711371, 0x106f106f, 0x0c370c37, 0x0bbb0bbb, 0x0d300d30, 0x0ed30ed3, 0x0e040e04, 0x0a2d0a2d, 
	0x0a510a51, 0x118f118f, 0x19361936, 0x1b4f1b4f, 0x1a6c1a6c, 0x1cb21cb2, 0x261f261f, 0x2fda2fda, 
	0x31ad31ad, 0x2eff2eff, 0x30593059, 0x37da37da, 0x3b973b97, 0x38f538f5, 0x33bd33bd, 0x2f232f23, 
	0x307e307e, 0x303a303a, 0x276d276d, 0x1b1d1b1d, 0x13421342, 0x10871087, 0x09ff09ff, 0xfdfffdff, 
	0xf0e1f0e1, 0xe857e857, 0xe51ae51a, 0xdf80df80, 0xd4e3d4e3, 0xcbddcbdd, 0xca31ca31, 0xc95bc95b, 
	0xc688c688, 0xc5f9c5f9, 0xc57ac57a, 0xc56ac56a, 0xc924c924, 0xcfa9cfa9, 0xd416d416, 0xd711d711, 
	0xdc48dc48, 0xe24de24d, 0xe992e992, 0xf1a7f1a7, 0xf73cf73c, 0xfa16fa16, 0xfedffedf, 0x06510651, 
	0x0af50af5, 0x0d620d62, 0x0f9b0f9b, 0x10661066, 0x10211021, 0x11b011b0, 0x14db14db, 0x13851385, 
	0x0f130f13, 0x0e780e78, 0x10991099, 0x12091209, 0x122e122e, 0x0f3b0f3b, 0x0c800c80, 0x12361236, 
	0x1dae1dae, 0x21932193, 0x1b841b84, 0x1c521c52, 0x290d290d, 0x327e327e, 0x33903390, 0x30d830d8, 
	0x2f4f2f4f, 0x34733473, 0x3d253d25, 0x3ca63ca6, 0x30fa30fa, 0x2af62af6, 0x2e342e34, 0x2cf22cf2, 
	0x25532553, 0x1c6a1c6a, 0x10ff10ff, 0x072c072c, 0x04f604f6, 0x00340034, 0xf178f178, 0xe415e415, 
	0xdf61df61, 0xdc3ddc3d, 0xd615d615, 0xd077d077, 0xc92cc92c, 0xc31dc31d, 0xc72ac72a, 0xcbb4cbb4, 
	0xc773c773, 0xc3dac3da, 0xc8d1c8d1, 0xd0dfd0df, 0xd5a9d5a9, 0xd9aad9aa, 0xdd30dd30, 0xe038e038, 
	0xe87ae87a, 0xf345f345, 0xf825f825, 0xf8f4f8f4, 0xfcb6fcb6, 0x036a036a, 0x099c099c, 0x0dc40dc4, 
	0x0e750e75, 0x0cf40cf4, 0x0e7d0e7d, 0x13761376, 0x14881488, 0x10e310e3, 0x108f108f, 0x133c133c, 
	0x126d126d, 0x10651065, 0x121f121f, 0x14421442, 0x13521352, 0x13271327, 0x15a215a2, 0x19441944, 
	0x1f1b1f1b, 0x23d123d1, 0x23092309, 0x24312431, 0x2dac2dac, 0x35ac35ac, 0x33983398, 0x2fde2fde, 
	0x32c932c9, 0x37ab37ab, 0x387c387c, 0x33803380, 0x2b632b63, 0x284e284e, 0x2a952a95, 0x260e260e, 
	0x18ab18ab, 0x0f130f13, 0x0ba60ba6, 0x054e054e, 0xfbb9fbb9, 0xf3bbf3bb, 0xeb55eb55, 0xe1a2e1a2, 
	0xdb2fdb2f, 0xd81ed81e, 0xd418d418, 0xce78ce78, 0xc963c963, 0xc70cc70c, 0xc8b0c8b0, 0xcb61cb61, 
	0xcc01cc01, 0xcc0ccc0c, 0xce4ece4e, 0xd395d395, 0xda80da80, 0xe07ee07e, 0xe429e429, 0xe7c2e7c2, 
	0xede3ede3, 0xf548f548, 0xfbd1fbd1, 0xfff9fff9, 0x017e017e, 0x045e045e, 0x0aff0aff, 0x0ff50ff5, 
	0x0f8e0f8e, 0x0eee0eee, 0x114e114e, 0x13d413d4, 0x152a152a, 0x14c714c7, 0x121c121c, 0x11c811c8, 
	0x16681668, 0x17c917c9, 0x125c125c, 0x10b110b1, 0x16d516d5, 0x1a311a31, 0x16e116e1, 0x16981698, 
	0x1ddf1ddf, 0x25042504, 0x24f424f4, 0x21ec21ec, 0x25c625c6, 0x30593059, 0x351f351f, 0x2e5e2e5e, 
	0x281a281a, 0x2ca22ca2, 0x34343434, 0x31dc31dc, 0x26a626a6, 0x1eac1eac, 0x1eff1eff, 0x1f791f79, 
	0x17ec17ec, 0x0c670c67, 0x044b044b, 0xff00ff00, 0xf8b9f8b9, 0xf188f188, 0xeac1eac1, 0xe43de43d, 
	0xddeddded, 0xd766d766, 0xd270d270, 0xd225d225, 0xd318d318, 0xcea7cea7, 0xc921c921, 0xcc5dcc5d, 
	0xd45cd45c, 0xd683d683, 0xd4f1d4f1, 0xd883d883, 0xe011e011, 0xe5aee5ae, 0xe98ce98c, 0xede2ede2, 
	0xf318f318, 0xf914f914, 0xfea4fea4, 0x01b301b3, 0x03fc03fc, 0x08800880, 0x0d250d25, 0x0f2c0f2c, 
	0x10541054, 0x11eb11eb, 0x12201220, 0x125c125c, 0x15051505, 0x162e162e, 0x12de12de, 0x10e310e3, 
	0x14281428, 0x16a516a5, 0x14411441, 0x11651165, 0x116b116b, 0x13531353, 0x15721572, 0x14da14da, 
	0x11d111d1, 0x142f142f, 0x1da91da9, 0x21e421e4, 0x1c9a1c9a, 0x1b801b80, 0x250a250a, 0x2d4b2d4b, 
	0x2c052c05, 0x26f626f6, 0x24eb24eb, 0x28042804, 0x2cf52cf5, 0x2b882b88, 0x221b221b, 0x1ade1ade, 
	0x1af91af9, 0x1a801a80, 0x14bf14bf, 0x0cc20cc2, 0x04240424, 0xfc03fc03, 0xf7a4f7a4, 0xf510f510, 
	0xeeceeece, 0xe601e601, 0xde6fde6f, 0xd992d992, 0xd8a5d8a5, 0xd9a6d9a6, 0xd628d628, 0xcf56cf56, 
	0xce92ce92, 0xd442d442, 0xd856d856, 0xd881d881, 0xd871d871, 0xdac3dac3, 0xe132e132, 0xe99ee99e, 
	0xedeaedea, 0xeee1eee1, 0xf2c1f2c1, 0xf975f975, 0xff8dff8d, 0x05210521, 0x08480848, 0x07d107d1, 
	0x0a620a62, 0x119f119f, 0x14821482, 0x12301230, 0x128a128a, 0x13d013d0, 0x12031203, 0x133a133a, 
	0x17511751, 0x14ba14ba, 0x0ed60ed6, 0x0fa90fa9, 0x12f612f6, 0x11f811f8, 0x10ba10ba, 0x0fee0fee, 
	0x0c950c95, 0x0cad0cad, 0x12261226, 0x14791479, 0x139e139e, 0x17111711, 0x1a971a97, 0x1a2f1a2f, 
	0x1e4b1e4b, 0x263e263e, 0x26c526c5, 0x22802280, 0x23c323c3, 0x26882688, 0x26192619, 0x26f226f2, 
	0x25922592, 0x1c831c83, 0x15e215e2, 0x190b190b, 0x19011901, 0x0e6e0e6e, 0x03cf03cf, 0xfe9cfe9c, 
	0xfa88fa88, 0xf6b8f6b8, 0xf1fef1fe, 0xe860e860, 0xdf64df64, 0xddf4ddf4, 0xde23de23, 0xd9d7d9d7, 
	0xd5c3d5c3, 0xd423d423, 0xd223d223, 0xd30cd30c, 0xd86ad86a, 0xdac7dac7, 0xd8d9d8d9, 0xdb7adb7a, 
	0xe364e364, 0xe930e930, 0xec8eec8e, 0xf152f152, 0xf593f593, 0xf88ff88f, 0xfe9ffe9f, 0x07130713, 
	0x0b8e0b8e, 0x0a9c0a9c, 0x0a860a86, 0x0f2b0f2b, 0x15721572, 0x17761776, 0x13d113d1, 0x0fd60fd6, 
	0x10d710d7, 0x15de15de, 0x17981798, 0x12a212a2, 0x0c740c74, 0x0cc50cc5, 0x11f211f2, 0x12fb12fb, 
	0x0dcd0dcd, 0x090d090d, 0x0a440a44, 0x0e2f0e2f, 0x0f790f79, 0x0d910d91, 0x0d930d93, 0x13811381, 
	0x1a351a35, 0x1b191b19, 0x194e194e, 0x1d911d91, 0x259d259d, 0x287f287f, 0x25ea25ea, 0x23fb23fb, 
	0x25662566, 0x28232823, 0x29192919, 0x242d242d, 0x1bf91bf9, 0x18ae18ae, 0x199a199a, 0x16041604, 
	0x0ccd0ccd, 0x04d904d9, 0xfef9fef9, 0xf93af93a, 0xf4cdf4cd, 0xf041f041, 0xe92ee92e, 0xe284e284, 
	0xdf08df08, 0xdbf3dbf3, 0xd9b0d9b0, 0xda4bda4b, 0xd958d958, 0xd55cd55c, 0xd51dd51d, 0xdac5dac5, 
	0xdf63df63, 0xe07be07b, 0xe175e175, 0xe419e419, 0xea1dea1d, 0xf20bf20b, 0xf638f638, 0xf61af61a, 
	0xf92af92a, 0x00c100c1, 0x06840684, 0x09060906, 0x09f409f4, 0x0a9f0a9f, 0x0ce50ce5, 0x10f910f9, 
	0x125d125d, 0x104d104d, 0x0f5b0f5b, 0x0fc50fc5, 0x10941094, 0x116a116a, 0x10101010, 0x0c3f0c3f, 
	0x0bd40bd4, 0x0ec00ec0, 0x0d7a0d7a, 0x09b609b6, 0x09460946, 0x0a8c0a8c, 0x0aea0aea, 0x0c770c77, 
	0x0d3d0d3d, 0x0d790d79, 0x14111411, 0x1c591c59, 0x1b691b69, 0x18261826, 0x1fab1fab, 0x29f929f9, 
	0x2af32af3, 0x26ea26ea, 0x24c624c6, 0x26742674, 0x2c852c85, 0x2ee42ee4, 0x24622462, 0x18ff18ff, 
	0x1b411b41, 0x1fb11fb1, 0x17911791, 0x0ac70ac7, 0x034f034f, 0xfee7fee7, 0xfbe5fbe5, 0xf7c6f7c6, 
	0xed23ed23, 0xe278e278, 0xe251e251, 0xe3c5e3c5, 0xdc08dc08, 0xd4dad4da, 0xd72ad72a, 0xd9dbd9db, 
	0xd75cd75c, 0xd663d663, 0xd894d894, 0xdc25dc25, 0xe19ae19a, 0xe561e561, 0xe45be45b, 0xe76fe76f, 
	0xf2e6f2e6, 0xf9e3f9e3, 0xf7e9f7e9, 0xf942f942, 0x01f801f8, 0x081f081f, 0x0a380a38, 0x0bfa0bfa, 
	0x0b500b50, 0x0ba20ba2, 0x12671267, 0x16901690, 0x0f0e0f0e, 0x09730973, 0x0ffd0ffd, 0x15601560, 
	0x10a910a9, 0x0b220b22, 0x0a0c0a0c, 0x0a3b0a3b, 0x0d5f0d5f, 0x0fe80fe8, 0x09f009f0, 0x02dd02dd, 
	0x069e069e, 0x0de90de9, 0x0d7f0d7f, 0x0a2c0a2c, 0x0a020a02, 0x0d0c0d0c, 0x15071507, 0x1d281d28, 
	0x1b6c1b6c, 0x16b916b9, 0x1d911d91, 0x28ae28ae, 0x29292929, 0x24592459, 0x244d244d, 0x26852685, 
	0x27d527d5, 0x28022802, 0x23702370, 0x1bc91bc9, 0x194c194c, 0x19611961, 0x13d413d4, 0x0aef0aef, 
	0x04620462, 0xfebefebe, 0xf8dbf8db, 0xf49ff49f, 0xef2cef2c, 0xe79fe79f, 0xe1dce1dc, 0xdef1def1, 
	0xdcaddcad, 0xdba4dba4, 0xdb73db73, 0xd877d877, 0xd5cdd5cd, 0xd8c6d8c6, 0xdf1fdf1f, 0xe263e263, 
	0xe20fe20f, 0xe273e273, 0xe719e719, 0xf053f053, 0xf781f781, 0xf810f810, 0xf7b2f7b2, 0xfd9afd9a, 
	0x05d805d8, 0x09850985, 0x0a530a53, 0x0b560b56, 0x0cac0cac, 0x0ee80ee8, 0x12081208, 0x125e125e, 
	0x0fb50fb5, 0x0f2a0f2a, 0x10af10af, 0x10171017, 0x0df30df3, 0x0d170d17, 0x0c490c49, 0x0ad90ad9, 
	0x0aa80aa8, 0x0a070a07, 0x07af07af, 0x07190719, 0x08ad08ad, 0x08740874, 0x07490749, 0x088d088d, 
	0x099b099b, 0x0b250b25, 0x127a127a, 0x19de19de, 0x17971797, 0x13c113c1, 0x1c1a1c1a, 0x27e327e3, 
	0x28a328a3, 0x22e422e4, 0x21962196, 0x24e124e1, 0x28ba28ba, 0x2a3a2a3a, 0x243f243f, 0x1acd1acd, 
	0x181d181d, 0x1a961a96, 0x16f116f1, 0x0cd30cd3, 0x04c304c3, 0xff2fff2f, 0xf9e0f9e0, 0xf552f552, 
	0xf0e2f0e2, 0xea16ea16, 0xe379e379, 0xe004e004, 0xdd7ddd7d, 0xdbbfdbbf, 0xdbe8dbe8, 0xdbbadbba, 
	0xd84dd84d, 0xd747d747, 0xdd45dd45, 0xe366e366, 0xe32ae32a, 0xe271e271, 0xe8e8e8e8, 0xf09bf09b, 
	0xf377f377, 0xf587f587, 0xfa7afa7a, 0xfecafeca, 0x02080208, 0x06be06be, 0x08f008f0, 0x08120812, 
	0x0a630a63, 0x0f8b0f8b, 0x0fa80fa8, 0x0cc20cc2, 0x0d480d48, 0x0e1c0e1c, 0x0d5b0d5b, 0x0eb20eb2, 
	0x0f800f80, 0x0afc0afc, 0x08780878, 0x0bca0bca, 0x0c120c12, 0x083f083f, 0x08950895, 0x0a7f0a7f, 
	0x07380738, 0x05980598, 0x096e096e, 0x0ad40ad4, 0x09030903, 0x0a420a42, 0x0c0b0c0b, 0x0c8f0c8f, 
	0x13361336, 0x1c3d1c3d, 0x1b651b65, 0x15dc15dc, 0x1a041a04, 0x24812481, 0x28fb28fb, 0x266f266f, 
	0x217d217d, 0x1ee41ee4, 0x23102310, 0x28a328a3, 0x24362436, 0x18b618b6, 0x13a313a3, 0x14f114f1, 
	0x12f712f7, 0x0c140c14, 0x04350435, 0xfcfbfcfb, 0xf754f754, 0xf3a9f3a9, 0xef79ef79, 0xea65ea65, 
	0xe57fe57f, 0xe035e035, 0xdbeedbee, 0xdb2edb2e, 0xdcd4dcd4, 0xdcf0dcf0, 0xdb0bdb0b, 0xd8d4d8d4, 
	0xda30da30, 0xe188e188, 0xe856e856, 0xe853e853, 0xe724e724, 0xed11ed11, 0xf566f566, 0xfa4dfa4d, 
	0xfdbefdbe, 0x00a900a9, 0x02b802b8, 0x06520652, 0x0b380b38, 0x0ca60ca6, 0x0d3a0d3a, 0x10001000, 
	0x102d102d, 0x0d6a0d6a, 0x0e9c0e9c, 0x12a812a8, 0x11411141, 0x0d150d15, 0x0bf70bf7, 0x0bdc0bdc, 
	0x0aec0aec, 0x0b200b20, 0x0a8c0a8c, 0x06cf06cf, 0x05380538, 0x074c074c, 0x078c078c, 0x05550555, 
	0x06050605, 0x08cc08cc, 0x07ff07ff, 0x06150615, 0x0a0b0a0b, 0x13261326, 0x18711871, 0x16541654, 
	0x14361436, 0x19611961, 0x23182318, 0x28862886, 0x25fc25fc, 0x204b204b, 0x1f321f32, 0x24872487, 
	0x28e628e6, 0x25302530, 0x1ba21ba2, 0x143c143c, 0x130a130a, 0x14451445, 0x10ed10ed, 0x066a066a, 
	0xfb65fb65, 0xf67bf67b, 0xf54bf54b, 0xf282f282, 0xed46ed46, 0xe6b9e6b9, 0xdf65df65, 0xdc08dc08, 
	0xdefddefd, 0xe216e216, 0xdf52df52, 0xda32da32, 0xd9ddd9dd, 0xde7ade7a, 0xe46ce46c, 0xe842e842, 
	0xe97ae97a, 0xe9fbe9fb, 0xecf0ecf0, 0xf3ddf3dd, 0xfb65fb65, 0xff72ff72, 0xff6fff6f, 0x00370037, 
	0x04760476, 0x09d209d2, 0x0ce80ce8, 0x0c800c80, 0x0ab50ab5, 0x0a8e0a8e, 0x0d760d76, 0x0fa00fa0, 
	0x0e8e0e8e, 0x0c5c0c5c, 0x0ad60ad6, 0x0a190a19, 0x0ad60ad6, 0x0c970c97, 0x0b200b20, 0x07210721, 
	0x05d605d6, 0x07c007c0, 0x09080908, 0x08fb08fb, 0x088d088d, 0x06b606b6, 0x05d705d7, 0x08ae08ae, 
	0x0bf70bf7, 0x0b690b69, 0x09a909a9, 0x0b560b56, 0x10221022, 0x15171517, 0x17231723, 0x161a161a, 
	0x162c162c, 0x1a691a69, 0x1ef11ef1, 0x1f2e1f2e, 0x1d001d00, 0x1bf11bf1, 0x1bf71bf7, 0x1b961b96, 
	0x1a4e1a4e, 0x17b117b1, 0x13e913e9, 0x0fdf0fdf, 0x0c130c13, 0x08bc08bc, 0x05be05be, 0x02050205, 
	0xfcaafcaa, 0xf6dbf6db, 0xf293f293, 0xf076f076, 0xef3fef3f, 0xec69ec69, 0xe750e750, 0xe370e370, 
	0xe447e447, 0xe748e748, 0xe765e765, 0xe4ede4ed, 0xe450e450, 0xe74ee74e, 0xeb97eb97, 0xeeddeedd, 
	0xf050f050, 0xf13af13a, 0xf427f427, 0xf938f938, 0xfd37fd37, 0xfe3dfe3d, 0xfefffeff, 0x01800180, 
	0x04670467, 0x05dc05dc, 0x06170617, 0x06770677, 0x07e307e3, 0x0a300a30, 0x0abe0abe, 0x08e008e0, 
	0x07a107a1, 0x097e097e, 0x0bcb0bcb, 0x0ab10ab1, 0x07a207a2, 0x063f063f, 0x07d307d3, 0x09810981, 
	0x091f091f, 0x073d073d, 0x05e205e2, 0x066a066a, 0x07c207c2, 0x08630863, 0x07350735, 0x06150615, 
	0x06780678, 0x07630763, 0x07a607a6, 0x07e907e9, 0x09360936, 0x0a170a17, 0x0a960a96, 0x0b9a0b9a, 
	0x0d780d78, 0x0f4b0f4b, 0x10381038, 0x10661066, 0x10a310a3, 0x12411241, 0x136d136d, 0x12ae12ae, 
	0x118b118b, 0x11cf11cf, 0x12261226, 0x10c310c3, 0x0eaa0eaa, 0x0cbb0cbb, 0x0bce0bce, 0x0b2e0b2e, 
	0x08a208a2, 0x03f703f7, 0x00960096, 0x005a005a, 0xfff6fff6, 0xfd37fd37, 0xf915f915, 0xf5bef5be, 
	0xf4fef4fe, 0xf651f651, 0xf612f612, 0xf273f273, 0xef91ef91, 0xf065f065, 0xf2b6f2b6, 0xf36ff36f, 
	0xf245f245, 0xf124f124, 0xf212f212, 0xf504f504, 0xf6edf6ed, 0xf6adf6ad, 0xf6d1f6d1, 0xf8b4f8b4, 
	0xfb3dfb3d, 0xfd06fd06, 0xfd92fd92, 0xfdfdfdfd, 0x00a500a5, 0x04710471, 0x05290529, 0x03910391, 
	0x044f044f, 0x07d107d1, 0x09fc09fc, 0x09440944, 0x07930793, 0x070e070e, 0x08d808d8, 0x0aab0aab, 
	0x09aa09aa, 0x06c106c1, 0x054d054d, 0x05d505d5, 0x063e063e, 0x05720572, 0x03850385, 0x021e021e, 
	0x01f301f3, 0x01cc01cc, 0x00eb00eb, 0x00890089, 0x00dd00dd, 0xfff7fff7, 0xfea4fea4, 0xfed5fed5, 
	0x005f005f, 0x017b017b, 0x01370137, 0x00810081, 0x01710171, 0x04c404c4, 0x070f070f, 0x06bb06bb, 
	0x06630663, 0x07ee07ee, 0x0a210a21, 0x0ba00ba0, 0x0c2f0c2f, 0x0b190b19, 0x0a770a77, 0x0be90be9, 
	0x0cd80cd8, 0x0b600b60, 0x09bd09bd, 0x09b109b1, 0x09420942, 0x07e207e2, 0x06830683, 0x05720572, 
	0x046b046b, 0x03250325, 0x01a701a7, 0x000f000f, 0xff2aff2a, 0xfe4bfe4b, 0xfd01fd01, 0xfbf8fbf8, 
	0xfb22fb22, 0xfa61fa61, 0xf9f5f9f5, 0xf9b5f9b5, 0xf91df91d, 0xf8fff8ff, 0xf971f971, 0xf964f964, 
	0xf8e5f8e5, 0xf937f937, 0xfa23fa23, 0xfa57fa57, 0xfaccfacc, 0xfb9ffb9f, 0xfc68fc68, 0xfd70fd70, 
	0xfe79fe79, 0xff5bff5b, 0x00390039, 0x018f018f, 0x027e027e, 0x02f402f4, 0x03c703c7, 0x04b804b8, 
	0x05720572, 0x05d605d6, 0x05990599, 0x05170517, 0x05af05af, 0x06590659, 0x056a056a, 0x04450445, 
	0x04390439, 0x04070407, 0x02d002d0, 0x01f201f2, 0x01ce01ce, 0x01690169, 0x00bc00bc, 0xffdfffdf, 
	0xfe84fe84, 0xfdf1fdf1, 0xfef9fef9, 0xffa9ffa9, 0xfea9fea9, 0xfd4bfd4b, 0xfd6bfd6b, 0xfee3fee3, 
	0x004c004c, 0x00b300b3, 0x00450045, 0x00610061, 0x01920192, 0x02eb02eb, 0x03de03de, 0x049d049d, 
	0x05190519, 0x05510551, 0x05a405a4, 0x063b063b, 0x07220722, 0x07e807e8, 0x07b307b3, 0x06dc06dc, 
	0x06880688, 0x06e106e1, 0x070c070c, 0x06920692, 0x05ad05ad, 0x049d049d, 0x040d040d, 0x03ee03ee, 
	0x03380338, 0x01dd01dd, 0x00e800e8, 0x009f009f, 0x00170017, 0xff35ff35, 0xfe4ffe4f, 0xfda3fda3, 
	0xfd67fd67, 0xfd56fd56, 0xfcfbfcfb, 0xfc55fc55, 0xfc22fc22, 0xfc6efc6e, 0xfca7fca7, 0xfcbffcbf, 
	0xfcd4fcd4, 0xfcf0fcf0, 0xfd76fd76, 0xfe42fe42, 0xfeb7feb7, 0xfee6fee6, 0xff44ff44, 0x00020002, 
	0x00a100a1, 0x00fa00fa, 0x012f012f, 0x01640164, 0x01e701e7, 0x02410241, 0x02310231, 0x01fe01fe, 
	0x01ec01ec, 0x02010201, 0x02040204, 0x01dd01dd, 0x01900190, 0x01440144, 0x01160116, 0x00fb00fb, 
	0x00c900c9, 0x007b007b, 0x00300030, 0xffefffef, 0xffbbffbb, 0xff8cff8c, 0xff65ff65, 0xff40ff40, 
	0xff14ff14, 0xff0aff0a, 0xff32ff32, 0xff4cff4c, 0xff5bff5b, 0xff8eff8e, 0xffe0ffe0, 0x00340034, 
	0x007f007f, 0x00be00be, 0x010c010c, 0x01730173, 0x01e301e3, 0x022a022a, 0x024a024a, 0x02a202a2, 
	0x03170317, 0x03650365, 0x038a038a, 0x03990399, 0x03a303a3, 0x03b903b9, 0x03dd03dd, 0x03ce03ce, 
	0x03890389, 0x03410341, 0x02fc02fc, 0x02b102b1, 0x02700270, 0x02280228, 0x01b801b8, 0x01260126, 
	0x00a200a2, 0x00370037, 0xffe4ffe4, 0xff9dff9d, 0xff36ff36, 0xfebcfebc, 0xfe5cfe5c, 0xfe25fe25, 
	0xfe0bfe0b, 0xfe00fe00, 0xfde7fde7, 0xfdbdfdbd, 0xfda9fda9, 0xfdb3fdb3, 0xfde4fde4, 0xfe29fe29, 
	0xfe64fe64, 0xfe8dfe8d, 0xfebcfebc, 0xfefcfefc, 0xff56ff56, 0xffbeffbe, 0x00140014, 0x00510051, 
	0x00720072, 0x00a400a4, 0x00d500d5, 0x01120112, 0x015d015d, 0x01760176, 0x01660166, 0x014f014f, 
	0x01520152, 0x01690169, 0x01790179, 0x01550155, 0x01150115, 0x00e200e2, 0x00c000c0, 0x00aa00aa, 
	0x00860086, 0x005a005a, 0x00220022, 0xfff2fff2, 0xffd1ffd1, 0xffb0ffb0, 0xff98ff98, 0xff88ff88, 
	0xff7aff7a, 0xff6eff6e, 0xff60ff60, 0xff5fff5f, 0xff72ff72, 0xff83ff83, 0xff9aff9a, 0xffb3ffb3, 
	0xffd2ffd2, 0xffecffec, 0x00090009, 0x003e003e, 0x00770077, 0x00b000b0, 0x00d500d5, 0x00ea00ea, 
	0x01040104, 0x01300130, 0x015d015d, 0x01760176, 0x01790179, 0x016e016e, 0x01810181, 0x019a019a, 
	0x01ab01ab, 0x01af01af, 0x01980198, 0x018b018b, 0x018f018f, 0x01970197, 0x018e018e, 0x01770177, 
	0x01610161, 0x01500150, 0x013f013f, 0x012c012c, 0x01120112, 0x00f400f4, 0x00e300e3, 0x00cb00cb, 
	0x00ad00ad, 0x00960096, 0x00810081, 0x006a006a, 0x00570057, 0x004c004c, 0x00400040, 0x00310031, 
	0x001e001e, 0x00110011, 0x00070007, 0x00030003, 0x00040004, 0xfff9fff9, 0xffeeffee, 0xfff1fff1, 
	0xfffdfffd, 0x00070007, 0x00070007, 0x00030003, 0x00060006, 0x000f000f, 0x001c001c, 0x001c001c, 
	0x00160016, 0x00120012, 0x000e000e, 0x00090009, 0x00030003, 0x00070007, 0x00010001, 0xffecffec, 
	0xffd9ffd9, 0xffccffcc, 0xffc3ffc3, 0xffbeffbe, 0xffbaffba, 0xffaeffae, 0xff9dff9d, 0xff92ff92, 
	0xff91ff91, 0xff92ff92, 0xff98ff98, 0xff99ff99, 0xff90ff90, 0xff8dff8d, 0xff9dff9d, 0xffb7ffb7, 
	0xffccffcc, 0xffddffdd, 0xffe5ffe5, 0xffeeffee, 0x00020002, 0x001f001f, 0x00370037, 0x00430043, 
	0x004d004d, 0x00580058, 0x00630063, 0x00740074, 0x008c008c, 0x00970097, 0x00940094, 0x00900090, 
	0x00910091, 0x00990099, 0x009d009d, 0x00970097, 0x00840084, 0x00750075, 0x006f006f, 0x00660066, 
	0x00580058, 0x004b004b, 0x003c003c, 0x00290029, 0x00180018, 0x000a000a, 0xfff9fff9, 0xffedffed, 
	0xffe5ffe5, 0xffdcffdc, 0xffd1ffd1, 0xffc7ffc7, 0xffc2ffc2, 0xffc1ffc1, 0xffc2ffc2, 0xffc1ffc1, 
	0xffbeffbe, 0xffbfffbf, 0xffc5ffc5, 0xffd2ffd2, 0xffe0ffe0, 0xffebffeb, 0xfff3fff3, 0xfff6fff6, 
	0xfffafffa, 0x00040004, 0x00100010, 0x00180018, 0x00190019, 0x00160016, 0x00170017, 0x00200020, 
	0x00270027, 0x00290029, 0x00260026, 0x00250025, 0x00240024, 0x00270027, 0x00260026, 0x001e001e, 
	0x001c001c, 0x00210021, 0x00240024, 0x00200020, 0x001c001c, 0x00150015, 0x00120012, 0x00110011, 
	0x000d000d, 0x000e000e, 0x000f000f, 0x00130013, 0x00100010, 0x00110011, 0x00170017, 0x00160016, 
	0x00180018, 0x00150015, 0x001d001d, 0x00260026, 0x00290029, 0x00300030, 0x00320032, 0x00370037, 
	0x00410041, 0x004f004f, 0x00540054, 0x00510051, 0x00570057, 0x005d005d, 0x00610061, 0x00680068, 
	0x006d006d, 0x006b006b, 0x006c006c, 0x00690069, 0x00630063, 0x00620062, 0x005a005a, 0x004d004d, 
	0x003a003a, 0x002c002c, 0x001f001f, 0x000f000f, 0x00030003, 0xfff3fff3, 0xffe4ffe4, 0xffd6ffd6, 
	0xffcbffcb, 0xffc7ffc7, 0xffc0ffc0, 0xffb3ffb3, 0xffabffab, 0xffadffad, 0xffacffac, 0xffb0ffb0, 
	0xffb3ffb3, 0xffb9ffb9, 0xffbeffbe, 0xffc2ffc2, 0xffcfffcf, 0xffd7ffd7, 0xffebffeb, 0xfff7fff7, 
	0x00000000, 0x000d000d, 0x000e000e, 0x001d001d, 0x00290029, 0x002e002e, 0x002d002d, 0x002a002a, 
	0x00330033, 0x00380038, 0x00440044, 0x004e004e, 0x00520052, 0x00560056, 0x00570057, 0x00580058, 
	0x005b005b, 0x005c005c, 0x00550055, 0x00510051, 0x004d004d, 0x004b004b, 0x00480048, 0x00450045, 
	0x00420042, 0x00350035, 0x00290029, 0x00240024, 0x00240024, 0x001b001b, 0x00130013, 0x00110011, 
	0x000d000d, 0x00070007, 0x00070007, 0x00060006, 0xfff8fff8, 0xfff1fff1, 0xfff0fff0, 0xffeaffea, 
	0xffe6ffe6, 0xffe0ffe0, 0xffdeffde, 0xffdcffdc, 0xffd6ffd6, 0xffd1ffd1, 0xffcdffcd, 0xffd2ffd2, 
	0xffceffce, 0xffc4ffc4, 0xffc2ffc2, 0xffbbffbb, 0xffbeffbe, 0xffb8ffb8, 0xffaeffae, 0xffa3ffa3, 
	0xff9eff9e, 0xffa0ffa0, 0xff97ff97, 0xff9cff9c, 0xff9cff9c, 0xffa3ffa3, 0xffa6ffa6, 0xffa1ffa1, 
	0xffa7ffa7, 0xffaeffae, 0xffb8ffb8, 0xffb6ffb6, 0xffbfffbf, 0xffc9ffc9, 0xffcfffcf, 0xffdcffdc, 
	0xffe9ffe9, 0xfffdfffd, 0x000b000b, 0x00170017, 0x001b001b, 0x002e002e, 0x00380038, 0x003e003e, 
	0x00490049, 0x00530053, 0x005c005c, 0x00530053, 0x005b005b, 0x00560056, 0x00530053, 0x00570057, 
	0x004f004f, 0x004f004f, 0x00460046, 0x00480048, 0x00370037, 0x00260026, 0x00240024, 0x00200020, 
	0x001b001b, 0x000f000f, 0x00090009, 0xfff3fff3, 0xffe7ffe7, 0xffe1ffe1, 0xffddffdd, 0xffdeffde, 
	0xffdcffdc, 0xffddffdd, 0xffd1ffd1, 0xffd6ffd6, 0xffdfffdf, 0xffddffdd, 0xffe5ffe5, 0xffe1ffe1, 
	0xffd6ffd6, 0xffd3ffd3, 0xffdcffdc, 0xffebffeb, 0xffe6ffe6, 0xffdaffda, 0xffcbffcb, 0xffbaffba, 
	0xffbdffbd, 0xffb9ffb9, 0xffc5ffc5, 0xffddffdd, 0xffe7ffe7, 0xffdfffdf, 0xffd8ffd8, 0xffe5ffe5, 
	0xffebffeb, 0xffe9ffe9, 0xffebffeb, 0xfffefffe, 0x00060006, 0x00030003, 0xfffafffa, 0xfffdfffd, 
	0x00170017, 0x00170017, 0x001d001d, 0x00240024, 0x00310031, 0x002c002c, 0x00150015, 0x00210021, 
	0x00290029, 0x002a002a, 0x001b001b, 0x00140014, 0x00140014, 0x000a000a, 0x00090009, 0x00060006, 
	0x000c000c, 0x00150015, 0x00250025, 0x00180018, 0x00010001, 0xfff8fff8, 0xffe5ffe5, 0xffdcffdc, 
	0xffdaffda, 0xfff4fff4, 0x00120012, 0x00250025, 0x00360036, 0x00350035, 0x00430043, 0x00550055, 
	0x00520052, 0x00560056, 0x00610061, 0x00630063, 0x004b004b, 0x00300030, 0x002c002c, 0x00120012, 
	0xffffffff, 0xfffefffe, 0xfffcfffc, 0x00040004, 0x000c000c, 0x001c001c, 0x00160016, 0x000c000c, 
	0xfffefffe, 0xfff2fff2, 0x00050005, 0x001b001b, 0x00240024, 0x00260026, 0x003e003e, 0x00380038, 
	0x00200020, 0x00340034, 0x005a005a, 0x005e005e, 0x00320032, 0x001b001b, 0x000c000c, 0xfffdfffd, 
	0xfffbfffb, 0xfff3fff3, 0x00030003, 0x001c001c, 0x00160016, 0xfff6fff6, 0xfffcfffc, 0x00210021, 
	0x00150015, 0xfffdfffd, 0x00140014, 0x00380038, 0x00320032, 0x00200020, 0x001f001f, 0x000e000e, 
	0xfff9fff9, 0x00010001, 0x001d001d, 0x00370037, 0x00440044, 0x003f003f, 0x00240024, 0x00210021, 
	0x00380038, 0x00460046, 0x00610061, 0x00700070, 0x00510051, 0x001e001e, 0x00130013, 0x000d000d, 
	0xffd9ffd9, 0xffc0ffc0, 0xffbeffbe, 0xffa7ffa7, 0xff8fff8f, 0xffa5ffa5, 0xffe0ffe0, 0xfff2fff2, 
	0xfff2fff2, 0xffdcffdc, 0xffbfffbf, 0xffd3ffd3, 0xfff0fff0, 0xfff5fff5, 0x00000000, 0x00400040, 
	0x00540054, 0x00320032, 0x004c004c, 0x00760076, 0x008a008a, 0x00860086, 0x007e007e, 0x00630063, 
	0x00410041, 0x005c005c, 0x00570057, 0x002d002d, 0x00150015, 0x001f001f, 0xfff9fff9, 0xffaeffae, 
	0xffd2ffd2, 0xfff3fff3, 0xfffafffa, 0x00000000, 0xfff7fff7, 0x000e000e, 0x00430043, 0x00810081, 
	0x00710071, 0x008f008f, 0x00b800b8, 0x006d006d, 0x000f000f, 0xffddffdd, 0x00080008, 0xffe5ffe5, 
	0xffb5ffb5, 0xfff1fff1, 0x00240024, 0x001b001b, 0xffb5ffb5, 0xff93ff93, 0xff91ff91, 0xffb0ffb0, 
	0xffe4ffe4, 0xffe9ffe9, 0x00320032, 0x002d002d, 0x00230023, 0x00360036, 0x005c005c, 0x008e008e, 
	0x00490049, 0x00400040, 0x002f002f, 0x00140014, 0xfff3fff3, 0xffe6ffe6, 0x000a000a, 0xffacffac, 
	0xff72ff72, 0xff17ff17, 0xff08ff08, 0xff6bff6b, 0xff55ff55, 0xff4fff4f, 0xff71ff71, 0xffe2ffe2, 
	0xffc9ffc9, 0xff82ff82, 0xffdfffdf, 0x00480048, 0x00e000e0, 0x013e013e, 0x01c801c8, 0x01f801f8, 
	0x01d301d3, 0x020d020d, 0x01c401c4, 0x01b501b5, 0x01f601f6, 0x021c021c, 0x01b101b1, 0x00f600f6, 
	0x00c800c8, 0x00680068, 0x00310031, 0x000d000d, 0x00070007, 0xffeeffee, 0xff2eff2e, 0xfea6fea6, 
	0xfe63fe63, 0xff27ff27, 0x002c002c, 0xffccffcc, 0xfed2fed2, 0xfe66fe66, 0xfe76fe76, 0xfdacfdac, 
	0xfd05fd05, 0xfd53fd53, 0xfd77fd77, 0xfd2afd2a, 0xfc6cfc6c, 0xfc80fc80, 0xfddffddf, 0xff8fff8f, 
	0x005d005d, 0x00b100b1, 0x02590259, 0x03eb03eb, 0x043d043d, 0x04ba04ba, 0x05ea05ea, 0x06e206e2, 
	0x068f068f, 0x05730573, 0x04400440, 0x03830383, 0x02da02da, 0x01980198, 0x015e015e, 0x02440244, 
	0x029e029e, 0x01f201f2, 0x00e400e4, 0x003e003e, 0xff7eff7e, 0xfeacfeac, 0xfde3fde3, 0xfd3dfd3d, 
	0xfd27fd27, 0xfcbcfcbc, 0xfc9afc9a, 0xfdadfdad, 0xff77ff77, 0x00e000e0, 0x014e014e, 0x01860186, 
	0x01340134, 0x00ed00ed, 0x00c300c3, 0x002b002b, 0xff9eff9e, 0xfe22fe22, 0xfc63fc63, 0xfaeefaee, 
	0xf9e4f9e4, 0xf99ff99f, 0xf99ff99f, 0xfa31fa31, 0xfabbfabb, 0xfb6bfb6b, 0xfb94fb94, 0xfba0fba0, 
	0xfd38fd38, 0xff0fff0f, 0x00d300d3, 0x01b201b2, 0x026b026b, 0x03b003b0, 0x04400440, 0x05130513, 
	0x06250625, 0x07200720, 0x06c106c1, 0x053c053c, 0x03250325, 0x00680068, 0xff1dff1d, 0xfdf0fdf0, 
	0xfcfbfcfb, 0xfc94fc94, 0xfbd0fbd0, 0xfb1dfb1d, 0xf9fdf9fd, 0xfa9bfa9b, 0xfcfbfcfb, 0xff8cff8c, 
	0x01230123, 0x01bb01bb, 0x02310231, 0x012b012b, 0x01170117, 0x02610261, 0x03a903a9, 0x04370437, 
	0x02900290, 0x00920092, 0xfe5bfe5b, 0xfd5cfd5c, 0xfeb5feb5, 0x00c900c9, 0x01ee01ee, 0x00d000d0, 
	0xff30ff30, 0xfd05fd05, 0xfc32fc32, 0xfd0dfd0d, 0xfd91fd91, 0xfe48fe48, 0xfcf0fcf0, 0xfa58fa58, 
	0xf8d1f8d1, 0xfb77fb77, 0x048c048c, 0x10d710d7, 0x1c291c29, 0x23b623b6, 0x28962896, 0x29a929a9, 
	0x27e227e2, 0x27212721, 0x25d925d9, 0x21de21de, 0x18301830, 0x09d109d1, 0xfbc5fbc5, 0xf0eaf0ea, 
	0xea57ea57, 0xe751e751, 0xe6fae6fa, 0xe662e662, 0xe551e551, 0xe56de56d, 0xe782e782, 0xed61ed61, 
	0xf43cf43c, 0xf95af95a, 0xfbb1fbb1, 0xfbbbfbbb, 0xfb16fb16, 0xfa1cfa1c, 0xfae9fae9, 0xfd1bfd1b, 
	0xfef8fef8, 0xff36ff36, 0xfe51fe51, 0xfd79fd79, 0xfd21fd21, 0xfeecfeec, 0x00a200a2, 0x01c701c7, 
	0x02a202a2, 0x01540154, 0xffd6ffd6, 0xffa1ffa1, 0x00600060, 0x01be01be, 0x03910391, 0x041b041b, 
	0x03680368, 0x04990499, 0x08800880, 0x10ed10ed, 0x1c431c43, 0x25742574, 0x2a992a99, 0x2b862b86, 
	0x29252925, 0x23ea23ea, 0x1e511e51, 0x190d190d, 0x11e311e3, 0x07440744, 0xf980f980, 0xec51ec51, 
	0xe24fe24f, 0xddceddce, 0xde1bde1b, 0xe119e119, 0xe5f0e5f0, 0xea25ea25, 0xece2ece2, 0xef7bef7b, 
	0xf451f451, 0xfaebfaeb, 0x007d007d, 0x03050305, 0x02140214, 0xff54ff54, 0xfc1bfc1b, 0xf99ef99e, 
	0xf9bef9be, 0xfc11fc11, 0xfe04fe04, 0xfd91fd91, 0xfb3dfb3d, 0xfa65fa65, 0xfb6cfb6c, 0xfd05fd05, 
	0xfef6fef6, 0x00e800e8, 0x01540154, 0xffaaffaa, 0xfdf5fdf5, 0xfd79fd79, 0xff8eff8e, 0x02ec02ec, 
	0x05900590, 0x08320832, 0x0cdc0cdc, 0x159c159c, 0x21d221d2, 0x2d682d68, 0x353c353c, 0x389a389a, 
	0x35b535b5, 0x2d592d59, 0x22ee22ee, 0x18de18de, 0x0eac0eac, 0x02d102d1, 0xf4d2f4d2, 0xe6c5e6c5, 
	0xdc81dc81, 0xd739d739, 0xd780d780, 0xdcb1dcb1, 0xe55ae55a, 0xeceaecea, 0xf03bf03b, 0xf241f241, 
	0xf4fbf4fb, 0xf8f0f8f0, 0xfd67fd67, 0x013c013c, 0x02840284, 0x01070107, 0xfe1efe1e, 0xfaa5faa5, 
	0xfa23fa23, 0xfe08fe08, 0x02330233, 0x031e031e, 0x01d901d9, 0x006c006c, 0xfd99fd99, 0xfa5efa5e, 
	0xfaabfaab, 0xfc25fc25, 0xfcb1fcb1, 0xfc9efc9e, 0xfc0afc0a, 0xfd0bfd0b, 0x00590059, 0x05120512, 
	0x085c085c, 0x0bb30bb3, 0x10231023, 0x149c149c, 0x1d011d01, 0x29ee29ee, 0x361c361c, 0x3bb93bb9, 
	0x3b393b39, 0x34fa34fa, 0x298c298c, 0x1e5d1e5d, 0x13c313c3, 0x08ef08ef, 0xfd98fd98, 0xf0aaf0aa, 
	0xe2a7e2a7, 0xd7d5d7d5, 0xd586d586, 0xd9aad9aa, 0xe1c5e1c5, 0xeb58eb58, 0xf2a3f2a3, 0xf541f541, 
	0xf401f401, 0xf40df40d, 0xf683f683, 0xfba9fba9, 0x009f009f, 0x011a011a, 0xfeedfeed, 0xfbabfbab, 
	0xf8fcf8fc, 0xf8e0f8e0, 0xfc91fc91, 0x01f601f6, 0x04cf04cf, 0x02f502f5, 0xfe3ffe3f, 0xfa8cfa8c, 
	0xf8e6f8e6, 0xf8fef8fe, 0xfa8afa8a, 0xfdc8fdc8, 0x005c005c, 0x00070007, 0xff3eff3e, 0x02000200, 
	0x08090809, 0x0d450d45, 0x11551155, 0x160e160e, 0x1e851e85, 0x29a529a5, 0x321b321b, 0x37983798, 
	0x3a313a31, 0x358a358a, 0x28d028d0, 0x19f819f8, 0x0d540d54, 0x02720272, 0xf75ef75e, 0xec43ec43, 
	0xe2d4e2d4, 0xdd36dd36, 0xdbaadbaa, 0xdd7bdd7b, 0xe49de49d, 0xef66ef66, 0xf5eaf5ea, 0xf5abf5ab, 
	0xf45bf45b, 0xf34ff34f, 0xf238f238, 0xf3a1f3a1, 0xf807f807, 0xfb6ffb6f, 0xfc46fc46, 0xfb90fb90, 
	0xf99df99d, 0xfb32fb32, 0x00ac00ac, 0x05860586, 0x077d077d, 0x082d082d, 0x05430543, 0xfdf8fdf8, 
	0xf9b3f9b3, 0xfa27fa27, 0xfc78fc78, 0xfee6fee6, 0x02430243, 0x04e804e8, 0x07290729, 0x0a0f0a0f, 
	0x0cfd0cfd, 0x10e310e3, 0x14c114c1, 0x15ab15ab, 0x14921492, 0x1b781b78, 0x278a278a, 0x30f030f0, 
	0x370e370e, 0x390c390c, 0x33cf33cf, 0x265e265e, 0x17e717e7, 0x0ab50ab5, 0x00480048, 0xf650f650, 
	0xea03ea03, 0xde28de28, 0xd66ed66e, 0xd49ad49a, 0xd7ddd7dd, 0xe232e232, 0xf000f000, 0xf959f959, 
	0xf9b5f9b5, 0xf6b2f6b2, 0xf3bcf3bc, 0xf1bbf1bb, 0xf410f410, 0xf8a5f8a5, 0xfc8ffc8f, 0xfcf4fcf4, 
	0xf9f0f9f0, 0xf684f684, 0xf82ef82e, 0xfdf6fdf6, 0x03910391, 0x07320732, 0x083d083d, 0x05690569, 
	0xfe1cfe1c, 0xf8a8f8a8, 0xf8f1f8f1, 0xfe0afe0a, 0x02460246, 0x05ee05ee, 0x093e093e, 0x0a950a95, 
	0x0b910b91, 0x0c6a0c6a, 0x10031003, 0x13af13af, 0x14bd14bd, 0x14ad14ad, 0x1c6e1c6e, 0x2a522a52, 
	0x35063506, 0x3bb33bb3, 0x3cf03cf0, 0x39613961, 0x2b172b17, 0x188c188c, 0x09d009d0, 0xfcc5fcc5, 
	0xf1b9f1b9, 0xe413e413, 0xd872d872, 0xd211d211, 0xd03dd03d, 0xd558d558, 0xe169e169, 0xf112f112, 
	0xfb85fb85, 0xfd6ffd6f, 0xfa93fa93, 0xf7d0f7d0, 0xf708f708, 0xf82ff82f, 0xfb2efb2e, 0xfe2ffe2f, 
	0xfdc9fdc9, 0xf907f907, 0xf5aef5ae, 0xf79af79a, 0xfcdcfcdc, 0x02ca02ca, 0x07420742, 0x08960896, 
	0x05340534, 0xfe91fe91, 0xf9def9de, 0xfb0cfb0c, 0x00280028, 0x04e604e6, 0x07670767, 0x093b093b, 
	0x0af50af5, 0x09ec09ec, 0x0a730a73, 0x0e4b0e4b, 0x11c611c6, 0x12241224, 0x11921192, 0x19121912, 
	0x26122612, 0x340e340e, 0x3c433c43, 0x3d893d89, 0x3be43be4, 0x2d2d2d2d, 0x172b172b, 0x04c104c1, 
	0xf74bf74b, 0xec9eec9e, 0xe169e169, 0xd9b6d9b6, 0xd562d562, 0xd434d434, 0xd99bd99b, 0xe5e7e5e7, 
	0xf4bef4be, 0x00820082, 0x04830483, 0x01dc01dc, 0xfccafcca, 0xf8d3f8d3, 0xf79ff79f, 0xf80cf80c, 
	0xfbcdfbcd, 0xfee8fee8, 0xfdb9fdb9, 0xfa50fa50, 0xfa43fa43, 0xfe95fe95, 0x024a024a, 0x04560456, 
	0x04040404, 0x026e026e, 0xfdaefdae, 0xf822f822, 0xf7fcf7fc, 0xfdd3fdd3, 0x03e003e0, 0x070b070b, 
	0x0b0d0b0d, 0x0e550e55, 0x0f460f46, 0x0cb30cb3, 0x0c7d0c7d, 0x0eed0eed, 0x0e3b0e3b, 0x0c650c65, 
	0x0c930c93, 0x15ef15ef, 0x25492549, 0x342d342d, 0x3be93be9, 0x3d9c3d9c, 0x3b7d3b7d, 0x2b792b79, 
	0x15fe15fe, 0x03ed03ed, 0xf606f606, 0xeae6eae6, 0xe020e020, 0xd993d993, 0xd767d767, 0xd9f7d9f7, 
	0xe0b8e0b8, 0xec2eec2e, 0xfa88fa88, 0x060e060e, 0x097b097b, 0x05580558, 0x00f800f8, 0xfd27fd27, 
	0xf809f809, 0xf511f511, 0xf71af71a, 0xf8f7f8f7, 0xf7acf7ac, 0xf5f3f5f3, 0xf849f849, 0xfd3dfd3d, 
	0xff54ff54, 0x005a005a, 0x00ac00ac, 0xfff0fff0, 0xfd70fd70, 0xfaeffaef, 0xfaecfaec, 0xff20ff20, 
	0x04320432, 0x05370537, 0x08460846, 0x0cbc0cbc, 0x0f0b0f0b, 0x0e990e99, 0x0e550e55, 0x0e020e02, 
	0x0a500a50, 0x05300530, 0x03dd03dd, 0x0ef60ef6, 0x1f8d1f8d, 0x31943194, 0x3d9a3d9a, 0x3f053f05, 
	0x3c2f3c2f, 0x2aa12aa1, 0x135d135d, 0x00c400c4, 0xf1daf1da, 0xe95ee95e, 0xe1c3e1c3, 0xdc5fdc5f, 
	0xdb3adb3a, 0xdcbadcba, 0xe35de35d, 0xf19cf19c, 0x01c301c3, 0x0c160c16, 0x0db40db4, 0x09560956, 
	0x01c301c3, 0xf837f837, 0xf2a7f2a7, 0xf26cf26c, 0xf517f517, 0xf6bbf6bb, 0xf62ef62e, 0xf491f491, 
	0xf503f503, 0xf88df88d, 0xfbabfbab, 0xfffbfffb, 0x03290329, 0x02d502d5, 0xfeebfeeb, 0xfb3bfb3b, 
	0xfc01fc01, 0x00820082, 0x06d406d4, 0x0ba00ba0, 0x10461046, 0x12e312e3, 0x12951295, 0x10db10db, 
	0x0ecc0ecc, 0x0c3f0c3f, 0x09030903, 0x05470547, 0x03aa03aa, 0x0deb0deb, 0x1f6a1f6a, 0x31b531b5, 
	0x3c203c20, 0x3e663e66, 0x3dca3dca, 0x2c3a2c3a, 0x13d613d6, 0x00160016, 0xefbdefbd, 0xe5bfe5bf, 
	0xde0cde0c, 0xd9f5d9f5, 0xd9d9d9d9, 0xdde5dde5, 0xe6bae6ba, 0xf48df48d, 0x04160416, 0x0c780c78, 
	0x0bdb0bdb, 0x06ae06ae, 0xff60ff60, 0xf71cf71c, 0xf195f195, 0xf13ef13e, 0xf4cbf4cb, 0xf743f743, 
	0xf7fff7ff, 0xf7ddf7dd, 0xf8a1f8a1, 0xfb15fb15, 0xfc60fc60, 0xfd84fd84, 0xfe88fe88, 0xff1cff1c, 
	0xfc41fc41, 0xfa75fa75, 0xfd56fd56, 0x01630163, 0x07350735, 0x0b4a0b4a, 0x11091109, 0x17481748, 
	0x16ed16ed, 0x13741374, 0x0f8d0f8d, 0x09a709a7, 0x02f602f6, 0xfe0dfe0d, 0xff6eff6e, 0x0c700c70, 
	0x1fa51fa5, 0x32f732f7, 0x3d1e3d1e, 0x3e563e56, 0x3c5d3c5d, 0x2cc92cc9, 0x16431643, 0x030f030f, 
	0xf390f390, 0xe842e842, 0xdfe2dfe2, 0xdd39dd39, 0xdf20df20, 0xe48ae48a, 0xecf2ecf2, 0xf789f789, 
	0x02270227, 0x07b807b8, 0x06be06be, 0x02a802a8, 0xfdc2fdc2, 0xf7e8f7e8, 0xf444f444, 0xf39ff39f, 
	0xf486f486, 0xf65df65d, 0xf8b2f8b2, 0xf9a5f9a5, 0xf9e0f9e0, 0xfb06fb06, 0xfb94fb94, 0xfbeefbee, 
	0xfbc3fbc3, 0xfbd7fbd7, 0xfc4bfc4b, 0xfe22fe22, 0x00f800f8, 0x03290329, 0x06bb06bb, 0x0b470b47, 
	0x10761076, 0x14781478, 0x16111611, 0x14741474, 0x0ff10ff1, 0x09490949, 0x00560056, 0xf9c5f9c5, 
	0xf8daf8da, 0x004e004e, 0x0ffb0ffb, 0x23912391, 0x33653365, 0x3b023b02, 0x3bce3bce, 0x327f327f, 
	0x20fb20fb, 0x0e460e46, 0xfd79fd79, 0xefdfefdf, 0xe7ede7ed, 0xe559e559, 0xe556e556, 0xe828e828, 
	0xece5ece5, 0xf356f356, 0xfbacfbac, 0x024a024a, 0x04720472, 0x03df03df, 0x00bc00bc, 0xfbbcfbbc, 
	0xf7b1f7b1, 0xf4fcf4fc, 0xf524f524, 0xf7b0f7b0, 0xfab7fab7, 0xfcdffcdf, 0xfe2afe2a, 0xfe5afe5a, 
	0xfd4afd4a, 0xfd0afd0a, 0xfca5fca5, 0xfc3bfc3b, 0xfb61fb61, 0xfbf9fbf9, 0xff85ff85, 0x01190119, 
	0x03dc03dc, 0x0a800a80, 0x0f550f55, 0x121d121d, 0x139c139c, 0x127a127a, 0x0f640f64, 0x09970997, 
	0x03360336, 0xfdabfdab, 0xf985f985, 0xf9b6f9b6, 0xff9bff9b, 0x0dbc0dbc, 0x1fd61fd6, 0x2fa02fa0, 
	0x3af13af1, 0x3e013e01, 0x373b373b, 0x27202720, 0x11b011b0, 0xfe41fe41, 0xf0dbf0db, 0xe902e902, 
	0xe633e633, 0xe720e720, 0xe99ae99a, 0xec8fec8f, 0xf164f164, 0xf84bf84b, 0xfe41fe41, 0x036f036f, 
	0x06350635, 0x049a049a, 0xfeabfeab, 0xf65af65a, 0xf042f042, 0xedf3edf3, 0xefffefff, 0xf41af41a, 
	0xf790f790, 0xfa0cfa0c, 0xfc07fc07, 0xfd4ffd4f, 0xfdcffdcf, 0xff87ff87, 0x00c100c1, 0xff7aff7a, 
	0xfcdcfcdc, 0xfb38fb38, 0xfc44fc44, 0xffffffff, 0x05910591, 0x0c430c43, 0x12991299, 0x14ba14ba, 
	0x11671167, 0x0ca70ca7, 0x08dd08dd, 0x04ca04ca, 0x00b700b7, 0xfc3cfc3c, 0xfa47fa47, 0xfbacfbac, 
	0xffa4ffa4, 0x0b400b40, 0x1cf61cf6, 0x30d530d5, 0x3d5c3d5c, 0x3e013e01, 0x37773777, 0x27182718, 
	0x11df11df, 0xff98ff98, 0xf3dcf3dc, 0xeea1eea1, 0xec6eec6e, 0xed21ed21, 0xef2fef2f, 0xf0c3f0c3, 
	0xf419f419, 0xfbeefbee, 0x04c104c1, 0x0b800b80, 0x0d850d85, 0x089a089a, 0xff76ff76, 0xf49bf49b, 
	0xeb4aeb4a, 0xe616e616, 0xe624e624, 0xeb5beb5b, 0xf35ef35e, 0xf9b2f9b2, 0xfcaffcaf, 0xfe06fe06, 
	0xfe72fe72, 0xfdcdfdcd, 0xfcc6fcc6, 0xfc89fc89, 0xfbcafbca, 0xfcb4fcb4, 0xff46ff46, 0x02010201, 
	0x06470647, 0x0a9a0a9a, 0x0ea70ea7, 0x10a610a6, 0x0fd10fd1, 0x0d470d47, 0x09710971, 0x04370437, 
	0xfe51fe51, 0xf9bff9bf, 0xf791f791, 0xf86ff86f, 0xfe8afe8a, 0x0ceb0ceb, 0x1ed81ed8, 0x2fb22fb2, 
	0x3a493a49, 0x3c473c47, 0x37903790, 0x28532853, 0x15641564, 0x04730473, 0xf721f721, 0xef8bef8b, 
	0xeaddeadd, 0xea20ea20, 0xeb7feb7f, 0xee34ee34, 0xf371f371, 0xfc61fc61, 0x06e706e7, 0x0d130d13, 
	0x0de50de5, 0x08e008e0, 0xffbeffbe, 0xf562f562, 0xebfcebfc, 0xe80ae80a, 0xead7ead7, 0xf0bbf0bb, 
	0xf666f666, 0xfa8efa8e, 0xfdd0fdd0, 0xff02ff02, 0xfdd1fdd1, 0xfdcbfdcb, 0xfe97fe97, 0xfee7fee7, 
	0xfe79fe79, 0xfea1fea1, 0x00530053, 0x03340334, 0x07500750, 0x0adb0adb, 0x0ddf0ddf, 0x0f840f84, 
	0x0fdf0fdf, 0x0db50db5, 0x09590959, 0x057f057f, 0x001d001d, 0xfb45fb45, 0xf8e5f8e5, 0xf96df96d, 
	0xffc9ffc9, 0x0de80de8, 0x20b120b1, 0x31463146, 0x3b253b25, 0x3cae3cae, 0x35f835f8, 0x266f266f, 
	0x13691369, 0x03310331, 0xf7eff7ef, 0xf179f179, 0xed4aed4a, 0xebeaebea, 0xed09ed09, 0xf14ff14f, 
	0xf774f774, 0xfe66fe66, 0x07880788, 0x0dd60dd6, 0x0cfa0cfa, 0x050b050b, 0xf9e8f9e8, 0xeeeaeeea, 
	0xe606e606, 0xe393e393, 0xe79be79b, 0xee13ee13, 0xf529f529, 0xfc02fc02, 0xffcbffcb, 0x00a200a2, 
	0x014c014c, 0x01660166, 0x00d800d8, 0xffc8ffc8, 0xfda5fda5, 0xfca9fca9, 0xfc68fc68, 0xfd35fd35, 
	0x017d017d, 0x06620662, 0x0ad30ad3, 0x0e920e92, 0x0fcb0fcb, 0x0ec70ec7, 0x0bfd0bfd, 0x07890789, 
	0x02540254, 0xfde3fde3, 0xfa21fa21, 0xf8a2f8a2, 0xfa94fa94, 0x01c201c2, 0x10811081, 0x21e421e4, 
	0x31253125, 0x3b433b43, 0x3cb13cb1, 0x35253525, 0x265e265e, 0x14c414c4, 0x057c057c, 0xfa60fa60, 
	0xf320f320, 0xefecefec, 0xef8bef8b, 0xf05bf05b, 0xf3a9f3a9, 0xfabafaba, 0x03b503b5, 0x0b040b04, 
	0x0dec0dec, 0x0b2c0b2c, 0x03b303b3, 0xf951f951, 0xee84ee84, 0xe741e741, 0xe57be57b, 0xe87ae87a, 
	0xed8fed8f, 0xf32df32d, 0xf90af90a, 0xfde9fde9, 0x01ea01ea, 0x04760476, 0x064f064f, 0x07400740, 
	0x04950495, 0x005f005f, 0xfc75fc75, 0xfa48fa48, 0xfb7efb7e, 0xfea0fea0, 0x031f031f, 0x08900890, 
	0x0c720c72, 0x0cbf0cbf, 0x0b2c0b2c, 0x08c108c1, 0x05dd05dd, 0x037a037a, 0x00ad00ad, 0xfe88fe88, 
	0xfd60fd60, 0xfcb4fcb4, 0x00650065, 0x0ba40ba4, 0x1b6f1b6f, 0x2a6f2a6f, 0x354a354a, 0x38f738f7, 
	0x32e832e8, 0x24b124b1, 0x13481348, 0x03e803e8, 0xfa17fa17, 0xf555f555, 0xf339f339, 0xf24ef24e, 
	0xf2c7f2c7, 0xf5caf5ca, 0xfad4fad4, 0x00440044, 0x060d060d, 0x0a2d0a2d, 0x07a507a5, 0xff7fff7f, 
	0xf554f554, 0xebc7ebc7, 0xe708e708, 0xe73fe73f, 0xeb25eb25, 0xf188f188, 0xf771f771, 0xfad0fad0, 
	0xfca7fca7, 0xfee6fee6, 0x01910191, 0x03fd03fd, 0x05530553, 0x05050505, 0x017f017f, 0xfc29fc29, 
	0xf980f980, 0xfb37fb37, 0xffcdffcd, 0x04b804b8, 0x092c092c, 0x0bb60bb6, 0x0b4e0b4e, 0x08960896, 
	0x05e305e3, 0x058a058a, 0x057a057a, 0x047b047b, 0x03600360, 0x023b023b, 0x01960196, 0x02c202c2, 
	0x088f088f, 0x15361536, 0x24392439, 0x2e062e06, 0x31113111, 0x2e4d2e4d, 0x254c254c, 0x17ad17ad, 
	0x0af70af7, 0x03540354, 0xff63ff63, 0xfcd8fcd8, 0xfb4afb4a, 0xfa39fa39, 0xfa70fa70, 0xfd18fd18, 
	0xfffbfffb, 0x03240324, 0x06e006e0, 0x06d306d3, 0x012a012a, 0xf7eef7ee, 0xee26ee26, 0xe718e718, 
	0xe4c1e4c1, 0xe694e694, 0xec45ec45, 0xf3b0f3b0, 0xf91bf91b, 0xfd4dfd4d, 0xfffefffe, 0x00f500f5, 
	0x01eb01eb, 0x01920192, 0xffa7ffa7, 0xfcc6fcc6, 0xf970f970, 0xf761f761, 0xf719f719, 0xf965f965, 
	0xfefdfefd, 0x05420542, 0x0a090a09, 0x0cf70cf7, 0x0cd70cd7, 0x0a500a50, 0x07bd07bd, 0x05ab05ab, 
	0x03d903d9, 0x02490249, 0x00a200a2, 0xff43ff43, 0xff7cff7c, 0x01780178, 0x073a073a, 0x13d113d1, 
	0x22af22af, 0x2d372d37, 0x31e031e0, 0x302f302f, 0x29032903, 0x1e171e17, 0x12701270, 0x0a080a08, 
	0x04b204b2, 0xfffefffe, 0xfb3cfb3c, 0xf836f836, 0xf81ef81e, 0xfa09fa09, 0xfd2afd2a, 0x001a001a, 
	0x01ee01ee, 0x011c011c, 0xfbd8fbd8, 0xf489f489, 0xee73ee73, 0xea76ea76, 0xe8d4e8d4, 0xeabbeabb, 
	0xef74ef74, 0xf503f503, 0xfaeafaea, 0xff45ff45, 0x013c013c, 0x01df01df, 0x01750175, 0xff13ff13, 
	0xfbe8fbe8, 0xfaa2faa2, 0xf9eff9ef, 0xf98ff98f, 0xfa0dfa0d, 0xfb87fb87, 0xfee4fee4, 0x030b030b, 
	0x07d407d4, 0x0c7f0c7f, 0x0f380f38, 0x0f170f17, 0x0c010c01, 0x07f107f1, 0x05650565, 0x03a803a8, 
	0x02290229, 0x02350235, 0x02b402b4, 0x034c034c, 0x04570457, 0x089e089e, 0x13c313c3, 0x21a321a3, 
	0x2c9e2c9e, 0x32743274, 0x311c311c, 0x28f628f6, 0x1d741d74, 0x11191119, 0x07780778, 0x03010301, 
	0x00630063, 0xff04ff04, 0xffeaffea, 0x00040004, 0xff65ff65, 0xffbcffbc, 0xffbeffbe, 0xff59ff59, 
	0xfd3cfd3c, 0xf80ff80f, 0xf18ff18f, 0xeb7beb7b, 0xe823e823, 0xe81be81b, 0xeaeeeaee, 0xf05af05a, 
	0xf5d3f5d3, 0xf8bff8bf, 0xfaa1faa1, 0xfc7cfc7c, 0xfc5bfc5b, 0xfb43fb43, 0xf9baf9ba, 0xf78ef78e, 
	0xf536f536, 0xf3f5f3f5, 0xf5daf5da, 0xf932f932, 0xfd01fd01, 0x01a901a9, 0x06490649, 0x09b209b2, 
	0x0c170c17, 0x0da80da8, 0x0cec0cec, 0x0a690a69, 0x077a077a, 0x046d046d, 0x01880188, 0x00380038, 
	0x00650065, 0x00cb00cb, 0x02510251, 0x05530553, 0x0ade0ade, 0x161e161e, 0x252b252b, 0x30b130b1, 
	0x371f371f, 0x38303830, 0x311c311c, 0x24812481, 0x17371737, 0x0d5f0d5f, 0x087b087b, 0x07050705, 
	0x07270727, 0x06540654, 0x03bc03bc, 0x00dc00dc, 0xfdf6fdf6, 0xfbfcfbfc, 0xfc2ffc2f, 0xfb46fb46, 
	0xf754f754, 0xf24af24a, 0xec80ec80, 0xe74ce74c, 0xe621e621, 0xe935e935, 0xef2def2d, 0xf574f574, 
	0xf888f888, 0xf988f988, 0xf8e6f8e6, 0xf64ff64f, 0xf43bf43b, 0xf3f2f3f2, 0xf4e8f4e8, 0xf576f576, 
	0xf4caf4ca, 0xf402f402, 0xf56bf56b, 0xf945f945, 0xfee5fee5, 0x05830583, 0x0b670b67, 0x0f370f37, 
	0x0f1d0f1d, 0x0c670c67, 0x09390939, 0x061a061a, 0x042c042c, 0x03830383, 0x03680368, 0x035f035f, 
	0x027a027a, 0x01030103, 0x021e021e, 0x06c406c4, 0x0f8e0f8e, 0x1d261d26, 0x2adb2adb, 0x339c339c, 
	0x35d335d3, 0x31af31af, 0x28972897, 0x1d8f1d8f, 0x14501450, 0x0f6b0f6b, 0x0dc20dc2, 0x0c4c0c4c, 
	0x09bc09bc, 0x05710571, 0x00ee00ee, 0xfe7bfe7b, 0xfd6efd6e, 0xfd48fd48, 0xfdfbfdfb, 0xfc86fc86, 
	0xf6fef6fe, 0xefcaefca, 0xea03ea03, 0xe6eae6ea, 0xe6ebe6eb, 0xea89ea89, 0xefb8efb8, 0xf346f346, 
	0xf484f484, 0xf453f453, 0xf38df38d, 0xf3bef3be, 0xf5a0f5a0, 0xf751f751, 0xf86cf86c, 0xf8a9f8a9, 
	0xf6fdf6fd, 0xf53af53a, 0xf5dbf5db, 0xf902f902, 0xfdaffdaf, 0x03090309, 0x07160716, 0x09040904, 
	0x097e097e, 0x09600960, 0x093d093d, 0x08f908f9, 0x09970997, 0x0ac10ac1, 0x0b110b11, 0x09f709f7, 
	0x07de07de, 0x06040604, 0x04da04da, 0x04fe04fe, 0x08b208b2, 0x12bb12bb, 0x1ff51ff5, 0x2a042a04, 
	0x2fe42fe4, 0x32043204, 0x2f712f71, 0x289b289b, 0x214b214b, 0x1d6d1d6d, 0x1b1c1b1c, 0x168d168d, 
	0x0fbb0fbb, 0x07e607e6, 0xffe7ffe7, 0xf9b6f9b6, 0xf708f708, 0xf873f873, 0xfd20fd20, 0x00850085, 
	0xff35ff35, 0xfa95fa95, 0xf4dbf4db, 0xef93ef93, 0xeb80eb80, 0xe9a5e9a5, 0xead6ead6, 0xec6eec6e, 
	0xec42ec42, 0xebe4ebe4, 0xebfcebfc, 0xeda4eda4, 0xf1d8f1d8, 0xf518f518, 0xf6a2f6a2, 0xf7cbf7cb, 
	0xf677f677, 0xf3c8f3c8, 0xf2cff2cf, 0xf32af32a, 0xf4f0f4f0, 0xf8a8f8a8, 0xfc72fc72, 0xffabffab, 
	0x02d002d0, 0x05ac05ac, 0x08d308d3, 0x0b620b62, 0x0cad0cad, 0x0d400d40, 0x0cb70cb7, 0x0be80be8, 
	0x0b370b37, 0x0a3d0a3d, 0x09440944, 0x08e208e2, 0x09b709b7, 0x0be80be8, 0x11071107, 0x1ade1ade, 
	0x27af27af, 0x31a531a5, 0x366c366c, 0x37cf37cf, 0x355c355c, 0x2fac2fac, 0x27ca27ca, 0x1f321f32, 
	0x17e317e3, 0x10b210b2, 0x078e078e, 0xfdeefdee, 0xf818f818, 0xf5e5f5e5, 0xf531f531, 0xf6b3f6b3, 
	0xf9ecf9ec, 0xfc48fc48, 0xfc38fc38, 0xf98af98a, 0xf527f527, 0xf12cf12c, 0xee02ee02, 0xebb2ebb2, 
	0xeb40eb40, 0xebc9ebc9, 0xebe0ebe0, 0xeb72eb72, 0xeaa9eaa9, 0xea8cea8c, 0xec32ec32, 0xee41ee41, 
	0xf036f036, 0xf2bef2be, 0xf48ef48e, 0xf507f507, 0xf54ef54e, 0xf6b5f6b5, 0xf990f990, 0xfc8cfc8c, 
	0xffecffec, 0x040e040e, 0x067a067a, 0x06970697, 0x06b806b8, 0x081f081f, 0x09a609a6, 0x0b290b29, 
	0x0d810d81, 0x0f1d0f1d, 0x0eaa0eaa, 0x0c8c0c8c, 0x09cc09cc, 0x08510851, 0x09460946, 0x0b1c0b1c, 
	0x0f0f0f0f, 0x18f818f8, 0x252b252b, 0x2da52da5, 0x33443344, 0x38423842, 0x3a263a26, 0x36153615, 
	0x2ccb2ccb, 0x21242124, 0x15db15db, 0x0ac60ac6, 0xfffefffe, 0xf7c0f7c0, 0xf40ef40e, 0xf459f459, 
	0xf581f581, 0xf74df74d, 0xfa43fa43, 0xfd16fd16, 0xfec2fec2, 0xfdedfded, 0xfaaffaaf, 0xf5e4f5e4, 
	0xefb9efb9, 0xe958e958, 0xe52fe52f, 0xe460e460, 0xe65de65d, 0xe9f6e9f6, 0xed28ed28, 0xef9bef9b, 
	0xf214f214, 0xf47ef47e, 0xf642f642, 0xf745f745, 0xf790f790, 0xf647f647, 0xf3d6f3d6, 0xf218f218, 
	0xf244f244, 0xf494f494, 0xf915f915, 0xfe31fe31, 0x02850285, 0x06dd06dd, 0x0a440a44, 0x0be90be9, 
	0x0d0b0d0b, 0x0d3d0d3d, 0x0bb20bb2, 0x09ca09ca, 0x08190819, 0x06db06db, 0x06df06df, 0x07d707d7, 
	0x09780978, 0x0bf60bf6, 0x0f350f35, 0x13cc13cc, 0x1ca21ca2, 0x285e285e, 0x31ae31ae, 0x377a377a, 
	0x39ff39ff, 0x37d437d4, 0x31053105, 0x284d284d, 0x20282028, 0x199d199d, 0x13af13af, 0x0c9d0c9d, 
	0x04190419, 0xfc60fc60, 0xf7c2f7c2, 0xf581f581, 0xf5eff5ef, 0xf89df89d, 0xfaf8faf8, 0xfb1efb1e, 
	0xf806f806, 0xf2aef2ae, 0xee09ee09, 0xebe0ebe0, 0xeb2feb2f, 0xebafebaf, 0xec07ec07, 0xeaf8eaf8, 
	0xe96fe96f, 0xe7bfe7bf, 0xe7b5e7b5, 0xea40ea40, 0xed67ed67, 0xf08af08a, 0xf35ff35f, 0xf3e6f3e6, 
	0xf360f360, 0xf3abf3ab, 0xf4acf4ac, 0xf6d5f6d5, 0xf9f9f9f9, 0xfde3fde3, 0x00b300b3, 0x01a601a6, 
	0x02a502a5, 0x04040404, 0x060a060a, 0x096b096b, 0x0c800c80, 0x0edb0edb, 0x11581158, 0x12441244, 
	0x117b117b, 0x0fe10fe1, 0x0dec0dec, 0x0c5e0c5e, 0x0b960b96, 0x0b4f0b4f, 0x0b5f0b5f, 0x0e1d0e1d, 
	0x15ee15ee, 0x229a229a, 0x2f022f02, 0x382b382b, 0x3dfb3dfb, 0x3dc63dc6, 0x387b387b, 0x2f352f35, 
	0x23512351, 0x174d174d, 0x0b8c0b8c, 0x005e005e, 0xf61df61d, 0xee8aee8a, 0xeaeaeaea, 0xeabeeabe, 
	0xed8ced8c, 0xf373f373, 0xf951f951, 0xfbd2fbd2, 0xfbaefbae, 0xf8d3f8d3, 0xf430f430, 0xefa2efa2, 
	0xebbeebbe, 0xe8dde8dd, 0xe6eee6ee, 0xe5ade5ad, 0xe570e570, 0xe675e675, 0xe8bfe8bf, 0xec93ec93, 
	0xf03cf03c, 0xf2e1f2e1, 0xf4aff4af, 0xf516f516, 0xf463f463, 0xf3a4f3a4, 0xf349f349, 0xf3c4f3c4, 
	0xf630f630, 0xf981f981, 0xfd1cfd1c, 0x01340134, 0x05de05de, 0x0ac40ac4, 0x0e450e45, 0x107a107a, 
	0x117a117a, 0x10a710a7, 0x0eff0eff, 0x0dcd0dcd, 0x0ccd0ccd, 0x0c080c08, 0x0b380b38, 0x0aac0aac, 
	0x0ad30ad3, 0x0b420b42, 0x0ca50ca5, 0x11471147, 0x1cd71cd7, 0x2aa62aa6, 0x34d134d1, 0x3a613a61, 
	0x3b5b3b5b, 0x397b397b, 0x33513351, 0x2a752a75, 0x21a921a9, 0x19b119b1, 0x11121112, 0x06710671, 
	0xfbf0fbf0, 0xf2baf2ba, 0xee29ee29, 0xedededed, 0xefcaefca, 0xf407f407, 0xf7c9f7c9, 0xf86ef86e, 
	0xf755f755, 0xf571f571, 0xf295f295, 0xf0e5f0e5, 0xf017f017, 0xee9fee9f, 0xebe8ebe8, 0xe854e854, 
	0xe524e524, 0xe3b1e3b1, 0xe4e8e4e8, 0xe7c9e7c9, 0xeb34eb34, 0xee53ee53, 0xf0d8f0d8, 0xf152f152, 
	0xf095f095, 0xf0b3f0b3, 0xf194f194, 0xf398f398, 0xf657f657, 0xf965f965, 0xfc49fc49, 0xfe79fe79, 
	0x00910091, 0x04020402, 0x07ee07ee, 0x0ba70ba7, 0x0f640f64, 0x11781178, 0x11b211b2, 0x10cf10cf, 
	0x0f3e0f3e, 0x0dce0dce, 0x0d780d78, 0x0d320d32, 0x0cb10cb1, 0x0bc30bc3, 0x0b760b76, 0x0ea60ea6, 
	0x152a152a, 0x206a206a, 0x2d872d87, 0x37893789, 0x3cc13cc1, 0x3cae3cae, 0x391c391c, 0x32793279, 
	0x2a712a71, 0x22502250, 0x1a481a48, 0x110b110b, 0x05c205c2, 0xfb08fb08, 0xf26df26d, 0xee86ee86, 
	0xef7cef7c, 0xf1c1f1c1, 0xf3fdf3fd, 0xf5b3f5b3, 0xf4f7f4f7, 0xf1dcf1dc, 0xeef1eef1, 0xed87ed87, 
	0xed04ed04, 0xece2ece2, 0xec9fec9f, 0xea28ea28, 0xe6b1e6b1, 0xe4cce4cc, 0xe3cbe3cb, 0xe4b7e4b7, 
	0xe885e885, 0xec6cec6c, 0xee7aee7a, 0xef6bef6b, 0xef12ef12, 0xedbaedba, 0xedacedac, 0xef83ef83, 
	0xf275f275, 0xf5faf5fa, 0xf92df92d, 0xfba5fba5, 0xfdc0fdc0, 0x00820082, 0x04fd04fd, 0x09bd09bd, 
	0x0d920d92, 0x10d210d2, 0x12611261, 0x11fa11fa, 0x10f610f6, 0x0fa70fa7, 0x0e4b0e4b, 0x0e4b0e4b, 
	0x0f3f0f3f, 0x0f2d0f2d, 0x0e0e0e0e, 0x0e340e34, 0x11051105, 0x15581558, 0x1a711a71, 0x20122012, 
	0x26992699, 0x2cc72cc7, 0x2f6e2f6e, 0x2f0d2f0d, 0x2dc52dc5, 0x2cd62cd6, 0x2b072b07, 0x261a261a, 
	0x1eed1eed, 0x177c177c, 0x0fba0fba, 0x07340734, 0x00020002, 0xfb1efb1e, 0xf851f851, 0xf6f4f6f4, 
	0xf4c9f4c9, 0xf232f232, 0xf09cf09c, 0xef9eef9e, 0xef4def4d, 0xef55ef55, 0xef1eef1e, 0xeeffeeff, 
	0xed43ed43, 0xea4fea4f, 0xe8d3e8d3, 0xe7bfe7bf, 0xe70ee70e, 0xe7dde7dd, 0xe917e917, 0xea1fea1f, 
	0xeaafeaaf, 0xea94ea94, 0xeae4eae4, 0xec61ec61, 0xee94ee94, 0xf124f124, 0xf468f468, 0xf7fff7ff, 
	0xfa5afa5a, 0xfbe3fbe3, 0xfe39fe39, 0x01980198, 0x05600560, 0x089e089e, 0x0a660a66, 0x0b4e0b4e, 
	0x0c110c11, 0x0bc50bc5, 0x0c0d0c0d, 0x0e340e34, 0x0fd30fd3, 0x10be10be, 0x117b117b, 0x10fa10fa, 
	0x105a105a, 0x114c114c, 0x13cf13cf, 0x16fb16fb, 0x19c719c7, 0x1b791b79, 0x1c491c49, 0x1eb61eb6, 
	0x229f229f, 0x255b255b, 0x27502750, 0x28c828c8, 0x28952895, 0x26a726a7, 0x22db22db, 0x1d201d20, 
	0x17431743, 0x11491149, 0x0a010a01, 0x025d025d, 0xfba5fba5, 0xf67ff67f, 0xf2e0f2e0, 0xf09df09d, 
	0xef63ef63, 0xeef1eef1, 0xee57ee57, 0xed45ed45, 0xecbdecbd, 0xece0ece0, 0xed99ed99, 0xee97ee97, 
	0xef30ef30, 0xeeb5eeb5, 0xed5fed5f, 0xebd1ebd1, 0xea6eea6e, 0xe9ebe9eb, 0xeadbeadb, 0xec66ec66, 
	0xedafedaf, 0xef0bef0b, 0xefc1efc1, 0xf02af02a, 0xf1d1f1d1, 0xf4dcf4dc, 0xf84df84d, 0xfb54fb54, 
	0xfdabfdab, 0xff5aff5a, 0x00fa00fa, 0x02550255, 0x04060406, 0x074d074d, 0x0a7a0a7a, 0x0c140c14, 
	0x0da40da4, 0x0ec30ec3, 0x0f7c0f7c, 0x112e112e, 0x13001300, 0x15181518, 0x16971697, 0x16841684, 
	0x15921592, 0x14bb14bb, 0x147d147d, 0x144f144f, 0x141b141b, 0x13cf13cf, 0x13bf13bf, 0x14961496, 
	0x182c182c, 0x1d901d90, 0x21bb21bb, 0x24942494, 0x25552555, 0x23c823c8, 0x222c222c, 0x20b720b7, 
	0x1df31df3, 0x1aab1aab, 0x16011601, 0x0eb20eb2, 0x06550655, 0xfe61fe61, 0xf87ef87e, 0xf544f544, 
	0xf3bcf3bc, 0xf269f269, 0xf037f037, 0xed78ed78, 0xeaf7eaf7, 0xe9afe9af, 0xeaa7eaa7, 0xec93ec93, 
	0xed7aed7a, 0xedc0edc0, 0xed0eed0e, 0xeb1aeb1a, 0xe9c0e9c0, 0xeaa7eaa7, 0xed75ed75, 0xf0eff0ef, 
	0xf35bf35b, 0xf3b6f3b6, 0xf367f367, 0xf3bff3bf, 0xf4c5f4c5, 0xf606f606, 0xf78ff78f, 0xf8f7f8f7, 
	0xf934f934, 0xf896f896, 0xf8daf8da, 0xfa90fa90, 0xfdbbfdbb, 0x02ac02ac, 0x071c071c, 0x09e709e7, 
	0x0bfd0bfd, 0x0daa0daa, 0x0f920f92, 0x11f911f9, 0x13dc13dc, 0x146f146f, 0x146d146d, 0x13e213e2, 
	0x12c312c3, 0x120f120f, 0x121b121b, 0x12ce12ce, 0x13681368, 0x12ba12ba, 0x11081108, 0x0f6c0f6c, 
	0x0f310f31, 0x12151215, 0x16b516b5, 0x19cb19cb, 0x1b001b00, 0x1b371b37, 0x1b131b13, 0x1bb91bb9, 
	0x1cc51cc5, 0x1c921c92, 0x1aeb1aeb, 0x17761776, 0x11561156, 0x0a9f0a9f, 0x05d205d2, 0x02a002a0, 
	0x002f002f, 0xfd0bfd0b, 0xf87ff87f, 0xf39cf39c, 0xeee0eee0, 0xeb85eb85, 0xeb01eb01, 0xec81ec81, 
	0xee1eee1e, 0xeee2eee2, 0xeea2eea2, 0xee0cee0c, 0xee44ee44, 0xefb5efb5, 0xf1cdf1cd, 0xf38ef38e, 
	0xf449f449, 0xf3c4f3c4, 0xf2e4f2e4, 0xf2b3f2b3, 0xf392f392, 0xf5a4f5a4, 0xf7fcf7fc, 0xf977f977, 
	0xfa4ffa4f, 0xfb36fb36, 0xfc4afc4a, 0xfe76fe76, 0x01ea01ea, 0x04db04db, 0x06550655, 0x06250625, 
	0x04ec04ec, 0x04a804a8, 0x05c505c5, 0x07a307a3, 0x09db09db, 0x0b330b33, 0x0b690b69, 0x0c080c08, 
	0x0dcb0dcb, 0x10011001, 0x12391239, 0x14031403, 0x14b714b7, 0x14011401, 0x12311231, 0x0fd50fd5, 
	0x0dcd0dcd, 0x0c9d0c9d, 0x0bcc0bcc, 0x0b860b86, 0x0aba0aba, 0x09550955, 0x09c309c3, 0x0bdd0bdd, 
	0x0dfb0dfb, 0x0fc40fc4, 0x10e710e7, 0x112d112d, 0x11de11de, 0x12b312b3, 0x129e129e, 0x12281228, 
	0x111e111e, 0x0f000f00, 0x0c210c21, 0x09a309a3, 0x081e081e, 0x06cc06cc, 0x050d050d, 0x02a102a1, 
	0xfeddfedd, 0xfaf7faf7, 0xf887f887, 0xf6e2f6e2, 0xf613f613, 0xf5e8f5e8, 0xf4bdf4bd, 0xf2b6f2b6, 
	0xf15cf15c, 0xf08af08a, 0xf0a2f0a2, 0xf260f260, 0xf443f443, 0xf4fff4ff, 0xf553f553, 0xf617f617, 
	0xf6e8f6e8, 0xf819f819, 0xf96cf96c, 0xfad4fad4, 0xfc88fc88, 0xfd4dfd4d, 0xfd48fd48, 0xfdc7fdc7, 
	0xff4bff4b, 0x016b016b, 0x03a303a3, 0x05180518, 0x061a061a, 0x06cb06cb, 0x06bb06bb, 0x07350735, 
	0x08cb08cb, 0x0ab10ab1, 0x0ba40ba4, 0x0b730b73, 0x0a9d0a9d, 0x0a0b0a0b, 0x0a5c0a5c, 0x0b2f0b2f, 
	0x0c3d0c3d, 0x0c910c91, 0x0b8a0b8a, 0x093d093d, 0x071a071a, 0x06170617, 0x05ac05ac, 0x05980598, 
	0x04dc04dc, 0x033b033b, 0x01c901c9, 0x011e011e, 0x01c401c4, 0x04180418, 0x06e906e9, 0x08ce08ce, 
	0x091a091a, 0x084e084e, 0x07d807d8, 0x088f088f, 0x0a1c0a1c, 0x0b950b95, 0x0c320c32, 0x0b560b56, 
	0x09be09be, 0x08630863, 0x07c107c1, 0x07f607f6, 0x08460846, 0x07c907c9, 0x05e205e2, 0x034a034a, 
	0x01060106, 0xffdfffdf, 0xffceffce, 0xffb2ffb2, 0xff28ff28, 0xfe1bfe1b, 0xfc48fc48, 0xfa67fa67, 
	0xf9c1f9c1, 0xfa4efa4e, 0xfb3efb3e, 0xfc14fc14, 0xfc39fc39, 0xfb78fb78, 0xfabbfabb, 0xfaeafaea, 
	0xfc04fc04, 0xfd9dfd9d, 0xfefffeff, 0xff7dff7d, 0xff49ff49, 0xff1dff1d, 0xff82ff82, 0x00910091, 
	0x01c801c8, 0x02740274, 0x025f025f, 0x01880188, 0x00320032, 0xffc5ffc5, 0x01220122, 0x036f036f, 
	0x05440544, 0x05e205e2, 0x05bf05bf, 0x05600560, 0x056f056f, 0x064c064c, 0x07b507b5, 0x08fc08fc, 
	0x09240924, 0x083a083a, 0x06cc06cc, 0x05870587, 0x04d504d5, 0x047e047e, 0x04290429, 0x035d035d, 
	0x01c701c7, 0xffc5ffc5, 0xfe48fe48, 0xfdb3fdb3, 0xfde8fde8, 0xfe8cfe8c, 0xfeb2feb2, 0xfe04fe04, 
	0xfd44fd44, 0xfcddfcdd, 0xfcf0fcf0, 0xfd79fd79, 0xfe12fe12, 0xfe5afe5a, 0xfe46fe46, 0xfe5afe5a, 
	0xfe8cfe8c, 0xff10ff10, 0x00740074, 0x02270227, 0x032d032d, 0x035f035f, 0x03790379, 0x03df03df, 
	0x04c404c4, 0x05fb05fb, 0x071d071d, 0x07ea07ea, 0x07f507f5, 0x07700770, 0x06f206f2, 0x07120712, 
	0x07d707d7, 0x089d089d, 0x08e008e0, 0x08ae08ae, 0x08050805, 0x070c070c, 0x069a069a, 0x06d306d3, 
	0x07180718, 0x06cb06cb, 0x05bd05bd, 0x04390439, 0x02bd02bd, 0x01cc01cc, 0x01670167, 0x01390139, 
	0x00c500c5, 0xffc7ffc7, 0xfe74fe74, 0xfd5dfd5d, 0xfd0efd0e, 0xfd88fd88, 0xfe64fe64, 0xff08ff08, 
	0xfefefefe, 0xfe75fe75, 0xfe27fe27, 0xfe6efe6e, 0xff1cff1c, 0xfff0fff0, 0x008f008f, 0x00a100a1, 
	0x00530053, 0x00040004, 0xfff7fff7, 0x00730073, 0x01260126, 0x016b016b, 0x013c013c, 0x00e400e4, 
	0x007d007d, 0x004c004c, 0x007d007d, 0x00c100c1, 0x00cf00cf, 0x00a300a3, 0x00400040, 0xffd9ffd9, 
	0xffc2ffc2, 0xfff8fff8, 0x002a002a, 0x00370037, 0x001e001e, 0xffdbffdb, 0xffa6ffa6, 0xffc1ffc1, 
	0x001a001a, 0x00840084, 0x00e800e8, 0x01280128, 0x01110111, 0x00d100d1, 0x00c100c1, 0x00e100e1, 
	0x01080108, 0x01260126, 0x011d011d, 0x00d800d8, 0x00820082, 0x005d005d, 0x008b008b, 0x00f600f6, 
	0x01630163, 0x01910191, 0x01790179, 0x01600160, 0x01710171, 0x01a201a2, 0x01e001e0, 0x02190219, 
	0x02220222, 0x01dd01dd, 0x017b017b, 0x013c013c, 0x01250125, 0x01180118, 0x01070107, 0x00de00de, 
	0x00890089, 0x002d002d, 0xfff1fff1, 0xffd5ffd5, 0xffd5ffd5, 0xffdbffdb, 0xffadffad, 0xff55ff55, 
	0xff21ff21, 0xff1aff1a, 0xff16ff16, 0xff21ff21, 0xff2dff2d, 0xff1bff1b, 0xff0cff0c, 0xff19ff19, 
	0xff2fff2f, 0xff5fff5f, 0xffb9ffb9, 0x00110011, 0x00450045, 0x005e005e, 0x00710071, 0x00a200a2, 
	0x00f700f7, 0x01470147, 0x01860186, 0x01be01be, 0x01dd01dd, 0x01e001e0, 0x01eb01eb, 0x020a020a, 
	0x02360236, 0x026d026d, 0x029a029a, 0x02b102b1, 0x02c202c2, 0x02ce02ce, 0x02d102d1, 0x02dc02dc, 
	0x02dc02dc, 0x02b602b6, 0x027f027f, 0x024d024d, 0x020a020a, 0x01b401b4, 0x015e015e, 0x01080108, 
	0x00bb00bb, 0x00850085, 0x005c005c, 0x00330033, 0x00040004, 0xffd1ffd1, 0xffabffab, 0xffa5ffa5, 
	0xffabffab, 0xffacffac, 0xffa7ffa7, 0xff97ff97, 0xff89ff89, 0xff9aff9a, 0xffb5ffb5, 0xffc0ffc0, 
	0xffd5ffd5, 0xfff9fff9, 0x00060006, 0xfff8fff8, 0xffe2ffe2, 0xffd3ffd3, 0xffd8ffd8, 0xfff0fff0, 
	0xfff0fff0, 0xffd8ffd8, 0xffccffcc, 0xffcdffcd, 0xffcaffca, 0xffc9ffc9, 0xffc7ffc7, 0xffb8ffb8, 
	0xffb9ffb9, 0xffd0ffd0, 0xffd7ffd7, 0xffcaffca, 0xffd0ffd0, 0xffe4ffe4, 0xffe9ffe9, 0xffe5ffe5, 
	0xffedffed, 0xfff9fff9, 0xfffdfffd, 0xfffbfffb, 0xfffcfffc, 0xfffdfffd, 0xfff5fff5, 0xfff3fff3, 
	0xfffdfffd, 0x00060006, 0xfffefffe, 0xfff2fff2, 0xffffffff, 0x001e001e, 0x00390039, 0x00420042, 
	0x00420042, 0x003d003d, 0x00300030, 0x00340034, 0x005b005b, 0x007b007b, 0x006a006a, 0x00410041, 
	0x00330033, 0x003c003c, 0x004d004d, 0x006b006b, 0x00820082, 0x00780078, 0x00580058, 0x00420042, 
	0x00350035, 0x00260026, 0x001d001d, 0x001d001d, 0x000e000e, 0xffdbffdb, 0xffa5ffa5, 0xff8fff8f, 
	0xff9bff9b, 0xffa9ffa9, 0xffa9ffa9, 0xffa7ffa7, 0xffabffab, 0xffa0ffa0, 0xff8aff8a, 0xff90ff90, 
	0xffa7ffa7, 0xffb8ffb8, 0xffb9ffb9, 0xffc1ffc1, 0xffc7ffc7, 0xffcaffca, 0xffe2ffe2, 0x00040004, 
	0x001a001a, 0x001e001e, 0x002b002b, 0x003b003b, 0x004c004c, 0x00550055, 0x00670067, 0x00830083, 
	0x00970097, 0x00a300a3, 0x00ad00ad, 0x00c200c2, 0x00dd00dd, 0x00f700f7, 0x00f100f1, 0x00df00df, 
	0x00d400d4, 0x00d400d4, 0x00d900d9, 0x00d900d9, 0x00cb00cb, 0x00a300a3, 0x00780078, 0x00470047, 
	0x00110011, 0xfffbfffb, 0x00000000, 0x00040004, 0x00040004, 0xffd9ffd9, 0xffb4ffb4, 0xffabffab, 
	0xff9fff9f, 0xffa6ffa6, 0xff96ff96, 0xff9bff9b, 0xff9cff9c, 0xff88ff88, 0xff81ff81, 0xff8cff8c, 
	0xffb2ffb2, 0xffc9ffc9, 0xffd0ffd0, 0xffb8ffb8, 0xffa3ffa3, 0xffa6ffa6, 0xffa0ffa0, 0xff99ff99, 
	0xffa7ffa7, 0xffb7ffb7, 0xffcbffcb, 0xffb5ffb5, 0xff88ff88, 0xffa9ffa9, 0xfff2fff2, 0x00380038, 
	0x004b004b, 0x00270027, 0xffeeffee, 0xffc7ffc7, 0xffcaffca, 0xffedffed, 0x000e000e, 0xfffbfffb, 
	0xfff8fff8, 0x001a001a, 0x005c005c, 0x009a009a, 0x00aa00aa, 0x00a500a5, 0x00790079, 0x003a003a, 
	0x00270027, 0x00250025, 0x00250025, 0x00210021, 0x002a002a, 0x004c004c, 0x004b004b, 0x00560056, 
	0x003c003c, 0x00130013, 0x00240024, 0x004e004e, 0x008e008e, 0x00570057, 0xfffbfffb, 0x001c001c, 
	0x001c001c, 0x000a000a, 0x00310031, 0x000b000b, 0xffdcffdc, 0xffb9ffb9, 0xffb1ffb1, 0xffdcffdc, 
	0xffe0ffe0, 0xffdcffdc, 0xffc4ffc4, 0xffacffac, 0xff9aff9a, 0xff7aff7a, 0xff73ff73, 0xff90ff90, 
	0xffaaffaa, 0xff95ff95, 0xff42ff42, 0xff14ff14, 0xff1fff1f, 0xff19ff19, 0xff32ff32, 0xff55ff55, 
	0xff86ff86, 0xff7cff7c, 0xff5aff5a, 0xff7aff7a, 0xffc3ffc3, 0xffe0ffe0, 0xffbaffba, 0xffbfffbf, 
	0xffe2ffe2, 0x00150015, 0xffffffff, 0x00040004, 0x00440044, 0x00510051, 0x00550055, 0x00500050, 
	0x004f004f, 0x007e007e, 0x00ab00ab, 0x00a500a5, 0x00b700b7, 0x008c008c, 0x00560056, 0x00290029, 
	0x00200020, 0x00340034, 0x00530053, 0x00830083, 0x00730073, 0x008c008c, 0x00480048, 0x00100010, 
	0xfffbfffb, 0xffcbffcb, 0x00190019, 0x002e002e, 0xfff3fff3, 0xffeaffea, 0xffc6ffc6, 0xffafffaf, 
	0xffa4ffa4, 0xff7cff7c, 0xffd2ffd2, 0xfffbfffb, 0x00150015, 0x001c001c, 0x000a000a, 0xfff0fff0, 
	0xffc5ffc5, 0xffedffed, 0xffecffec, 0xffffffff, 0xffeaffea, 0xffdbffdb, 0xff6eff6e, 0xff7aff7a, 
	0xffe0ffe0, 0xffcdffcd, 0xffe5ffe5, 0xffb5ffb5, 0xffc2ffc2, 0xffa6ffa6, 0xffa6ffa6, 0xffe4ffe4, 
	0x003b003b, 0x00380038, 0x00070007, 0x00180018, 0xfff9fff9, 0x00220022, 0x000e000e, 0x002b002b, 
	0x00590059, 0x00870087, 0x00a000a0, 0x00720072, 0x007d007d, 0x00970097, 0x00990099, 0x00950095, 
	0x00920092, 0x00570057, 0x00720072, 0x00a000a0, 0x00850085, 0x006d006d, 0x008f008f, 0x006b006b, 
	0x00290029, 0xfffafffa, 0x00140014, 0x00500050, 0x00270027, 0xffe4ffe4, 0xffd8ffd8, 0xfff9fff9, 
	0xfff8fff8, 0x00fa00fa, 0x00f100f1, 0x01120112, 0x00f200f2, 0xffcdffcd, 0x003f003f, 0xffceffce, 
	0x00b100b1, 0x01150115, 0x00310031, 0x00e100e1, 0x00d600d6, 0x00300030, 0xffe3ffe3, 0xffd2ffd2, 
	0x00810081, 0x01480148, 0xffc6ffc6, 0xff12ff12, 0xff3fff3f, 0xfebbfebb, 0xff60ff60, 0xff7cff7c, 
	0xffa4ffa4, 0x00a800a8, 0x00980098, 0xffd2ffd2, 0xff4eff4e, 0xfe70fe70, 0xfea6fea6, 0x00170017, 
	0x00310031, 0x003f003f, 0x00440044, 0xff2fff2f, 0xff82ff82, 0xff86ff86, 0x004d004d, 0x015d015d, 
	0x01190119, 0x00750075, 0xfec2fec2, 0xff7bff7b, 0x00840084, 0x01000100, 0x008c008c, 0xffc9ffc9, 
	0xff78ff78, 0xffa9ffa9, 0x00190019, 0xffa1ffa1, 0x01060106, 0xfff6fff6, 0x004f004f, 0x001d001d, 
	0xff18ff18, 0x00890089, 0xffdfffdf, 0x00200020, 0xffc2ffc2, 0xfff1fff1, 0xffc2ffc2, 0xffb0ffb0, 
	0xff96ff96, 0xffdcffdc, 0x00840084, 0xffe8ffe8, 0xff95ff95, 0xfea4fea4, 0x00680068, 0x00740074, 
	0x00880088, 0x008d008d, 0xff96ff96, 0xfff1fff1, 0xff24ff24, 0xffb6ffb6, 0x002d002d, 0x007e007e, 
	0xff5eff5e, 0xff26ff26, 0x00180018, 0x00810081, 0x00900090, 0x009c009c, 0x008c008c, 0xfecdfecd, 
	0xffbeffbe, 0x00f700f7, 0x00870087, 0xff89ff89, 0x003c003c, 0x013c013c, 0x00260026, 0x002c002c, 
	0x003e003e, 0x00400040, 0x00b700b7, 0x000c000c, 0xfecffecf, 0x00510051, 0x00ba00ba, 0xffcbffcb, 
	0xffc1ffc1, 0xff66ff66, 0xffa6ffa6, 0xfec6fec6, 0xff54ff54, 0x00ff00ff, 0x00a200a2, 0xff31ff31, 
	0xff3aff3a, 0x000b000b, 0x00260026, 0xff96ff96, 0xff6aff6a, 0x00fb00fb, 0x007d007d, 0xfef2fef2, 
	0xff6dff6d, 0x00ac00ac, 0x00360036, 0xff0eff0e, 0xffffffff, 0x00e700e7, 0x00880088, 0x01510151, 
	0x017f017f, 0xff62ff62, 0xfe92fe92, 0xff04ff04, 0x01270127, 0x01d101d1, 0xffa7ffa7, 0xff4aff4a, 
	0xffcfffcf, 0x00ae00ae, 0x01ab01ab, 0x00b700b7, 0x00310031, 0x01320132, 0xff4bff4b, 0xfe38fe38, 
	0xff62ff62, 0x009a009a, 0x00c300c3, 0x00010001, 0x01150115, 0x00120012, 0xff24ff24, 0xfedffedf, 
	0xfecdfecd, 0xff4aff4a, 0xffa8ffa8, 0x022a022a, 0x02db02db, 0xfe8dfe8d, 0xfd48fd48, 0x00b700b7, 
	0xffe6ffe6, 0x013b013b, 0x00d700d7, 0xff91ff91, 0x02550255, 0x006b006b, 0x00640064, 0x00010001, 
	0xfe40fe40, 0xff47ff47, 0x00b900b9, 0x02b902b9, 0x040f040f, 0x01720172, 0x00520052, 0x00e600e6, 
	0xfe0afe0a, 0xffedffed, 0x00f100f1, 0x02df02df, 0x03860386, 0xfeeffeef, 0x01370137, 0x01160116, 
	0xfe7bfe7b, 0xff1cff1c, 0xff54ff54, 0x03010301, 0x04fa04fa, 0xfe79fe79, 0xfc4efc4e, 0xfe3bfe3b, 
	0xfca0fca0, 0xffbcffbc, 0x00c100c1, 0x01730173, 0x043a043a, 0x000f000f, 0xfd70fd70, 0xfcd2fcd2, 
	0xfad9fad9, 0xfe74fe74, 0x03650365, 0x02200220, 0x017e017e, 0x014e014e, 0xfe4ffe4f, 0xfd05fd05, 
	0xfcd3fcd3, 0x01560156, 0x042f042f, 0x02f202f2, 0x00d700d7, 0xfd1afd1a, 0xfea8fea8, 0x00200020, 
	0xff7aff7a, 0x00000000, 0x015d015d, 0x01070107, 0x00da00da, 0xfeeefeee, 0xfddbfddb, 0x006e006e, 
	0xfd82fd82, 0x01fd01fd, 0x02d402d4, 0xfe6efe6e, 0x00ca00ca, 0xfefdfefd, 0xfd3afd3a, 0xfda5fda5, 
	0x00dd00dd, 0x01480148, 0x01da01da, 0xffdbffdb, 0xff24ff24, 0x00fa00fa, 0xfce6fce6, 0xfdd9fdd9, 
	0xfec1fec1, 0x031b031b, 0x04800480, 0x00420042, 0xfe95fe95, 0xfe6afe6a, 0xfe6efe6e, 0xfcd0fcd0, 
	0x02050205, 0x031d031d, 0x02450245, 0x00880088, 0xfc35fc35, 0xff2bff2b, 0x00770077, 0x00db00db, 
	0x026f026f, 0x016d016d, 0xff06ff06, 0xff79ff79, 0x01b701b7, 0x008b008b, 0xfe8efe8e, 0x01bd01bd, 
	0x03500350, 0xffd7ffd7, 0x00cd00cd, 0x01a101a1, 0xff10ff10, 0xff94ff94, 0xfebbfebb, 0xfe66fe66, 
	0x04ab04ab, 0x02ed02ed, 0xfd99fd99, 0xfdd7fdd7, 0xfed2fed2, 0xfe0cfe0c, 0xfb54fb54, 0x02b502b5, 
	0x06f806f8, 0x01640164, 0xfbf4fbf4, 0xfb7cfb7c, 0x000d000d, 0xffd2ffd2, 0xff59ff59, 0x00ca00ca, 
	0x043a043a, 0x02be02be, 0xfdd7fdd7, 0xfc92fc92, 0xff73ff73, 0x01510151, 0xfbccfbcc, 0x01050105, 
	0x06a106a1, 0x04080408, 0x01c301c3, 0xfd76fd76, 0xfc47fc47, 0xfafefafe, 0xfdb3fdb3, 0x04b104b1, 
	0x065f065f, 0x015a015a, 0xfd74fd74, 0xfbe2fbe2, 0xfe29fe29, 0x03ae03ae, 0x00ea00ea, 0x00cf00cf, 
	0x041b041b, 0x00d700d7, 0xfc73fc73, 0xfd0ffd0f, 0x00e000e0, 0xfeb6feb6, 0xff2fff2f, 0x05330533, 
	0x04c104c1, 0x01120112, 0xfc87fc87, 0xf823f823, 0xfc7bfc7b, 0x03880388, 0x06f506f5, 0x06a906a9, 
	0xfeb7feb7, 0xfb3bfb3b, 0xfccafcca, 0xfbb6fbb6, 0x00a700a7, 0x047b047b, 0x033b033b, 0x02a302a3, 
	0xfd81fd81, 0xfa3afa3a, 0xfeb7feb7, 0x019b019b, 0x00b800b8, 0x00db00db, 0x02630263, 0x013f013f, 
	0xfd48fd48, 0xfc8dfc8d, 0xfe7bfe7b, 0x01bb01bb, 0x01fa01fa, 0xfcc9fcc9, 0xfd7dfd7d, 0x00980098, 
	0xffb7ffb7, 0xfeb4feb4, 0xfe86fe86, 0x00c900c9, 0xffe9ffe9, 0xfd39fd39, 0xff80ff80, 0xff36ff36, 
	0xfcb8fcb8, 0xffd2ffd2, 0x01100110, 0x01120112, 0x02950295, 0xfecbfecb, 0xfe01fe01, 0x00980098, 
	0xff5bff5b, 0xffb8ffb8, 0x020c020c, 0x02b702b7, 0x03b903b9, 0x03a003a0, 0x00100010, 0xff38ff38, 
	0xfe6dfe6d, 0xfb67fb67, 0xfe66fe66, 0x03340334, 0x04dc04dc, 0x04d604d6, 0x01c701c7, 0xff46ff46, 
	0xfcf0fcf0, 0xf94df94d, 0xfc1cfc1c, 0x01b301b3, 0x05970597, 0x08b008b0, 0x02700270, 0xfc0ffc0f, 
	0xfc75fc75, 0xf90ef90e, 0xfac9fac9, 0x02950295, 0x05f505f5, 0x06be06be, 0x01930193, 0xfb7afb7a, 
	0xfc33fc33, 0xfba3fba3, 0xfbc6fbc6, 0x02fb02fb, 0x09950995, 0x08510851, 0x005f005f, 0xfa7afa7a, 
	0xfaddfadd, 0xfd49fd49, 0x007e007e, 0x03c803c8, 0x06e206e2, 0x05a205a2, 0xfe73fe73, 0xfb6ffb6f, 
	0xfd7cfd7c, 0x00000000, 0x02010201, 0x01b101b1, 0x027c027c, 0x01d401d4, 0xfd26fd26, 0xfc11fc11, 
	0xfe9bfe9b, 0x008e008e, 0x010e010e, 0x00360036, 0x00ba00ba, 0x00640064, 0xfd90fd90, 0xfd89fd89, 
	0xfeb2feb2, 0xfdf8fdf8, 0xfe8bfe8b, 0x01830183, 0x034b034b, 0xfff4fff4, 0xfd04fd04, 0xfcb5fcb5, 
	0xfc56fc56, 0xff5eff5e, 0x00b700b7, 0xff83ff83, 0x01190119, 0x00a600a6, 0xfea4fea4, 0xff0dff0d, 
	0xff9bff9b, 0x001b001b, 0x00f300f3, 0x01940194, 0x038d038d, 0x039f039f, 0x00e100e1, 0xff68ff68, 
	0xfde4fde4, 0xfe39fe39, 0x01590159, 0x021a021a, 0x00330033, 0xffbcffbc, 0x00b700b7, 0x01160116, 
	0x01450145, 0xfebafeba, 0xfdaffdaf, 0xff83ff83, 0xfcfefcfe, 0xfcfdfcfd, 0x00b800b8, 0x01720172, 
	0x00330033, 0xfcd6fcd6, 0xfc64fc64, 0xffb6ffb6, 0xff22ff22, 0xfec6fec6, 0x01ae01ae, 0x02450245, 
	0x02f502f5, 0x01710171, 0xfea7fea7, 0x00d300d3, 0xff12ff12, 0xfdcdfdcd, 0x02910291, 0x04ee04ee, 
	0x05e405e4, 0x01e501e5, 0xfc74fc74, 0xfe6dfe6d, 0x00410041, 0x00cc00cc, 0x05450545, 0x07b607b6, 
	0x04120412, 0xfe16fe16, 0xf95ff95f, 0xfae5fae5, 0xff98ff98, 0x02f802f8, 0x06b106b1, 0x062c062c, 
	0x00860086, 0xf93df93d, 0xf4b5f4b5, 0xf785f785, 0xffa0ffa0, 0x066a066a, 0x071d071d, 0x05de05de, 
	0x00e100e1, 0xf861f861, 0xf639f639, 0xf96ff96f, 0xff57ff57, 0x047b047b, 0x04940494, 0x02d702d7, 
	0x00030003, 0xfac0fac0, 0xf885f885, 0xfc11fc11, 0x00bc00bc, 0x051f051f, 0x04160416, 0xff5cff5c, 
	0xfe16fe16, 0xfb5dfb5d, 0xf9c0f9c0, 0xfcbbfcbb, 0x01c801c8, 0x083d083d, 0x0bfb0bfb, 0x0cfd0cfd, 
	0x0e360e36, 0x0e840e84, 0x0cc50cc5, 0x0c1c0c1c, 0x0cb20cb2, 0x0f040f04, 0x128d128d, 0x11e811e8, 
	0x11011101, 0x0fd10fd1, 0x0b400b40, 0x070b070b, 0x03a003a0, 0x01900190, 0xffb3ffb3, 0xfe0dfe0d, 
	0xfd50fd50, 0xfc07fc07, 0xfa5afa5a, 0xf7f9f7f9, 0xf510f510, 0xf2a6f2a6, 0xf20bf20b, 0xf1f3f1f3, 
	0xf3a0f3a0, 0xf745f745, 0xf8b0f8b0, 0xf7b0f7b0, 0xf519f519, 0xf4c7f4c7, 0xf654f654, 0xf7f3f7f3, 
	0xfc0bfc0b, 0xffc5ffc5, 0x025e025e, 0x030b030b, 0x01700170, 0x00c300c3, 0x01ce01ce, 0x03840384, 
	0x04dd04dd, 0x06c606c6, 0x07f707f7, 0x06d306d3, 0x03f903f9, 0x02770277, 0x02fb02fb, 0x02520252, 
	0x01b001b0, 0x012d012d, 0x01000100, 0x00730073, 0xfe2ffe2f, 0xfcb7fcb7, 0xfbdefbde, 0xfcacfcac, 
	0xff1aff1a, 0x03ce03ce, 0x0c490c49, 0x142d142d, 0x193c193c, 0x1d7e1d7e, 0x22382238, 0x24ff24ff, 
	0x25002500, 0x23782378, 0x22122212, 0x21362136, 0x1e9b1e9b, 0x1c101c10, 0x18df18df, 0x14921492, 
	0x0fb60fb6, 0x08520852, 0x01540154, 0xfac7fac7, 0xf3b2f3b2, 0xee3dee3d, 0xeb6deb6d, 0xe9d2e9d2, 
	0xe712e712, 0xe3d2e3d2, 0xe10fe10f, 0xdfe5dfe5, 0xdfeadfea, 0xe1c5e1c5, 0xe51fe51f, 0xe80ce80c, 
	0xebd5ebd5, 0xeec5eec5, 0xf16af16a, 0xf553f553, 0xf9c7f9c7, 0xfdf5fdf5, 0x00b600b6, 0x03ef03ef, 
	0x066c066c, 0x082a082a, 0x0a590a59, 0x0b940b94, 0x0ca70ca7, 0x0d6a0d6a, 0x0d750d75, 0x0cbe0cbe, 
	0x0c3e0c3e, 0x0bf70bf7, 0x0b830b83, 0x0aec0aec, 0x09a309a3, 0x08970897, 0x062e062e, 0x03ea03ea, 
	0x02840284, 0x00370037, 0xff55ff55, 0xfebbfebb, 0xfe8efe8e, 0x01140114, 0x07400740, 0x100d100d, 
	0x18471847, 0x1fcf1fcf, 0x26912691, 0x2ba92ba9, 0x2dce2dce, 0x2cf32cf3, 0x29dc29dc, 0x26092609, 
	0x23472347, 0x1fc71fc7, 0x1bf61bf6, 0x17c917c9, 0x126a126a, 0x0bc30bc3, 0x03030303, 0xfa25fa25, 
	0xf118f118, 0xe953e953, 0xe48ee48e, 0xe129e129, 0xdeb8deb8, 0xdc84dc84, 0xdb28db28, 0xdb3ddb3d, 
	0xdc46dc46, 0xdd67dd67, 0xde71de71, 0xe01ee01e, 0xe2f5e2f5, 0xe750e750, 0xec3aec3a, 0xf2f5f2f5, 
	0xfa49fa49, 0xffceffce, 0x04ba04ba, 0x07d707d7, 0x096e096e, 0x0aaa0aaa, 0x0c220c22, 0x0ee90ee9, 
	0x11ea11ea, 0x14c214c2, 0x16c716c7, 0x16d116d1, 0x154d154d, 0x13301330, 0x10281028, 0x0cb40cb4, 
	0x0a3a0a3a, 0x081d081d, 0x06a506a5, 0x06160616, 0x06160616, 0x05a605a6, 0x03d203d2, 0x01980198, 
	0xfee9fee9, 0xfd0afd0a, 0xfd43fd43, 0xffeeffee, 0x07840784, 0x13001300, 0x1ea51ea5, 0x29622962, 
	0x32cc32cc, 0x38df38df, 0x3a1d3a1d, 0x370a370a, 0x31ec31ec, 0x2cb42cb4, 0x27672767, 0x22a122a1, 
	0x1e7b1e7b, 0x19d719d7, 0x14011401, 0x0c900c90, 0x03af03af, 0xf8d4f8d4, 0xece3ece3, 0xe293e293, 
	0xda8bda8b, 0xd515d515, 0xd283d283, 0xd22bd22b, 0xd3f6d3f6, 0xd6e7d6e7, 0xd8edd8ed, 0xda1eda1e, 
	0xdbbbdbbb, 0xde23de23, 0xe1c4e1c4, 0xe728e728, 0xee50ee50, 0xf645f645, 0xfddefdde, 0x04c204c2, 
	0x0a4f0a4f, 0x0de40de4, 0x0fbe0fbe, 0x10601060, 0x10c210c2, 0x11a411a4, 0x12c812c8, 0x13be13be, 
	0x14a814a8, 0x15dc15dc, 0x162d162d, 0x14651465, 0x114e114e, 0x0da30da3, 0x09930993, 0x05c205c2, 
	0x02a702a7, 0x00cd00cd, 0x00ae00ae, 0x012e012e, 0x01390139, 0x01230123, 0x01010101, 0x00e700e7, 
	0x016f016f, 0x03e603e6, 0x0a380a38, 0x147b147b, 0x20252025, 0x2b1f2b1f, 0x34b634b6, 0x3b3d3b3d, 
	0x3d2a3d2a, 0x3adf3adf, 0x34d234d2, 0x2c2d2c2d, 0x23602360, 0x1b491b49, 0x13d213d2, 0x0dc90dc9, 
	0x08a408a4, 0x02cb02cb, 0xfbd1fbd1, 0xf2fef2fe, 0xe855e855, 0xde5bde5b, 0xd6efd6ef, 0xd1c2d1c2, 
	0xcef1cef1, 0xcf6ecf6e, 0xd2efd2ef, 0xd7cfd7cf, 0xdc6adc6a, 0xe02de02d, 0xe38de38d, 0xe6b0e6b0, 
	0xe97ce97c, 0xece2ece2, 0xf1faf1fa, 0xf892f892, 0xffccffcc, 0x07180718, 0x0dea0dea, 0x12e412e4, 
	0x14cf14cf, 0x14a214a2, 0x13d313d3, 0x12031203, 0x0f960f96, 0x0ece0ece, 0x104e104e, 0x124a124a, 
	0x134c134c, 0x136e136e, 0x12e412e4, 0x10d510d5, 0x0ccb0ccb, 0x08290829, 0x04860486, 0x02090209, 
	0x00db00db, 0x01720172, 0x031f031f, 0x04c304c3, 0x06270627, 0x07490749, 0x07c807c8, 0x07c407c4, 
	0x091f091f, 0x0e650e65, 0x17201720, 0x20652065, 0x29732973, 0x32a332a3, 0x399e399e, 0x3b913b91, 
	0x382d382d, 0x30bc30bc, 0x27302730, 0x1d101d10, 0x12ad12ad, 0x093c093c, 0x02f202f2, 0xff75ff75, 
	0xfc0ffc0f, 0xf748f748, 0xf12cf12c, 0xe9eae9ea, 0xe1e1e1e1, 0xd9c3d9c3, 0xd2d2d2d2, 0xcefccefc, 
	0xcf59cf59, 0xd312d312, 0xd892d892, 0xdeebdeeb, 0xe550e550, 0xea92ea92, 0xee25ee25, 0xf083f083, 
	0xf25af25a, 0xf4b7f4b7, 0xf8cdf8cd, 0xfe78fe78, 0x04a004a0, 0x0ac90ac9, 0x106f106f, 0x147a147a, 
	0x16491649, 0x15da15da, 0x13871387, 0x10801080, 0x0e300e30, 0x0d180d18, 0x0d120d12, 0x0dfa0dfa, 
	0x0f870f87, 0x10ae10ae, 0x10121012, 0x0d940d94, 0x0a450a45, 0x06d306d3, 0x03e303e3, 0x028e028e, 
	0x03160316, 0x04fb04fb, 0x08180818, 0x0bbc0bbc, 0x0e740e74, 0x0f990f99, 0x0f940f94, 0x0fbc0fbc, 
	0x12001200, 0x16ad16ad, 0x1c731c73, 0x23692369, 0x2c422c42, 0x34c434c4, 0x39363936, 0x38403840, 
	0x32cf32cf, 0x29df29df, 0x1e111e11, 0x10b210b2, 0x04540454, 0xfb7cfb7c, 0xf66cf66c, 0xf365f365, 
	0xf0fff0ff, 0xee82ee82, 0xeaf5eaf5, 0xe5c9e5c9, 0xdf63df63, 0xd875d875, 0xd277d277, 0xcfb7cfb7, 
	0xd12fd12f, 0xd5d9d5d9, 0xdc7edc7e, 0xe48ee48e, 0xed44ed44, 0xf4e1f4e1, 0xf980f980, 0xfb4efb4e, 
	0xfc41fc41, 0xfd54fd54, 0xfea9fea9, 0x012d012d, 0x056d056d, 0x0af10af1, 0x11071107, 0x15e315e3, 
	0x17b217b2, 0x17231723, 0x15731573, 0x12401240, 0x0def0def, 0x0a850a85, 0x09590959, 0x0a450a45, 
	0x0c170c17, 0x0dba0dba, 0x0f4f0f4f, 0x10961096, 0x10001000, 0x0d2b0d2b, 0x099c099c, 0x06c106c1, 
	0x058f058f, 0x06510651, 0x082b082b, 0x0a8a0a8a, 0x0d970d97, 0x104b104b, 0x10e310e3, 0x0f700f70, 
	0x0e0a0e0a, 0x0e860e86, 0x10fd10fd, 0x150d150d, 0x1b521b52, 0x23dd23dd, 0x2c7e2c7e, 0x323f323f, 
	0x33813381, 0x2ff32ff3, 0x27e127e1, 0x1c381c38, 0x0e9f0e9f, 0x015e015e, 0xf701f701, 0xf11bf11b, 
	0xeef0eef0, 0xee81ee81, 0xeeaeeeae, 0xeee3eee3, 0xedc2edc2, 0xea32ea32, 0xe491e491, 0xde43de43, 
	0xd945d945, 0xd743d743, 0xd8a1d8a1, 0xdd2fdd2f, 0xe486e486, 0xed67ed67, 0xf62ff62f, 0xfd0cfd0c, 
	0x00900090, 0x01a501a5, 0x02240224, 0x01eb01eb, 0x01110111, 0x01c301c3, 0x04c904c9, 0x08b908b9, 
	0x0cb40cb4, 0x10331033, 0x125c125c, 0x12c512c5, 0x113f113f, 0x0e300e30, 0x0ae20ae2, 0x082d082d, 
	0x06b206b2, 0x07820782, 0x0a170a17, 0x0ccb0ccb, 0x0f210f21, 0x10e910e9, 0x11631163, 0x10441044, 
	0x0dfb0dfb, 0x0b750b75, 0x09dc09dc, 0x09890989, 0x0a090a09, 0x0b100b10, 0x0c340c34, 0x0ccd0ccd, 
	0x0c250c25, 0x09c009c0, 0x06f406f4, 0x067f067f, 0x08ee08ee, 0x0d240d24, 0x14001400, 0x1e4e1e4e, 
	0x296a296a, 0x318f318f, 0x352c352c, 0x34323432, 0x2e612e61, 0x23bb23bb, 0x15ce15ce, 0x07aa07aa, 
	0xfbdcfbdc, 0xf379f379, 0xeed5eed5, 0xedb3edb3, 0xeec6eec6, 0xf00af00a, 0xf02cf02c, 0xee79ee79, 
	0xea4eea4e, 0xe415e415, 0xde09de09, 0xda29da29, 0xd8afd8af, 0xd9ebd9eb, 0xdeefdeef, 0xe754e754, 
	0xf0fdf0fd, 0xf9eaf9ea, 0x00f700f7, 0x05e605e6, 0x088f088f, 0x089b089b, 0x07080708, 0x06140614, 
	0x06d206d2, 0x08e108e1, 0x0bf60bf6, 0x0fd60fd6, 0x13a513a5, 0x16261626, 0x16bc16bc, 0x15b215b2, 
	0x13941394, 0x10ae10ae, 0x0da30da3, 0x0b2f0b2f, 0x096d096d, 0x08bd08bd, 0x09580958, 0x0a650a65, 
	0x0af10af1, 0x0b020b02, 0x0af60af6, 0x0ac90ac9, 0x0a350a35, 0x09120912, 0x083f083f, 0x07ed07ed, 
	0x06f606f6, 0x050d050d, 0x03050305, 0x013d013d, 0x003c003c, 0x01db01db, 0x06a306a3, 0x0da00da0, 
	0x16ca16ca, 0x22052205, 0x2d232d23, 0x35283528, 0x388b388b, 0x374d374d, 0x31f831f8, 0x284f284f, 
	0x1b191b19, 0x0d830d83, 0x02690269, 0xfa5cfa5c, 0xf4abf4ab, 0xf171f171, 0xf0aaf0aa, 0xf11ef11e, 
	0xf0eef0ee, 0xeeceeece, 0xeaf0eaf0, 0xe651e651, 0xe1e3e1e3, 0xde03de03, 0xdb21db21, 0xda62da62, 
	0xdd05dd05, 0xe2a1e2a1, 0xe947e947, 0xf00ff00f, 0xf6def6de, 0xfd0afd0a, 0x01920192, 0x04140414, 
	0x05570557, 0x06980698, 0x08160816, 0x09450945, 0x0a640a64, 0x0c6e0c6e, 0x0f4c0f4c, 0x11c611c6, 
	0x13921392, 0x14da14da, 0x15311531, 0x14b814b8, 0x13d413d4, 0x12281228, 0x0fb60fb6, 0x0d360d36, 
	0x0adc0adc, 0x083b083b, 0x05970597, 0x04240424, 0x04160416, 0x04940494, 0x05450545, 0x06790679, 
	0x08180818, 0x090b090b, 0x08410841, 0x05d605d6, 0x02df02df, 0xffa2ffa2, 0xfbdefbde, 0xf87af87a, 
	0xf7adf7ad, 0xfb15fb15, 0x020e020e, 0x0b6e0b6e, 0x16e716e7, 0x24112411, 0x30b230b2, 0x39a939a9, 
	0x3d9a3d9a, 0x3cda3cda, 0x37c537c5, 0x2e6e2e6e, 0x21d121d1, 0x14481448, 0x085a085a, 0xfecafeca, 
	0xf765f765, 0xf27df27d, 0xf019f019, 0xef7aef7a, 0xef3cef3c, 0xee03ee03, 0xeb75eb75, 0xe861e861, 
	0xe514e514, 0xe13ae13a, 0xddd3ddd3, 0xdc9bdc9b, 0xddfaddfa, 0xe168e168, 0xe6ede6ed, 0xee26ee26, 
	0xf5e3f5e3, 0xfcf5fcf5, 0x02b202b2, 0x06d706d7, 0x09490949, 0x0a650a65, 0x0af40af4, 0x0b990b99, 
	0x0c0d0c0d, 0x0cda0cda, 0x0eff0eff, 0x11e911e9, 0x14251425, 0x15741574, 0x16611661, 0x16021602, 
	0x137e137e, 0x0f730f73, 0x0b530b53, 0x07b707b7, 0x04b504b5, 0x034c034c, 0x03dd03dd, 0x05a105a1, 
	0x08060806, 0x0b340b34, 0x0e070e07, 0x0ef20ef2, 0x0e130e13, 0x0c0f0c0f, 0x08870887, 0x031b031b, 
	0xfd83fd83, 0xf974f974, 0xf6fbf6fb, 0xf5e1f5e1, 0xf797f797, 0xfd72fd72, 0x05fe05fe, 0x0fac0fac, 
	0x1a8d1a8d, 0x26442644, 0x305c305c, 0x36c336c3, 0x39563956, 0x38213821, 0x32ce32ce, 0x29b229b2, 
	0x1e8d1e8d, 0x13191319, 0x08680868, 0xff58ff58, 0xf8bef8be, 0xf4cff4cf, 0xf323f323, 0xf304f304, 
	0xf32ff32f, 0xf2a2f2a2, 0xf0f0f0f0, 0xedddeddd, 0xe968e968, 0xe4a3e4a3, 0xe0d1e0d1, 0xde88de88, 
	0xde41de41, 0xe099e099, 0xe5c3e5c3, 0xec70ec70, 0xf362f362, 0xfa43fa43, 0x00670067, 0x04c304c3, 
	0x07360736, 0x08820882, 0x09370937, 0x09a109a1, 0x0a070a07, 0x0b180b18, 0x0cf90cf9, 0x0f3b0f3b, 
	0x11501150, 0x13001300, 0x14311431, 0x140c140c, 0x12801280, 0x103e103e, 0x0d900d90, 0x0a880a88, 
	0x08060806, 0x06f006f0, 0x06f006f0, 0x07910791, 0x08f008f0, 0x0adb0adb, 0x0c450c45, 0x0ce80ce8, 
	0x0cda0cda, 0x0b630b63, 0x08890889, 0x05170517, 0x01560156, 0xfd2bfd2b, 0xf926f926, 0xf670f670, 
	0xf58ef58e, 0xf6bdf6bd, 0xfad9fad9, 0x01d301d3, 0x0abf0abf, 0x15461546, 0x20a720a7, 0x2b4c2b4c, 
	0x339a339a, 0x38ac38ac, 0x3a813a81, 0x38b138b1, 0x32743274, 0x29162916, 0x1ef21ef2, 0x14b114b1, 
	0x0a200a20, 0x009e009e, 0xfa2efa2e, 0xf646f646, 0xf3abf3ab, 0xf268f268, 0xf239f239, 0xf1c6f1c6, 
	0xf032f032, 0xedd3edd3, 0xeab2eab2, 0xe6ebe6eb, 0xe332e332, 0xe0dde0dd, 0xe00be00b, 0xe06be06b, 
	0xe2e3e2e3, 0xe784e784, 0xed80ed80, 0xf3f7f3f7, 0xfad3fad3, 0x01a001a0, 0x074c074c, 0x0b920b92, 
	0x0e8f0e8f, 0x105c105c, 0x10fe10fe, 0x10dd10dd, 0x10261026, 0x0f3c0f3c, 0x0e3d0e3d, 0x0d350d35, 
	0x0c8f0c8f, 0x0bfd0bfd, 0x0b8f0b8f, 0x0b6f0b6f, 0x0bee0bee, 0x0d170d17, 0x0e670e67, 0x0fcb0fcb, 
	0x116e116e, 0x13101310, 0x13a913a9, 0x13271327, 0x11fc11fc, 0x0ffe0ffe, 0x0cea0cea, 0x09370937, 
	0x05a905a9, 0x01e301e3, 0xfdd5fdd5, 0xfa32fa32, 0xf76af76a, 0xf549f549, 0xf3d8f3d8, 0xf425f425, 
	0xf6fbf6fb, 0xfbfcfbfc, 0x02af02af, 0x0b570b57, 0x15c315c3, 0x20812081, 0x29f629f6, 0x318b318b, 
	0x36c836c8, 0x38813881, 0x36223622, 0x30513051, 0x282a282a, 0x1e6f1e6f, 0x13e313e3, 0x09ee09ee, 
	0x01c601c6, 0xfbc8fbc8, 0xf7e0f7e0, 0xf59ff59f, 0xf4aaf4aa, 0xf451f451, 0xf34df34d, 0xf112f112, 
	0xedabedab, 0xe955e955, 0xe47ce47c, 0xdfd1dfd1, 0xdc40dc40, 0xdac2dac2, 0xdbb6dbb6, 0xdef3def3, 
	0xe48ae48a, 0xebd2ebd2, 0xf3a3f3a3, 0xfb3efb3e, 0x021e021e, 0x07b107b1, 0x0b7d0b7d, 0x0db30db3, 
	0x0e900e90, 0x0e6b0e6b, 0x0dab0dab, 0x0c7d0c7d, 0x0b330b33, 0x0a140a14, 0x091a091a, 0x083b083b, 
	0x078b078b, 0x07520752, 0x07ff07ff, 0x093f093f, 0x0aaa0aaa, 0x0c990c99, 0x0f060f06, 0x11501150, 
	0x12b112b1, 0x13111311, 0x12ca12ca, 0x118f118f, 0x0f0e0f0e, 0x0bc50bc5, 0x08730873, 0x052c052c, 
	0x01c601c6, 0xfebdfebd, 0xfc8efc8e, 0xfaf0faf0, 0xf99df99d, 0xf901f901, 0xf946f946, 0xfa79fa79, 
	0xfd55fd55, 0x02230223, 0x08970897, 0x109f109f, 0x1a0d1a0d, 0x23c723c7, 0x2c462c46, 0x32f232f2, 
	0x37823782, 0x38ef38ef, 0x36543654, 0x30623062, 0x28822882, 0x1f2d1f2d, 0x14c514c5, 0x0ae60ae6, 
	0x02f902f9, 0xfcf5fcf5, 0xf893f893, 0xf5a9f5a9, 0xf3f6f3f6, 0xf2e4f2e4, 0xf1c5f1c5, 0xf00af00a, 
	0xed39ed39, 0xe9d9e9d9, 0xe6b0e6b0, 0xe3dde3dd, 0xe1a8e1a8, 0xe107e107, 0xe276e276, 0xe59ae59a, 
	0xea25ea25, 0xefc1efc1, 0xf5d4f5d4, 0xfba0fba0, 0x00af00af, 0x04ac04ac, 0x07590759, 0x08ca08ca, 
	0x095a095a, 0x09700970, 0x093f093f, 0x09050905, 0x090e090e, 0x09780978, 0x0a080a08, 0x0ad40ad4, 
	0x0c210c21, 0x0dc20dc2, 0x0f790f79, 0x11301130, 0x13111311, 0x14c714c7, 0x15bf15bf, 0x15f015f0, 
	0x15411541, 0x13761376, 0x10ba10ba, 0x0d5f0d5f, 0x09950995, 0x059f059f, 0x01d301d3, 0xfea5fea5, 
	0xfc35fc35, 0xfa6dfa6d, 0xf91bf91b, 0xf833f833, 0xf7d7f7d7, 0xf7a5f7a5, 0xf772f772, 0xf80ef80e, 
	0xfa5efa5e, 0xfe03fe03, 0x02c902c9, 0x096d096d, 0x11ec11ec, 0x1adb1adb, 0x22eb22eb, 0x2a372a37, 
	0x30493049, 0x33923392, 0x33823382, 0x30f730f7, 0x2c772c77, 0x25ce25ce, 0x1d9b1d9b, 0x15411541, 
	0x0d970d97, 0x06600660, 0x00010001, 0xfb07fb07, 0xf715f715, 0xf3c1f3c1, 0xf0e9f0e9, 0xeea1eea1, 
	0xec66ec66, 0xea33ea33, 0xe869e869, 0xe71de71d, 0xe642e642, 0xe614e614, 0xe71ee71e, 0xe917e917, 
	0xebabebab, 0xeecaeeca, 0xf271f271, 0xf632f632, 0xf973f973, 0xfc45fc45, 0xfeb0feb0, 0x00960096, 
	0x01d601d6, 0x02c902c9, 0x03a303a3, 0x044e044e, 0x04fb04fb, 0x05e905e9, 0x07190719, 0x083e083e, 
	0x09cd09cd, 0x0be20be2, 0x0e140e14, 0x104b104b, 0x12941294, 0x14e514e5, 0x16a716a7, 0x178f178f, 
	0x17841784, 0x16781678, 0x144d144d, 0x11001100, 0x0d0f0d0f, 0x08e408e4, 0x04ea04ea, 0x015a015a, 
	0xfe82fe82, 0xfcabfcab, 0xfb7ffb7f, 0xfa89fa89, 0xf9b0f9b0, 0xf910f910, 0xf85ef85e, 0xf738f738, 
	0xf62af62a, 0xf683f683, 0xf8b9f8b9, 0xfc69fc69, 0x01d501d5, 0x096c096c, 0x127a127a, 0x1b8c1b8c, 
	0x23d223d2, 0x2ae22ae2, 0x2fcb2fcb, 0x31a731a7, 0x308b308b, 0x2d432d43, 0x28372837, 0x21a521a5, 
	0x1a951a95, 0x140a140a, 0x0e2b0e2b, 0x08e008e0, 0x046f046f, 0x00e400e4, 0xfdb8fdb8, 0xfac0fac0, 
	0xf807f807, 0xf569f569, 0xf2a7f2a7, 0xefecefec, 0xedb6edb6, 0xebf9ebf9, 0xeaa2eaa2, 0xe9fee9fe, 
	0xea2cea2c, 0xeaf9eaf9, 0xec3fec3f, 0xedc9edc9, 0xef7aef7a, 0xf14af14a, 0xf31cf31c, 0xf4dbf4db, 
	0xf685f685, 0xf83af83a, 0xf9fbf9fb, 0xfbcafbca, 0xfda2fda2, 0xff85ff85, 0x01680168, 0x03970397, 
	0x063a063a, 0x08c508c5, 0x0b630b63, 0x0e860e86, 0x11d011d0, 0x14951495, 0x16e116e1, 0x18db18db, 
	0x1a241a24, 0x1a401a40, 0x192d192d, 0x17631763, 0x14c314c3, 0x11351135, 0x0d100d10, 0x09070907, 
	0x05340534, 0x01960196, 0xfecffecf, 0xfcdefcde, 0xfb5afb5a, 0xfa1bfa1b, 0xf960f960, 0xf8caf8ca, 
	0xf7faf7fa, 0xf75ef75e, 0xf72bf72b, 0xf753f753, 0xf82df82d, 0xfabafaba, 0xfee9fee9, 0x040c040c, 
	0x09ff09ff, 0x10ac10ac, 0x17851785, 0x1d7f1d7f, 0x22332233, 0x25b225b2, 0x27c627c6, 0x27fd27fd, 
	0x26b126b1, 0x24502450, 0x210d210d, 0x1d341d34, 0x18cc18cc, 0x14361436, 0x0fa40fa4, 0x0b140b14, 
	0x06a606a6, 0x02a102a1, 0xff1aff1a, 0xfbf3fbf3, 0xf955f955, 0xf74bf74b, 0xf599f599, 0xf3edf3ed, 
	0xf248f248, 0xf0a8f0a8, 0xeeebeeeb, 0xed1aed1a, 0xeb68eb68, 0xea36ea36, 0xe9a3e9a3, 0xe9bae9ba, 
	0xeaa0eaa0, 0xec83ec83, 0xeef9eef9, 0xf188f188, 0xf453f453, 0xf74ef74e, 0xfa07fa07, 0xfc1dfc1d, 
	0xfdf8fdf8, 0xffe6ffe6, 0x01ee01ee, 0x041e041e, 0x06720672, 0x09340934, 0x0c230c23, 0x0f050f05, 
	0x11a711a7, 0x139c139c, 0x14d314d3, 0x15611561, 0x15301530, 0x13f913f9, 0x122b122b, 0x10241024, 
	0x0e070e07, 0x0bb30bb3, 0x09520952, 0x075c075c, 0x05a205a2, 0x04100410, 0x02830283, 0x015e015e, 
	0x00970097, 0xffa2ffa2, 0xfe81fe81, 0xfd85fd85, 0xfcb1fcb1, 0xfb86fb86, 0xfa86fa86, 0xf9f8f9f8, 
	0xfa37fa37, 0xfbdbfbdb, 0xfef4fef4, 0x03380338, 0x084b084b, 0x0e620e62, 0x14c314c3, 0x1a781a78, 
	0x1f171f17, 0x228c228c, 0x24992499, 0x24de24de, 0x23b023b0, 0x218e218e, 0x1ed31ed3, 0x1b7b1b7b, 
	0x17eb17eb, 0x14561456, 0x10d610d6, 0x0d7e0d7e, 0x09fe09fe, 0x06710671, 0x02e602e6, 0xff60ff60, 
	0xfbadfbad, 0xf7ebf7eb, 0xf478f478, 0xf17cf17c, 0xeec2eec2, 0xec5eec5e, 0xeabbeabb, 0xe9b0e9b0, 
	0xe930e930, 0xe93be93b, 0xe9dfe9df, 0xeb1deb1d, 0xecc5ecc5, 0xeecaeeca, 0xf14bf14b, 0xf402f402, 
	0xf6a2f6a2, 0xf983f983, 0xfc51fc51, 0xfec1fec1, 0x00ed00ed, 0x02fd02fd, 0x04dc04dc, 0x06560656, 
	0x07c307c3, 0x092e092e, 0x0a8f0a8f, 0x0bd10bd1, 0x0d070d07, 0x0e260e26, 0x0f030f03, 0x0fc50fc5, 
	0x10401040, 0x10571057, 0x0fef0fef, 0x0f2d0f2d, 0x0e0c0e0c, 0x0c6d0c6d, 0x0a940a94, 0x088d088d, 
	0x068e068e, 0x04940494, 0x02d202d2, 0x01550155, 0x000c000c, 0xff08ff08, 0xfe11fe11, 0xfd2dfd2d, 
	0xfc2efc2e, 0xfb3bfb3b, 0xfa34fa34, 0xf953f953, 0xf8f9f8f9, 0xf948f948, 0xfb26fb26, 0xfe71fe71, 
	0x02c302c3, 0x08170817, 0x0e630e63, 0x14c014c0, 0x1a451a45, 0x1f011f01, 0x229f229f, 0x24de24de, 
	0x256c256c, 0x24c924c9, 0x23512351, 0x21162116, 0x1e731e73, 0x1b5c1b5c, 0x18121812, 0x14a914a9, 
	0x11421142, 0x0da10da1, 0x09c809c8, 0x05d205d2, 0x01cc01cc, 0xfddafdda, 0xf9c7f9c7, 0xf606f606, 
	0xf2aaf2aa, 0xefb2efb2, 0xed1bed1b, 0xeb0ceb0c, 0xe9b1e9b1, 0xe8d2e8d2, 0xe87ee87e, 0xe88be88b, 
	0xe906e906, 0xe9efe9ef, 0xeb3ceb3c, 0xeccfeccf, 0xeeaceeac, 0xf0def0de, 0xf33df33d, 0xf5c9f5c9, 
	0xf887f887, 0xfbadfbad, 0xff01ff01, 0x022d022d, 0x052f052f, 0x08150815, 0x0aaf0aaf, 0x0ccc0ccc, 
	0x0e7b0e7b, 0x0f900f90, 0x0ffc0ffc, 0x0fed0fed, 0x0fa40fa4, 0x0efa0efa, 0x0dec0dec, 0x0cdf0cdf, 
	0x0bc20bc2, 0x0a780a78, 0x093d093d, 0x08110811, 0x06b106b1, 0x05260526, 0x03bd03bd, 0x026d026d, 
	0x00ea00ea, 0xff65ff65, 0xfe43fe43, 0xfd6cfd6c, 0xfc95fc95, 0xfc06fc06, 0xfbecfbec, 0xfbfdfbfd, 
	0xfbfdfbfd, 0xfc27fc27, 0xfc9cfc9c, 0xfd3ffd3f, 0xfe94fe94, 0x00f700f7, 0x044d044d, 0x08380838, 
	0x0cd20cd2, 0x11fc11fc, 0x17041704, 0x1b7e1b7e, 0x1f211f21, 0x22092209, 0x23ed23ed, 0x24bc24bc, 
	0x247a247a, 0x23672367, 0x21b921b9, 0x1f451f45, 0x1c511c51, 0x18bc18bc, 0x14cf14cf, 0x10af10af, 
	0x0c660c66, 0x07f907f9, 0x039c039c, 0xff94ff94, 0xfba7fba7, 0xf809f809, 0xf491f491, 0xf17cf17c, 
	0xeecceecc, 0xec84ec84, 0xea9cea9c, 0xe8f8e8f8, 0xe80ae80a, 0xe78ce78c, 0xe77ae77a, 0xe7dce7dc, 
	0xe8ede8ed, 0xea8eea8e, 0xec9cec9c, 0xef30ef30, 0xf1f7f1f7, 0xf526f526, 0xf891f891, 0xfc13fc13, 
	0xff67ff67, 0x02910291, 0x05a205a2, 0x08490849, 0x0a8c0a8c, 0x0c3a0c3a, 0x0d7a0d7a, 0x0e4b0e4b, 
	0x0eb50eb5, 0x0ea90ea9, 0x0e1f0e1f, 0x0d6a0d6a, 0x0c8a0c8a, 0x0b8d0b8d, 0x0a470a47, 0x08ff08ff, 
	0x07d507d5, 0x06ae06ae, 0x058b058b, 0x04320432, 0x02f102f1, 0x01b901b9, 0x00710071, 0xff07ff07, 
	0xfdbafdba, 0xfcb1fcb1, 0xfbabfbab, 0xfae6fae6, 0xfa75fa75, 0xfa7afa7a, 0xfab1fab1, 0xfb22fb22, 
	0xfbdcfbdc, 0xfcaffcaf, 0xfdcbfdcb, 0xff67ff67, 0x02080208, 0x056d056d, 0x095a095a, 0x0dbd0dbd, 
	0x12a612a6, 0x17af17af, 0x1c211c21, 0x20042004, 0x23132313, 0x25372537, 0x263f263f, 0x26582658, 
	0x25852585, 0x23bc23bc, 0x213e213e, 0x1dfa1dfa, 0x1a401a40, 0x16161616, 0x11c311c3, 0x0d5d0d5d, 
	0x091f091f, 0x05290529, 0x01660166, 0xfdeffdef, 0xfa90fa90, 0xf76af76a, 0xf44cf44c, 0xf147f147, 
	0xee68ee68, 0xebf2ebf2, 0xea0aea0a, 0xe896e896, 0xe7b9e7b9, 0xe77fe77f, 0xe80fe80f, 0xe8f9e8f9, 
	0xea24ea24, 0xebaaebaa, 0xed9bed9b, 0xefbaefba, 0xf1fcf1fc, 0xf4c7f4c7, 0xf7f8f7f8, 0xfb50fb50, 
	0xfe92fe92, 0x01df01df, 0x05020502, 0x07d507d5, 0x0a3d0a3d, 0x0c220c22, 0x0d9b0d9b, 0x0eb10eb1, 
	0x0f7e0f7e, 0x0fc40fc4, 0x0fa90fa9, 0x0f410f41, 0x0e900e90, 0x0d5c0d5c, 0x0bba0bba, 0x0a170a17, 
	0x08660866, 0x06ab06ab, 0x04eb04eb, 0x03660366, 0x01fb01fb, 0x00a200a2, 0xff6bff6b, 0xfe37fe37, 
	0xfd0cfd0c, 0xfbf1fbf1, 0xfb1efb1e, 0xfa7bfa7b, 0xfa14fa14, 0xf9e0f9e0, 0xf9dbf9db, 0xfa15fa15, 
	0xfa91fa91, 0xfb5bfb5b, 0xfc4afc4a, 0xfdc0fdc0, 0x00490049, 0x03e603e6, 0x080c080c, 0x0c910c91, 
	0x11a111a1, 0x16b616b6, 0x1b3a1b3a, 0x1ef81ef8, 0x21ef21ef, 0x23f323f3, 0x25072507, 0x25672567, 
	0x24d524d5, 0x23572357, 0x21492149, 0x1ec81ec8, 0x1b841b84, 0x177f177f, 0x135d135d, 0x0f220f22, 
	0x0a9a0a9a, 0x05ff05ff, 0x01cf01cf, 0xfde2fde2, 0xfa02fa02, 0xf689f689, 0xf33af33a, 0xeffeeffe, 
	0xed30ed30, 0xeb05eb05, 0xe91ae91a, 0xe784e784, 0xe6dbe6db, 0xe6dfe6df, 0xe73ee73e, 0xe815e815, 
	0xe99ae99a, 0xeb7aeb7a, 0xed87ed87, 0xeffdeffd, 0xf2def2de, 0xf602f602, 0xf94df94d, 0xfcdefcde, 
	0x00660066, 0x03ad03ad, 0x06bb06bb, 0x099f099f, 0x0c120c12, 0x0dc90dc9, 0x0f440f44, 0x107c107c, 
	0x11251125, 0x11501150, 0x11211121, 0x10981098, 0x0f910f91, 0x0e340e34, 0x0c920c92, 0x0aab0aab, 
	0x08bc08bc, 0x06fa06fa, 0x05490549, 0x03810381, 0x01f001f0, 0x00970097, 0xff4fff4f, 0xfe16fe16, 
	0xfcf3fcf3, 0xfc1bfc1b, 0xfb7dfb7d, 0xfb1efb1e, 0xfafcfafc, 0xfb09fb09, 0xfb3dfb3d, 0xfb95fb95, 
	0xfbfffbff, 0xfc72fc72, 0xfd30fd30, 0xfe1efe1e, 0xffb8ffb8, 0x02630263, 0x06390639, 0x0ab30ab3, 
	0x0f1d0f1d, 0x13fa13fa, 0x18e518e5, 0x1d1b1d1b, 0x20442044, 0x227f227f, 0x23ed23ed, 0x248a248a, 
	0x24662466, 0x233f233f, 0x217f217f, 0x1f7e1f7e, 0x1ce41ce4, 0x196b196b, 0x15a315a3, 0x11bb11bb, 
	0x0dbe0dbe, 0x09a409a4, 0x05720572, 0x018b018b, 0xfdccfdcc, 0xfa45fa45, 0xf6d9f6d9, 0xf393f393, 
	0xf06cf06c, 0xedb2edb2, 0xeb7eeb7e, 0xe988e988, 0xe824e824, 0xe779e779, 0xe798e798, 0xe7f6e7f6, 
	0xe8b3e8b3, 0xea18ea18, 0xebbdebbd, 0xeda2eda2, 0xf016f016, 0xf2eaf2ea, 0xf5fcf5fc, 0xf96ff96f, 
	0xfcf0fcf0, 0x007f007f, 0x04010401, 0x07160716, 0x09b709b7, 0x0bea0bea, 0x0d7b0d7b, 0x0ee00ee0, 
	0x0fc10fc1, 0x0fdd0fdd, 0x0ff80ff8, 0x0faa0faa, 0x0ee70ee7, 0x0dca0dca, 0x0c670c67, 0x0af00af0, 
	0x094c094c, 0x07820782, 0x05cc05cc, 0x04220422, 0x028c028c, 0x010d010d, 0xff75ff75, 0xfe23fe23, 
	0xfd04fd04, 0xfbf7fbf7, 0xfafcfafc, 0xfa2afa2a, 0xf9a2f9a2, 0xf9a6f9a6, 0xf9daf9da, 0xf9d6f9d6, 
	0xfa53fa53, 0xfb09fb09, 0xfbb1fbb1, 0xfc9cfc9c, 0xfdd4fdd4, 0xffafffaf, 0x02c102c1, 0x068f068f, 
	0x0aa20aa2, 0x0f050f05, 0x13bc13bc, 0x189e189e, 0x1c981c98, 0x1f921f92, 0x22012201, 0x23c023c0, 
	0x24992499, 0x24c224c2, 0x24092409, 0x228c228c, 0x209a209a, 0x1dfb1dfb, 0x1a911a91, 0x167e167e, 
	0x124c124c, 0x0dee0dee, 0x09a009a0, 0x050a050a, 0x00c300c3, 0xfcd2fcd2, 0xf927f927, 0xf5bcf5bc, 
	0xf1e7f1e7, 0xef0fef0f, 0xec62ec62, 0xea21ea21, 0xe875e875, 0xe723e723, 0xe706e706, 0xe727e727, 
	0xe7cde7cd, 0xe8e7e8e7, 0xea54ea54, 0xec2cec2c, 0xee82ee82, 0xf161f161, 0xf465f465, 0xf7b1f7b1, 
	0xfb6ffb6f, 0xfef4fef4, 0x026e026e, 0x05c805c8, 0x085f085f, 0x0ad90ad9, 0x0c7c0c7c, 0x0dc00dc0, 
	0x0ec90ec9, 0x0f170f17, 0x0f230f23, 0x0ea20ea2, 0x0e130e13, 0x0d1c0d1c, 0x0bbd0bbd, 0x0a410a41, 
	0x08760876, 0x06b206b2, 0x04c804c8, 0x02f302f3, 0x014f014f, 0xff76ff76, 0xfe16fe16, 0xfcdefcde, 
	0xfb9bfb9b, 0xfadbfadb, 0xfa70fa70, 0xfa5ffa5f, 0xfa5cfa5c, 0xfad5fad5, 0xfb8bfb8b, 0xfc40fc40, 
	0xfd1afd1a, 0xfdc3fdc3, 0xfe91fe91, 0xff8eff8e, 0x00c100c1, 0x02130213, 0x03f703f7, 0x07000700, 
	0x0a9e0a9e, 0x0e480e48, 0x12791279, 0x16731673, 0x1a3e1a3e, 0x1dbc1dbc, 0x1fcb1fcb, 0x21b321b3, 
	0x22b922b9, 0x23042304, 0x231c231c, 0x21b321b3, 0x20182018, 0x1e241e24, 0x1b1d1b1d, 0x17ce17ce, 
	0x14001400, 0x0ff20ff2, 0x0c090c09, 0x08020802, 0x041e041e, 0x00450045, 0xfc93fc93, 0xf935f935, 
	0xf5c7f5c7, 0xf2a4f2a4, 0xefacefac, 0xed11ed11, 0xeb23eb23, 0xe974e974, 0xe8a9e8a9, 0xe81ce81c, 
	0xe828e828, 0xe8ede8ed, 0xe952e952, 0xeac7eac7, 0xec56ec56, 0xee5bee5b, 0xf10cf10c, 0xf3a9f3a9, 
	0xf706f706, 0xfa26fa26, 0xfdbafdba, 0x010e010e, 0x03e603e6, 0x069e069e, 0x08890889, 0x0a560a56, 
	0x0bc50bc5, 0x0cc30cc3, 0x0d450d45, 0x0d470d47, 0x0d2b0d2b, 0x0ccb0ccb, 0x0bc10bc1, 0x0ab80ab8, 
	0x09590959, 0x07ca07ca, 0x064b064b, 0x04720472, 0x02f602f6, 0x01690169, 0xfff9fff9, 0xfec8fec8, 
	0xfd94fd94, 0xfc52fc52, 0xfb90fb90, 0xfafafafa, 0xfa7dfa7d, 0xfa7afa7a, 0xfa93fa93, 0xfb2afb2a, 
	0xfb93fb93, 0xfc51fc51, 0xfd05fd05, 0xfdc3fdc3, 0xfeebfeeb, 0xfff4fff4, 0x01620162, 0x03620362, 
	0x062b062b, 0x096a096a, 0x0d220d22, 0x10841084, 0x14361436, 0x17d917d9, 0x1ac11ac1, 0x1d841d84, 
	0x1f3e1f3e, 0x20812081, 0x21332133, 0x214c214c, 0x20cf20cf, 0x1f821f82, 0x1d981d98, 0x1b4b1b4b, 
	0x18331833, 0x149b149b, 0x10f610f6, 0x0d070d07, 0x096a096a, 0x05330533, 0x013a013a, 0xfd5afd5a, 
	0xf9a8f9a8, 0xf67cf67c, 0xf2c8f2c8, 0xf015f015, 0xed51ed51, 0xeb59eb59, 0xea53ea53, 0xe90ae90a, 
	0xe907e907, 0xe8f8e8f8, 0xe970e970, 0xea77ea77, 0xeb86eb86, 0xed70ed70, 0xef6bef6b, 0xf21af21a, 
	0xf4ecf4ec, 0xf7f4f7f4, 0xfb63fb63, 0xfea2fea2, 0x01ec01ec, 0x04960496, 0x06fc06fc, 0x09470947, 
	0x0ad90ad9, 0x0bf90bf9, 0x0cee0cee, 0x0cd00cd0, 0x0d080d08, 0x0cba0cba, 0x0b860b86, 0x0b230b23, 
	0x094d094d, 0x07fc07fc, 0x06c106c1, 0x04a904a9, 0x03650365, 0x01930193, 0xffddffdd, 0xfe8ffe8f, 
	0xfd6bfd6b, 0xfc53fc53, 0xfb76fb76, 0xfab7fab7, 0xfa5dfa5d, 0xfa4afa4a, 0xfa8ffa8f, 0xfb28fb28, 
	0xfba8fba8, 0xfca7fca7, 0xfd4bfd4b, 0xfe2efe2e, 0xff5eff5e, 0x00c400c4, 0x02140214, 0x035e035e, 
	0x056d056d, 0x077a077a, 0x0a5a0a5a, 0x0d4e0d4e, 0x0fd10fd1, 0x12c912c9, 0x15911591, 0x18201820, 
	0x1a5c1a5c, 0x1be31be3, 0x1d2e1d2e, 0x1db91db9, 0x1df71df7, 0x1d9f1d9f, 0x1c7f1c7f, 0x1b511b51, 
	0x19371937, 0x171b171b, 0x14061406, 0x10fb10fb, 0x0e600e60, 0x0ab20ab2, 0x078c078c, 0x041b041b, 
	0x007e007e, 0xfd6dfd6d, 0xfa5bfa5b, 0xf752f752, 0xf475f475, 0xf217f217, 0xf047f047, 0xee90ee90, 
	0xed91ed91, 0xecb1ecb1, 0xec4bec4b, 0xecb7ecb7, 0xecb2ecb2, 0xedd2edd2, 0xeecceecc, 0xf05df05d, 
	0xf29ff29f, 0xf486f486, 0xf756f756, 0xf9dff9df, 0xfc97fc97, 0xff1bff1b, 0x017c017c, 0x03c803c8, 
	0x058f058f, 0x07340734, 0x088a088a, 0x09530953, 0x09e609e6, 0x0a770a77, 0x0a7e0a7e, 0x0a3b0a3b, 
	0x09af09af, 0x08e908e9, 0x07dd07dd, 0x06fe06fe, 0x05960596, 0x042f042f, 0x02c302c3, 0x01060106, 
	0xfff9fff9, 0xfe8afe8a, 0xfd64fd64, 0xfc78fc78, 0xfb81fb81, 0xfaedfaed, 0xfb22fb22, 0xfb07fb07, 
	0xfb56fb56, 0xfc4dfc4d, 0xfc74fc74, 0xfd69fd69, 0xfe4bfe4b, 0xff40ff40, 0x004a004a, 0x01900190, 
	0x02f502f5, 0x047b047b, 0x06fc06fc, 0x09540954, 0x0bf40bf4, 0x0e480e48, 0x10e310e3, 0x138e138e, 
	0x15ad15ad, 0x17e117e1, 0x19361936, 0x19da19da, 0x1ab61ab6, 0x1ac71ac7, 0x1a251a25, 0x19911991, 
	0x17e017e0, 0x16511651, 0x145b145b, 0x11941194, 0x0f5e0f5e, 0x0cb40cb4, 0x09b609b6, 0x070a070a, 
	0x03df03df, 0x00c300c3, 0xfe4cfe4c, 0xfb85fb85, 0xf8c3f8c3, 0xf661f661, 0xf445f445, 0xf270f270, 
	0xf159f159, 0xf025f025, 0xef71ef71, 0xef4cef4c, 0xef35ef35, 0xefcfefcf, 0xf035f035, 0xf163f163, 
	0xf286f286, 0xf42ff42f, 0xf608f608, 0xf7cbf7cb, 0xfa11fa11, 0xfc18fc18, 0xfeb2feb2, 0x00600060, 
	0x027d027d, 0x041d041d, 0x05450545, 0x06e806e8, 0x07780778, 0x083d083d, 0x08b308b3, 0x08c308c3, 
	0x08850885, 0x083a083a, 0x079b079b, 0x06ac06ac, 0x05e005e0, 0x04cb04cb, 0x032c032c, 0x01fa01fa, 
	0x011b011b, 0xff6bff6b, 0xfebefebe, 0xfd63fd63, 0xfbf6fbf6, 0xfbaafbaa, 0xfb0afb0a, 0xfaf1faf1, 
	0xfabafaba, 0xfaeafaea, 0xfb3ffb3f, 0xfbcafbca, 0xfc92fc92, 0xfd40fd40, 0xfe37fe37, 0xff49ff49, 
	0x00ba00ba, 0x02270227, 0x045e045e, 0x06950695, 0x08e708e7, 0x0b6a0b6a, 0x0d5f0d5f, 0x0fce0fce, 
	0x12011201, 0x13ef13ef, 0x154a154a, 0x16431643, 0x16f816f8, 0x17691769, 0x179b179b, 0x16eb16eb, 
	0x16051605, 0x14991499, 0x132a132a, 0x117c117c, 0x0f290f29, 0x0cf80cf8, 0x0a870a87, 0x07bd07bd, 
	0x053e053e, 0x02860286, 0xffa9ffa9, 0xfd69fd69, 0xfaf4faf4, 0xf8abf8ab, 0xf6a3f6a3, 0xf538f538, 
	0xf3e3f3e3, 0xf2b3f2b3, 0xf220f220, 0xf153f153, 0xf156f156, 0xf1c3f1c3, 0xf262f262, 0xf2f1f2f1, 
	0xf3bdf3bd, 0xf589f589, 0xf6d6f6d6, 0xf872f872, 0xfab5fab5, 0xfc1dfc1d, 0xfe14fe14, 0x00240024, 
	0x01d501d5, 0x03550355, 0x048d048d, 0x06060606, 0x06270627, 0x06fb06fb, 0x07460746, 0x07160716, 
	0x074c074c, 0x06250625, 0x05d605d6, 0x04c504c5, 0x03c503c5, 0x03130313, 0x017c017c, 0x006c006c, 
	0xff2aff2a, 0xfe1ffe1f, 0xfd5bfd5b, 0xfc21fc21, 0xfb7bfb7b, 0xfaabfaab, 0xfa20fa20, 0xfa82fa82, 
	0xfa4afa4a, 0xfaebfaeb, 0xfb38fb38, 0xfbc3fbc3, 0xfcf1fcf1, 0xfdb5fdb5, 0xff1aff1a, 0xffe9ffe9, 
	0x01690169, 0x034f034f, 0x04de04de, 0x071f071f, 0x093e093e, 0x0b210b21, 0x0d450d45, 0x0ead0ead, 
	0x106f106f, 0x122d122d, 0x130b130b, 0x14711471, 0x14c914c9, 0x14c714c7, 0x15601560, 0x153c153c, 
	0x14711471, 0x138d138d, 0x11ed11ed, 0x10741074, 0x0f020f02, 0x0d4d0d4d, 0x0b4e0b4e, 0x08cf08cf, 
	0x06c306c3, 0x04070407, 0x02360236, 0xfff5fff5, 0xfe05fe05, 0xfc5afc5a, 0xf9c9f9c9, 0xf926f926, 
	0xf7a8f7a8, 0xf6e4f6e4, 0xf664f664, 0xf518f518, 0xf4e9f4e9, 0xf4b0f4b0, 0xf51ef51e, 0xf57ff57f, 
	0xf5eaf5ea, 0xf6e8f6e8, 0xf79bf79b, 0xf8a6f8a6, 0xfa48fa48, 0xfba6fba6, 0xfcbbfcbb, 0xfe4ffe4f, 
	0xffecffec, 0x01330133, 0x02710271, 0x02f602f6, 0x04480448, 0x04e804e8, 0x04dd04dd, 0x057a057a, 
	0x04d904d9, 0x04c104c1, 0x04d204d2, 0x04920492, 0x03430343, 0x02e002e0, 0x02330233, 0x00d000d0, 
	0x01220122, 0xff20ff20, 0xfebafeba, 0xfe91fe91, 0xfccdfccd, 0xfcb8fcb8, 0xfbf6fbf6, 0xfb67fb67, 
	0xfb94fb94, 0xfbb9fbb9, 0xfb4afb4a, 0xfb37fb37, 0xfc86fc86, 0xfcd8fcd8, 0xfd70fd70, 0xfebafeba, 
	0xff05ff05, 0x00eb00eb, 0x01ca01ca, 0x02fd02fd, 0x05730573, 0x06930693, 0x084f084f, 0x08eb08eb, 
	0x0a4b0a4b, 0x0c200c20, 0x0d060d06, 0x0db40db4, 0x0eb40eb4, 0x0ec10ec1, 0x0eb30eb3, 0x10401040, 
	0x0f360f36, 0x0e860e86, 0x0e9c0e9c, 0x0d110d11, 0x0c080c08, 0x0b520b52, 0x09b909b9, 0x085c085c, 
	0x06ca06ca, 0x05070507, 0x03930393, 0x01850185, 0x00840084, 0xff16ff16, 0xfe02fe02, 0xfcc8fcc8, 
	0xfba7fba7, 0xfb50fb50, 0xf9eaf9ea, 0xf9fbf9fb, 0xf9d5f9d5, 0xf8d2f8d2, 0xf8eaf8ea, 0xf8e7f8e7, 
	0xf97ef97e, 0xfa72fa72, 0xfa86fa86, 0xfb04fb04, 0xfba8fba8, 0xfd5afd5a, 0xfd95fd95, 0xfe5cfe5c, 
	0xfffdfffd, 0xffe7ffe7, 0x01f101f1, 0x016e016e, 0x02680268, 0x03a203a2, 0x01fb01fb, 0x039e039e, 
	0x033b033b, 0x029f029f, 0x03a003a0, 0x02430243, 0x023a023a, 0x022a022a, 0x01750175, 0x02010201, 
	0xffafffaf, 0xff69ff69, 0xffbcffbc, 0xfe96fe96, 0xfea2fea2, 0xfde2fde2, 0xfd50fd50, 0xfc92fc92, 
	0xfd4bfd4b, 0xfce3fce3, 0xfcf8fcf8, 0xfc77fc77, 0xfd04fd04, 0xfdebfdeb, 0xfcf2fcf2, 0xfef3fef3, 
	0xfea9fea9, 0xffd4ffd4, 0x002e002e, 0x005e005e, 0x02070207, 0x028f028f, 0x04070407, 0x035c035c, 
	0x05850585, 0x06010601, 0x05e705e7, 0x07990799, 0x07210721, 0x085a085a, 0x08270827, 0x08780878, 
	0x08ba08ba, 0x07980798, 0x09280928, 0x08300830, 0x06f006f0, 0x07ac07ac, 0x06400640, 0x06110611, 
	0x05700570, 0x043a043a, 0x046f046f, 0x02590259, 0x02a102a1, 0x02550255, 0x00260026, 0x01b601b6, 
	0xff1bff1b, 0xffbdffbd, 0x001b001b, 0xfd0cfd0c, 0xff87ff87, 0xfd6dfd6d, 0xfddefdde, 0xfe3dfe3d, 
	0xfcd5fcd5, 0xfec4fec4, 0xfd46fd46, 0xfe0cfe0c, 0xfe93fe93, 0xfe19fe19, 0xff10ff10, 0xfe51fe51, 
	0xffedffed, 0x003c003c, 0xfedcfedc, 0x013a013a, 0xfff8fff8, 0x01850185, 0x01720172, 0xfffdfffd, 
	0x02980298, 0xffdcffdc, 0x024a024a, 0x023a023a, 0x00880088, 0x01b601b6, 0x013b013b, 0x011c011c, 
	0xffd9ffd9, 0x01200120, 0x00bf00bf, 0xff6bff6b, 0xfeb3feb3, 0xff62ff62, 0xff4bff4b, 0xff0cff0c, 
	0xff2aff2a, 0xfe1bfe1b, 0xfcf0fcf0, 0xfee1fee1, 0xfe6afe6a, 0xfe14fe14, 0xfff1fff1, 0xfb13fb13, 
	0x00010001, 0xff70ff70, 0xfd04fd04, 0x00cb00cb, 0xfe87fe87, 0xff12ff12, 0xffbbffbb, 0x006e006e, 
	0xfe8efe8e, 0x03320332, 0x00410041, 0xffbbffbb, 0x03d303d3, 0xfe20fe20, 0x040e040e, 0x03650365, 
	0xff2cff2c, 0x02f602f6, 0x02600260, 0x01220122, 0x04050405, 0x01300130, 0x01420142, 0x03a503a5, 
	0x006d006d, 0x02620262, 0x027d027d, 0x00780078, 0x00e900e9, 0x044f044f, 0xfeaafeaa, 0x01940194, 
	0x031c031c, 0xfd95fd95, 0x05440544, 0xfde6fde6, 0x00c300c3, 0x03b503b5, 0xfe48fe48, 0x031a031a, 
	0x000d000d, 0x02150215, 0x00d100d1, 0x02080208, 0x01dc01dc, 0xfee8fee8, 0x04710471, 0xff74ff74, 
	0x023e023e, 0x01e901e9, 0xfeabfeab, 0x04f304f3, 0xfe27fe27, 0x01c601c6, 0x02240224, 0xfdbafdba, 
	0x03c003c0, 0xfe05fe05, 0x013c013c, 0x00e200e2, 0xfd33fd33, 0x036f036f, 0xfd78fd78, 0x004e004e, 
	0x00370037, 0xfce6fce6, 0x03a703a7, 0xfc63fc63, 0x01730173, 0x00700070, 0xfc56fc56, 0x05630563, 
	0xfbcafbca, 0x02990299, 0x01880188, 0xfc5dfc5d, 0x05970597, 0xfdb0fdb0, 0x02490249, 0x01b501b5, 
	0xfeeffeef, 0x04720472, 0xff08ff08, 0x02670267, 0x01c201c2, 0x00890089, 0x03cb03cb, 0xfebcfebc, 
	0x038a038a, 0x00760076, 0x00250025, 0x05b105b1, 0xfc01fc01, 0x02d502d5, 0x019e019e, 0xfe5dfe5d, 
	0x035e035e, 0xfcdffcdf, 0x01a501a5, 0xffbeffbe, 0xfdc5fdc5, 0x01dc01dc, 0xfd99fd99, 0x00350035, 
	0x001b001b, 0xfc76fc76, 0x01e001e0, 0xfe78fe78, 0xff01ff01, 0x03720372, 0xfb03fb03, 0x01e801e8, 
	0x011c011c, 0xfea0fea0, 0x04fa04fa, 0xfc6bfc6b, 0x02650265, 0x014b014b, 0x000a000a, 0x05830583, 
	0xfd77fd77, 0x045d045d, 0xffbfffbf, 0x00500050, 0x05b805b8, 0xfcc0fcc0, 0x052d052d, 0xff80ff80, 
	0xff2dff2d, 0x048b048b, 0xfdacfdac, 0x04c204c2, 0xff16ff16, 0xff0fff0f, 0x04560456, 0xfd1ffd1f, 
	0x03380338, 0xffa4ffa4, 0x004f004f, 0x02a502a5, 0xfc21fc21, 0x049f049f, 0xfc04fc04, 0x025d025d, 
	0x02310231, 0xf986f986, 0x07c707c7, 0xf8fdf8fd, 0x02eb02eb, 0x030a030a, 0xf91cf91c, 0x08e108e1, 
	0xf96bf96b, 0x01730173, 0x04670467, 0xfa09fa09, 0x073b073b, 0xfe23fe23, 0xff21ff21, 0x03710371, 
	0xfe62fe62, 0x04d604d6, 0xfe6ffe6f, 0x02d402d4, 0x00920092, 0xff61ff61, 0x068a068a, 0xfb2cfb2c, 
	0x06020602, 0xff30ff30, 0xfdd0fdd0, 0x08580858, 0xf8a7f8a7, 0x04210421, 0x02440244, 0xfc61fc61, 
	0x050d050d, 0xfb71fb71, 0x02400240, 0x01810181, 0xfc3bfc3b, 0x047b047b, 0xfcd5fcd5, 0x00b900b9, 
	0x012d012d, 0xfddbfddb, 0x033d033d, 0xfe10fe10, 0x027d027d, 0xff18ff18, 0xff21ff21, 0x03f803f8, 
	0xfe30fe30, 0x02c602c6, 0x001e001e, 0xfe77fe77, 0x04290429, 0xff16ff16, 0x012e012e, 0x01d301d3, 
	0xfe41fe41, 0x03cf03cf, 0xfee3fee3, 0x00a600a6, 0x03050305, 0xfd5bfd5b, 0x03700370, 0x01170117, 
	0xfdf0fdf0, 0x03b103b1, 0xff91ff91, 0x01970197, 0x02920292, 0xfd56fd56, 0x04680468, 0xfef9fef9, 
	0x00b500b5, 0x01c801c8, 0xfff5fff5, 0x01590159, 0xfc6cfc6c, 0x04360436, 0xfb79fb79, 0x02d602d6, 
	0x00920092, 0xf8f4f8f4, 0x052b052b, 0xfa51fa51, 0x01320132, 0x02320232, 0xf958f958, 0x00fe00fe, 
	0x006e006e, 0xfb36fb36, 0x034b034b, 0xff33ff33, 0xfb2ffb2f, 0x02e002e0, 0xfcd1fcd1, 0x00fb00fb, 
	0xff88ff88, 0xff51ff51, 0xfe5efe5e, 0xfe73fe73, 0x025d025d, 0xfb18fb18, 0x03020302, 0xfd8cfd8c, 
	0xfcc9fcc9, 0x03f303f3, 0xf926f926, 0x02de02de, 0xffecffec, 0xf994f994, 0x06900690, 0xf9a8f9a8, 
	0x00020002, 0x03200320, 0xfa39fa39, 0x046f046f, 0xfc34fc34, 0x00c000c0, 0xffffffff, 0xffa3ffa3, 
	0x01200120, 0xfc2efc2e, 0x057d057d, 0xfba3fba3, 0x01a201a2, 0x023a023a, 0xfa55fa55, 0x06c206c2, 
	0xfce1fce1, 0xfec8fec8, 0x048b048b, 0xfb84fb84, 0x039a039a, 0x00630063, 0xfd62fd62, 0x03de03de, 
	0xffc2ffc2, 0x00ba00ba, 0x00ba00ba, 0xff87ff87, 0x02e702e7, 0x014c014c, 0x00c200c2, 0x009b009b, 
	0x00300030, 0x02c002c0, 0xff7fff7f, 0x04a304a3, 0xfe4ffe4f, 0xfd91fd91, 0x06c706c7, 0xfb7bfb7b, 
	0x045e045e, 0xfea9fea9, 0xfe20fe20, 0x04b204b2, 0xf9d9f9d9, 0x046b046b, 0xff64ff64, 0xfdc9fdc9, 
	0x029c029c, 0xfd4bfd4b, 0xffcaffca, 0x00df00df, 0x01210121, 0xffdeffde, 0xfde3fde3, 0x01e701e7, 
	0xfecafeca, 0x03000300, 0x01180118, 0xfa90fa90, 0x091c091c, 0xf94ff94f, 0x03580358, 0x04b204b2, 
	0xf74ff74f, 0x0bbf0bbf, 0xf823f823, 0x03a603a6, 0x03be03be, 0xf7adf7ad, 0x0aaf0aaf, 0xfc30fc30, 
	0xff9bff9b, 0x02140214, 0xfe24fe24, 0x047f047f, 0xfd99fd99, 0x024c024c, 0xff54ff54, 0xff5aff5a, 
	0x041a041a, 0xfa65fa65, 0x06940694, 0xfce2fce2, 0xfd18fd18, 0x08d908d9, 0xf456f456, 0x05450545, 
	0x01e501e5, 0xfa21fa21, 0x04560456, 0xf91bf91b, 0x03680368, 0xff91ff91, 0xfb51fb51, 0x03ac03ac, 
	0xfcc4fcc4, 0xfea0fea0, 0x01450145, 0xff52ff52, 0xfebcfebc, 0x00760076, 0x01d601d6, 0xfe85fe85, 
	0xff79ff79, 0x015e015e, 0x01330133, 0x017e017e, 0xff95ff95, 0xfe57fe57, 0x04040404, 0xff1bff1b, 
	0xffdfffdf, 0x03f703f7, 0xf9a5f9a5, 0x053e053e, 0x00050005, 0xfb95fb95, 0x052b052b, 0xfb2dfb2d, 
	0x03080308, 0x00120012, 0xf9f1f9f1, 0x04c404c4, 0xff36ff36, 0xfeebfeeb, 0x01120112, 0xfb95fb95, 
	0x03fe03fe, 0xff0dff0d, 0xff8cff8c, 0x00e500e5, 0xfe08fe08, 0x03ed03ed, 0xfc34fc34, 0x04b404b4, 
	0xfb87fb87, 0x01e201e2, 0x05560556, 0xf8b3f8b3, 0x06790679, 0xfae8fae8, 0x03050305, 0x040a040a, 
	0xf99af99a, 0x02f002f0, 0x01de01de, 0xfd04fd04, 0x031c031c, 0x017f017f, 0xfa60fa60, 0x05740574, 
	0xff73ff73, 0xff97ff97, 0x000c000c, 0x009b009b, 0x01850185, 0xfe0cfe0c, 0x02060206, 0xfc9ffc9f, 
	0x04a704a7, 0xfdb1fdb1, 0xfd4ffd4f, 0x05060506, 0xf923f923, 0x02d602d6, 0x02350235, 0xf8ddf8dd, 
	0x05720572, 0xfadffadf, 0xffdaffda, 0x04840484, 0xf6eef6ee, 0x06da06da, 0xfbd7fbd7, 0xff27ff27, 
	0x01d901d9, 0xfe40fe40, 0x027a027a, 0xf9fef9fe, 0x07ae07ae, 0xfa6bfa6b, 0x01610161, 0x03550355, 
	0xfa64fa64, 0x07300730, 0xf9fef9fe, 0x00c200c2, 0x03f503f5, 0xfc3efc3e, 0x01290129, 0x00b900b9, 
	0xfd6dfd6d, 0x00050005, 0x01a901a9, 0xfeeafeea, 0xff6fff6f, 0xfe08fe08, 0x017b017b, 0x01680168, 
	0xfd6afd6a, 0xffa4ffa4, 0x00910091, 0xffa4ffa4, 0xff6eff6e, 0x03820382, 0xfd0dfd0d, 0xfcbefcbe, 
	0x06ae06ae, 0xfaaafaaa, 0x03f103f1, 0xff3aff3a, 0xfc89fc89, 0x09eb09eb, 0xf31bf31b, 0x083e083e, 
	0x030b030b, 0xf837f837, 0x09220922, 0xf8b5f8b5, 0x04360436, 0x00cc00cc, 0xff74ff74, 0x033a033a, 
	0xfc86fc86, 0x018e018e, 0x01330133, 0x03310331, 0xfc51fc51, 0x024f024f, 0x026b026b, 0xfcb5fcb5, 
	0x03230323, 0xff0aff0a, 0x00ed00ed, 0x00f900f9, 0xfe2cfe2c, 0x022d022d, 0xfd9dfd9d, 0x00400040, 
	0x03450345, 0xfd0efd0e, 0xff24ff24, 0x008d008d, 0x00480048, 0x00630063, 0xff3aff3a, 0xff42ff42, 
	0x01740174, 0xfdb1fdb1, 0x00a200a2, 0x02150215, 0xfde4fde4, 0x01c501c5, 0xfe45fe45, 0x01130113, 
	0xff9cff9c, 0x015c015c, 0x00210021, 0xff86ff86, 0x00b800b8, 0xfddffddf, 0x05230523, 0xfabafaba, 
	0x02d402d4, 0xffd1ffd1, 0xfe86fe86, 0x020d020d, 0xfbb2fbb2, 0x05ab05ab, 0xf8f4f8f4, 0x05720572, 
	0xfdbcfdbc, 0xfd21fd21, 0x06420642, 0xf603f603, 0x09590959, 0xfbf9fbf9, 0xfdcffdcf, 0x05440544, 
	0xf8d2f8d2, 0x047c047c, 0xff66ff66, 0xff2dff2d, 0x000c000c, 0xfed6fed6, 0xff61ff61, 0x00d700d7, 
	0x015c015c, 0xfbb2fbb2, 0x033b033b, 0xfd49fd49, 0xfeaffeaf, 0x04a904a9, 0xfa4efa4e, 0x03030303, 
	0xfea1fea1, 0xfdfcfdfc, 0x03b903b9, 0xfb58fb58, 0x02d402d4, 0x00c700c7, 0xfd12fd12, 0x01940194, 
	0x00970097, 0xff75ff75, 0x015d015d, 0xfefafefa, 0x00890089, 0x01ad01ad, 0xfe90fe90, 0x02de02de, 
	0xfdcdfdcd, 0x01c101c1, 0xfff2fff2, 0x010d010d, 0x01090109, 0xfcdffcdf, 0x05aa05aa, 0xfc2afc2a, 
	0x03920392, 0xfebafeba, 0xfdaafdaa, 0x04fc04fc, 0xfc98fc98, 0x04070407, 0xfbdcfbdc, 0x00dc00dc, 
	0x01020102, 0xffcfffcf, 0x01e101e1, 0xf97df97d, 0x06650665, 0xfe7ffe7f, 0xfe12fe12, 0x04940494, 
	0xf9dff9df, 0x04420442, 0x01c001c0, 0xfbf9fbf9, 0x04c404c4, 0xfc60fc60, 0x034f034f, 0x01cc01cc, 
	0xfac1fac1, 0x05430543, 0xfc81fc81, 0x05380538, 0xfea7fea7, 0xfa98fa98, 0x07f507f5, 0xfa03fa03, 
	0x04e204e2, 0xfef5fef5, 0xf956f956, 0x07c207c2, 0xfc02fc02, 0x00450045, 0x00370037, 0xfbbdfbbd, 
	0x03240324, 0xfef9fef9, 0xfe02fe02, 0xfe1afe1a, 0x01c101c1, 0x00be00be, 0xfc10fc10, 0x019f019f, 
	0xfc28fc28, 0x03050305, 0x02c102c1, 0xf8d6f8d6, 0x047a047a, 0xfc72fc72, 0x024c024c, 0x03620362, 
	0xf92ff92f, 0x05560556, 0xfd5afd5a, 0x02270227, 0x005a005a, 0xfe61fe61, 0x03f003f0, 0xfcb5fcb5, 
	0x03cf03cf, 0xfb94fb94, 0x03ad03ad, 0x01c401c4, 0xfbe7fbe7, 0x04870487, 0xfb1cfb1c, 0x03850385, 
	0xff62ff62, 0x00de00de, 0xfff0fff0, 0xfd5efd5e, 0x04ac04ac, 0xfbccfbcc, 0x03d203d2, 0xff1aff1a, 
	0xfef3fef3, 0x041b041b, 0xfaa1faa1, 0x03710371, 0x01f201f2, 0xfce3fce3, 0x03620362, 0xfd80fd80, 
	0x02390239, 0x01930193, 0xfcb5fcb5, 0x05140514, 0xfb61fb61, 0x05020502, 0x017c017c, 0xfaa6faa6, 
	0x06c506c5, 0xfb37fb37, 0x05230523, 0xff82ff82, 0xfb40fb40, 0x08160816, 0xfbaafbaa, 0xffd7ffd7, 
	0x026e026e, 0xfda3fda3, 0x01be01be, 0xfffbfffb, 0xff12ff12, 0xfe25fe25, 0x01c301c3, 0x014d014d, 
	0xfd51fd51, 0x01990199, 0xfa76fa76, 0x04270427, 0x040d040d, 0xf5b2f5b2, 0x07ee07ee, 0xfd53fd53, 
	0xfc46fc46, 0x085b085b, 0xf807f807, 0x033f033f, 0x01940194, 0xfcd7fcd7, 0x03d003d0, 0xfb28fb28, 
	0x02ef02ef, 0x01cd01cd, 0xfde2fde2, 0xfe2cfe2c, 0xffe7ffe7, 0x038c038c, 0xfda8fda8, 0x01d501d5, 
	0xfe05fe05, 0xffb1ffb1, 0x01120112, 0xfffcfffc, 0x01e901e9, 0xfd67fd67, 0x03770377, 0xffadffad, 
	0xfd65fd65, 0x00bf00bf, 0x01e001e0, 0x02790279, 0xfe7efe7e, 0xfd80fd80, 0x03170317, 0xff8dff8d, 
	0x00900090, 0x02a102a1, 0xfa97fa97, 0x04dc04dc, 0xfebdfebd, 0x00800080, 0x00c300c3, 0xfc8efc8e, 
	0x04930493, 0xfc81fc81, 0x02d802d8, 0xfcc4fcc4, 0x021a021a, 0x016e016e, 0xfaf7faf7, 0x06680668, 
	0xfa7bfa7b, 0x02fe02fe, 0x02e202e2, 0xfa48fa48, 0x04830483, 0xfe78fe78, 0x01a901a9, 0x015d015d, 
	0xfbeafbea, 0x056c056c, 0xfccbfccb, 0x017f017f, 0x034e034e, 0xfb65fb65, 0x03870387, 0xfe85fe85, 
	0x01910191, 0xff9bff9b, 0x00e500e5, 0xfff3fff3, 0xfe5bfe5b, 0x02080208, 0xfd4dfd4d, 0x03f203f2, 
	0xfcfefcfe, 0x01040104, 0x02780278, 0xfac4fac4, 0x01d401d4, 0x02660266, 0x001e001e, 0x004c004c, 
	0xfefcfefc, 0xfde6fde6, 0x03a203a2, 0xffa1ffa1, 0x00110011, 0x008b008b, 0xfc82fc82, 0x01cd01cd, 
	0x02260226, 0xfe43fe43, 0xfd46fd46, 0x02920292, 0xff86ff86, 0xfd99fd99, 0x02320232, 0xfec2fec2, 
	0x01140114, 0x00ab00ab, 0xfaaffaaf, 0x03680368, 0x00450045, 0x00310031, 0x026f026f, 0xfabcfabc, 
	0x005d005d, 0x01700170, 0x04220422, 0xfb58fb58, 0x00c600c6, 0x01730173, 0xfd0ffd0f, 0x06680668, 
	0xf836f836, 0x052d052d, 0x013e013e, 0xfab7fab7, 0x054a054a, 0xfb61fb61, 0x01800180, 0x035e035e, 
	0xff45ff45, 0xfc52fc52, 0xfec6fec6, 0x052d052d, 0x00a100a1, 0xfcb9fcb9, 0x00d200d2, 0xfe54fe54, 
	0x03f703f7, 0xff29ff29, 0xfc52fc52, 0x062a062a, 0xf89df89d, 0x05c805c8, 0x00ce00ce, 0xf8baf8ba, 
	0x07660766, 0xfefffeff, 0xff4aff4a, 0xfd0cfd0c, 0x01bc01bc, 0x03df03df, 0x00640064, 0xfe1ffe1f, 
	0xfc0cfc0c, 0x03d203d2, 0x02490249, 0xffa5ffa5, 0x00b800b8, 0xfb3efb3e, 0x02780278, 0x06590659, 
	0xf7edf7ed, 0x034c034c, 0x02400240, 0xfeacfeac, 0x03030303, 0xf8d9f8d9, 0x05040504, 0x02c002c0, 
	0xfe0efe0e, 0x006d006d, 0xfb10fb10, 0x023c023c, 0x04ed04ed, 0xfd83fd83, 0xfbcdfbcd, 0x00230023, 
	0x01da01da, 0x02360236, 0xfe88fe88, 0xfa82fa82, 0x02500250, 0x04860486, 0xfb35fb35, 0x037b037b, 
	0xfcbcfcbc, 0xfddcfddc, 0x097b097b, 0xf669f669, 0x029f029f, 0x05420542, 0xfa0efa0e, 0x06380638, 
	0xfb55fb55, 0xfcb0fcb0, 0x09d509d5, 0xfdcbfdcb, 0xfd24fd24, 0x01de01de, 0xfb51fb51, 0x04e604e6, 
	0x050f050f, 0xf7c2f7c2, 0x02a602a6, 0x01df01df, 0xfa59fa59, 0x09fa09fa, 0xf9f9f9f9, 0xfc40fc40, 
	0x0b810b81, 0xf846f846, 0x02780278, 0xffe8ffe8, 0xfcd9fcd9, 0x070d070d, 0xfefdfefd, 0xfc9efc9e, 
	0x009b009b, 0x02ac02ac, 0xfb53fb53, 0x05f805f8, 0xfe30fe30, 0xf7fcf7fc, 0x0c5b0c5b, 0xf99cf99c, 
	0xfcdafcda, 0x078d078d, 0xf51cf51c, 0x08c608c6, 0x00900090, 0xf5abf5ab, 0x0ad60ad6, 0xf9c1f9c1, 
	0xff70ff70, 0x04840484, 0xf9cbf9cb, 0x01320132, 0x039e039e, 0xfebafeba, 0xfa86fa86, 0x05f205f2, 
	0xfb55fb55, 0x01ba01ba, 0x06000600, 0xf44ff44f, 0x07f407f4, 0xff5dff5d, 0xf9eef9ee, 0x09930993, 
	0xf8ebf8eb, 0xff3eff3e, 0x062e062e, 0xfa58fa58, 0x02370237, 0xffa3ffa3, 0xff0aff0a, 0x01e801e8, 
	0xff60ff60, 0xff05ff05, 0xff72ff72, 0x04240424, 0xfafdfafd, 0x02bc02bc, 0x00370037, 0xfbf5fbf5, 
	0x08840884, 0xfa43fa43, 0xfeeafeea, 0x03c503c5, 0xfc25fc25, 0x03de03de, 0x010f010f, 0xfb08fb08, 
	0x02a402a4, 0x01790179, 0xfc84fc84, 0x03e603e6, 0xfd58fd58, 0xfdcffdcf, 0x05910591, 0xfb8efb8e, 
	0xff10ff10, 0x05570557, 0xfb9efb9e, 0xff40ff40, 0x027a027a, 0xfdb2fdb2, 0x054b054b, 0xfef2fef2, 
	0xf9e1f9e1, 0x04fd04fd, 0xffc6ffc6, 0x01170117, 0x04090409, 0xf880f880, 0xffd9ffd9, 0x051d051d, 
	0xfffefffe, 0xff43ff43, 0xfecdfecd, 0xff30ff30, 0xff45ff45, 0x03070307, 0xfdadfdad, 0x02b502b5, 
	0x009a009a, 0xf82ff82f, 0x05b805b8, 0xfe16fe16, 0x01400140, 0x05600560, 0xf803f803, 0xfec1fec1, 
	0x015e015e, 0x03b103b1, 0x00400040, 0xfcd9fcd9, 0xffd9ffd9, 0x00400040, 0x01f801f8, 0xfbd6fbd6, 
	0x03b903b9, 0x01550155, 0xfcbffcbf, 0x03430343, 0xfa87fa87, 0x01b001b0, 0x04140414, 0x004c004c, 
	0xfeb5feb5, 0xfacdfacd, 0x04c404c4, 0x02650265, 0xfe55fe55, 0xff19ff19, 0xff9cff9c, 0x033e033e, 
	0xfe8bfe8b, 0xfe77fe77, 0x00980098, 0xff28ff28, 0x036b036b, 0xfe86fe86, 0xfba1fba1, 0x01920192, 
	0x020e020e, 0x020b020b, 0xf928f928, 0xffaaffaa, 0x06340634, 0xfe0efe0e, 0x00890089, 0xfbbffbbf, 
	0xff64ff64, 0x05a005a0, 0x000c000c, 0xfd6bfd6b, 0xfdbdfdbd, 0x01210121, 0x03f603f6, 0xff74ff74, 
	0xfb55fb55, 0x025b025b, 0x042c042c, 0xfdd2fdd2, 0xfd04fd04, 0x00c900c9, 0x01170117, 0x04ae04ae, 
	0xfdeefdee, 0xf8baf8ba, 0x04a904a9, 0x02270227, 0xfff7fff7, 0xfccbfccb, 0xfb07fb07, 0x041a041a, 
	0x04d504d5, 0xfcc2fcc2, 0xf88af88a, 0x02e302e3, 0x02460246, 0x00140014, 0x01f001f0, 0xf91df91d, 
	0x015d015d, 0x05790579, 0xfa46fa46, 0x01610161, 0x00cf00cf, 0xfe9bfe9b, 0x06290629, 0xf957f957, 
	0xfccafcca, 0x08890889, 0xfffafffa, 0xfe71fe71, 0xfe54fe54, 0xfbcffbcf, 0x05c105c1, 0x053b053b, 
	0xf78cf78c, 0x00c100c1, 0x00940094, 0xfcc8fcc8, 0x08e708e7, 0xfaeefaee, 0xfae7fae7, 0x06170617, 
	0xfc8bfc8b, 0x01520152, 0x00570057, 0xfc6bfc6b, 0x049c049c, 0xff01ff01, 0xfca3fca3, 0x016a016a, 
	0xffdcffdc, 0x00900090, 0x013f013f, 0xfcf4fcf4, 0xfddafdda, 0x03b903b9, 0x00780078, 0xff1bff1b, 
	0x00290029, 0xfc5cfc5c, 0x022b022b, 0x02180218, 0xfc64fc64, 0x01d601d6, 0xfee0fee0, 0xfd6afd6a, 
	0x02310231, 0xfe81fe81, 0xfed1fed1, 0x019b019b, 0xffdaffda, 0xfe0afe0a, 0xfeedfeed, 0xff40ff40, 
	0x01be01be, 0x014d014d, 0xfcfefcfe, 0x008e008e, 0x00830083, 0xfe95fe95, 0x01950195, 0xffeeffee, 
	0xff52ff52, 0x01c801c8, 0xfeeffeef, 0xff99ff99, 0x00e100e1, 0xfe99fe99, 0x02960296, 0x00290029, 
	0xfd8ffd8f, 0x01ab01ab, 0xffc8ffc8, 0xfee0fee0, 0x008c008c, 0xfebffebf, 0xffa4ffa4, 0x01bc01bc, 
	0xfd51fd51, 0xfe50fe50, 0x01800180, 0xff28ff28, 0x00b100b1, 0xffefffef, 0xffaeffae, 0x02130213, 
	0xff4eff4e, 0xff10ff10, 0x01690169, 0x00f200f2, 0x011c011c, 0x01a401a4, 0xfe0cfe0c, 0xfe28fe28, 
	0x033c033c, 0x01820182, 0xfed4fed4, 0xfe77fe77, 0xffb0ffb0, 0x012d012d, 0x00830083, 0x00f500f5, 
	0x00220022, 0xfebcfebc, 0xfe05fe05, 0x01500150, 0x018c018c, 0xfef6fef6, 0x01270127, 0xfe87fe87, 
	0xfd38fd38, 0x01d501d5, 0x02460246, 0xfec4fec4, 0xfe04fe04, 0x00910091, 0x02700270, 0xffd2ffd2, 
	0xfd63fd63, 0x009e009e, 0x02280228, 0x001d001d, 0xffd1ffd1, 0xffdeffde, 0xfdfafdfa, 0x02140214, 
	0x04430443, 0xfcd7fcd7, 0xfd59fd59, 0x02ee02ee, 0x01ac01ac, 0xfe99fe99, 0xfe8dfe8d, 0x00a800a8, 
	0x01c601c6, 0xffdbffdb, 0xfdc1fdc1, 0x00110011, 0x01680168, 0x00740074, 0x00ec00ec, 0xfc73fc73, 
	0xfd6bfd6b, 0x05d105d1, 0x00840084, 0xfb22fb22, 0xffc3ffc3, 0x00c000c0, 0x02d602d6, 0xffddffdd, 
	0xfa85fa85, 0x01340134, 0x01ea01ea, 0xff5aff5a, 0x00c500c5, 0xfbe9fbe9, 0xffadffad, 0x05980598, 
	0xfe2ffe2f, 0xfbb4fbb4, 0x01890189, 0x01d301d3, 0x01110111, 0xfe58fe58, 0xfd58fd58, 0x024b024b, 
	0x01c301c3, 0xffffffff, 0xfcfffcff, 0xfea7fea7, 0x04100410, 0x002d002d, 0xfc0efc0e, 0xfd55fd55, 
	0x02330233, 0x048b048b, 0xfe34fe34, 0xf9cff9cf, 0x00470047, 0x03df03df, 0x021a021a, 0xfe55fe55, 
	0xfb0afb0a, 0x00fd00fd, 0x048d048d, 0xffe5ffe5, 0xfca4fca4, 0xfe1ffe1f, 0x01780178, 0x04fd04fd, 
	0xfef1fef1, 0xfb83fb83, 0x028c028c, 0x026b026b, 0x00c900c9, 0xfd69fd69, 0xff3dff3d, 0x04190419, 
	0x00d600d6, 0xfd9cfd9c, 0xfd7ffd7f, 0x02070207, 0x039b039b, 0x01460146, 0xfcbbfcbb, 0xfcc3fcc3, 
	0x03680368, 0x044f044f, 0xff89ff89, 0xfb96fb96, 0xff50ff50, 0x04ad04ad, 0x01170117, 0xfd8cfd8c, 
	0xff25ff25, 0xfee6fee6, 0x01830183, 0x01a201a2, 0xfd57fd57, 0xfe3ffe3f, 0x01790179, 0x012f012f, 
	0xfe3afe3a, 0xfea8fea8, 0xff5bff5b, 0x01e701e7, 0xfe24fe24, 0xfc35fc35, 0x034a034a, 0xfefffeff, 
	0xfe20fe20, 0xff95ff95, 0xfcbbfcbb, 0xffdeffde, 0x00d300d3, 0xff51ff51, 0xfe61fe61, 0xfe53fe53, 
	0xffc4ffc4, 0x01440144, 0xfdd2fdd2, 0xfd90fd90, 0x02d802d8, 0x007c007c, 0xfd27fd27, 0xfecefece, 
	0x00f100f1, 0x00f700f7, 0x00570057, 0xfec0fec0, 0xfeb9feb9, 0x01aa01aa, 0x002a002a, 0x014a014a, 
	0xffedffed, 0xfe23fe23, 0x034a034a, 0x002d002d, 0xfe72fe72, 0xfff5fff5, 0x00fc00fc, 0x01d401d4, 
	0xff25ff25, 0xffbbffbb, 0xffe0ffe0, 0x01a901a9, 0x00550055, 0xff20ff20, 0x00f800f8, 0xfeecfeec, 
	0x01d901d9, 0x00b700b7, 0xfe51fe51, 0x00b900b9, 0xff9fff9f, 0x001a001a, 0xff1cff1c, 0x00990099, 
	0x016a016a, 0xfe9cfe9c, 0x00920092, 0xff48ff48, 0x014c014c, 0x011f011f, 0xfde4fde4, 0x01630163, 
	0x003a003a, 0x00750075, 0x01270127, 0xfebafeba, 0xfe58fe58, 0x00fa00fa, 0x01ce01ce, 0xfeb1feb1, 
	0xff35ff35, 0xff91ff91, 0xffecffec, 0x00b300b3, 0xff0dff0d, 0xffa2ffa2, 0x013f013f, 0xfec3fec3, 
	0xff7eff7e, 0x017c017c, 0xfee0fee0, 0xfff3fff3, 0x00970097, 0xfef2fef2, 0x011b011b, 0x02690269, 
	0xff06ff06, 0xfff9fff9, 0x01080108, 0xffdbffdb, 0x02720272, 0xffcbffcb, 0xfea9fea9, 0x029c029c, 
	0x01920192, 0xff9bff9b, 0x00720072, 0x00030003, 0x015b015b, 0x02290229, 0xff60ff60, 0x00230023, 
	0x02c502c5, 0x028c028c, 0x00f200f2, 0x01590159, 0x015d015d, 0x03450345, 0x03ec03ec, 0x00070007, 
	0x01140114, 0x03710371, 0x02ca02ca, 0x01e001e0, 0x01450145, 0x00f600f6, 0x023d023d, 0x031d031d, 
	0x00350035, 0xffa2ffa2, 0x01db01db, 0x01430143, 0x00930093, 0xfe8ffe8f, 0xff0cff0c, 0x02f402f4, 
	0xff1cff1c, 0xfcfefcfe, 0xff98ff98, 0xff3fff3f, 0xff88ff88, 0xff40ff40, 0xfdcbfdcb, 0xfd30fd30, 
	0xff87ff87, 0x00590059, 0xfe09fe09, 0xfd33fd33, 0xfdb3fdb3, 0x00870087, 0xff22ff22, 0xfc92fc92, 
	0x00360036, 0xff26ff26, 0xfe3afe3a, 0xfff2fff2, 0xfe82fe82, 0x00110011, 0xfffefffe, 0xff77ff77, 
	0xffe7ffe7, 0xff2dff2d, 0x01150115, 0x012c012c, 0xff93ff93, 0xff45ff45, 0x00d700d7, 0x010a010a, 
	0xffeaffea, 0x013d013d, 0x00510051, 0x00690069, 0x013d013d, 0x00060006, 0x013b013b, 0xfffdfffd, 
	0x003b003b, 0x01800180, 0xff16ff16, 0x00c300c3, 0x01640164, 0xfff9fff9, 0x001e001e, 0xff80ff80, 
	0x009c009c, 0x00a500a5, 0xff76ff76, 0x00440044, 0x01740174, 0x013b013b, 0x01f501f5, 0x036b036b, 
	0x01c801c8, 0x03550355, 0x05ce05ce, 0x046b046b, 0x056e056e, 0x043e043e, 0x04ef04ef, 0x09490949, 
	0x06c206c2, 0x05520552, 0x064a064a, 0x05570557, 0x07b707b7, 0x07f907f9, 0x03ce03ce, 0x03510351, 
	0x04840484, 0x036b036b, 0x04440444, 0x021e021e, 0xfe0ffe0f, 0x010d010d, 0x00b400b4, 0xfdaffdaf, 
	0xff17ff17, 0xfcc2fcc2, 0xfc4cfc4c, 0xfd73fd73, 0xfa8cfa8c, 0xfc34fc34, 0xfda6fda6, 0xfa5bfa5b, 
	0xfaa0faa0, 0xfbf5fbf5, 0xfb59fb59, 0xfda0fda0, 0xfd3bfd3b, 0xfa02fa02, 0xfcb8fcb8, 0xfebcfebc, 
	0xfe4dfe4d, 0xff1aff1a, 0xfcedfced, 0xfe13fe13, 0x01de01de, 0x00360036, 0xff75ff75, 0x007b007b, 
	0x00510051, 0x01990199, 0x01a501a5, 0x00380038, 0x01470147, 0x01dc01dc, 0x00bd00bd, 0x013a013a, 
	0x00c000c0, 0x00560056, 0x01240124, 0xffddffdd, 0xffa2ffa2, 0x00fa00fa, 0x00c600c6, 0xff93ff93, 
	0xfed9fed9, 0xffd3ffd3, 0x012d012d, 0x00f700f7, 0xffdbffdb, 0xfeecfeec, 0xffc6ffc6, 0x02470247, 
	0x02590259, 0xffaeffae, 0xff94ff94, 0x029d029d, 0x05bd05bd, 0x064a064a, 0x04420442, 0x05930593, 
	0x08780878, 0x09f409f4, 0x0c830c83, 0x0b330b33, 0x08d008d0, 0x0c6f0c6f, 0x0f810f81, 0x0e980e98, 
	0x0cd70cd7, 0x0ad90ad9, 0x0bf00bf0, 0x0e9e0e9e, 0x0bf50bf5, 0x08b508b5, 0x083d083d, 0x05df05df, 
	0x06890689, 0x06870687, 0x00c300c3, 0xff98ff98, 0xff6bff6b, 0xfd0cfd0c, 0xfd33fd33, 0xfabafaba, 
	0xf841f841, 0xf934f934, 0xf77ef77e, 0xf5def5de, 0xf829f829, 0xf6edf6ed, 0xf4daf4da, 0xf6c2f6c2, 
	0xf60df60d, 0xf700f700, 0xf9def9de, 0xf7ccf7cc, 0xf853f853, 0xfa5ffa5f, 0xfab0fab0, 0xfdfefdfe, 
	0xfdd9fdd9, 0xfc0efc0e, 0xfeebfeeb, 0x00c300c3, 0x00290029, 0x00e600e6, 0x014e014e, 0x00b100b1, 
	0x026e026e, 0x02750275, 0x01ce01ce, 0x02e302e3, 0x00c000c0, 0x00b100b1, 0x02950295, 0x01930193, 
	0x01360136, 0x00040004, 0xfeacfeac, 0x00440044, 0x01f001f0, 0x00b900b9, 0xfe05fe05, 0xfe44fe44, 
	0xfff9fff9, 0x01250125, 0x013b013b, 0xffa2ffa2, 0xffafffaf, 0x006a006a, 0x02780278, 0x04da04da, 
	0x02f102f1, 0x013b013b, 0x036f036f, 0x06c106c1, 0x07ce07ce, 0x09820982, 0x0ca30ca3, 0x0bde0bde, 
	0x0cba0cba, 0x117d117d, 0x14781478, 0x15351535, 0x134c134c, 0x138e138e, 0x16f816f8, 0x182c182c, 
	0x183f183f, 0x16a016a0, 0x13011301, 0x12551255, 0x153d153d, 0x13851385, 0x0d5d0d5d, 0x0a210a21, 
	0x07d307d3, 0x07af07af, 0x06d906d9, 0xffcaffca, 0xfac2fac2, 0xf94bf94b, 0xf8c2f8c2, 0xf87af87a, 
	0xf2a8f2a8, 0xeca6eca6, 0xedf3edf3, 0xf02df02d, 0xee45ee45, 0xebc4ebc4, 0xe9fde9fd, 0xea3cea3c, 
	0xee25ee25, 0xef21ef21, 0xee4aee4a, 0xefe2efe2, 0xf091f091, 0xf456f456, 0xf87cf87c, 0xf7eaf7ea, 
	0xfa42fa42, 0xfe1efe1e, 0xfe6bfe6b, 0xff99ff99, 0x033e033e, 0x06000600, 0x066e066e, 0x04e404e4, 
	0x041d041d, 0x07f707f7, 0x0a520a52, 0x07690769, 0x052b052b, 0x03670367, 0x04590459, 0x07660766, 
	0x047d047d, 0xff7fff7f, 0xff19ff19, 0x007a007a, 0x00950095, 0xff2dff2d, 0xfc3ffc3f, 0xfaf9faf9, 
	0xfcc7fcc7, 0xfdacfdac, 0xfd2dfd2d, 0xfc38fc38, 0xfb06fb06, 0xfdd9fdd9, 0x012b012b, 0xff88ff88, 
	0xff3eff3e, 0x01a701a7, 0x033b033b, 0x04ed04ed, 0x06250625, 0x06110611, 0x07390739, 0x0b1a0b1a, 
	0x0f9a0f9a, 0x12171217, 0x10161016, 0x0fc40fc4, 0x16ba16ba, 0x1b3c1b3c, 0x19681968, 0x17901790, 
	0x170a170a, 0x19071907, 0x1cb41cb4, 0x1b401b40, 0x15c015c0, 0x12cf12cf, 0x13411341, 0x14941494, 
	0x119f119f, 0x0ab70ab7, 0x07200720, 0x06730673, 0x03de03de, 0x012f012f, 0xfdcbfdcb, 0xf841f841, 
	0xf62df62d, 0xf5b4f5b4, 0xf2d6f2d6, 0xf0aaf0aa, 0xef00ef00, 0xed79ed79, 0xed2ced2c, 0xeca6eca6, 
	0xec8dec8d, 0xedb9edb9, 0xedaaedaa, 0xee49ee49, 0xf119f119, 0xf27ef27e, 0xf3cdf3cd, 0xf6edf6ed, 
	0xf881f881, 0xf9cbf9cb, 0xfd8dfd8d, 0xffb4ffb4, 0x00d100d1, 0x02e002e0, 0x04090409, 0x05b105b1, 
	0x072b072b, 0x07d607d6, 0x084b084b, 0x07360736, 0x06170617, 0x08400840, 0x09310931, 0x04e204e2, 
	0x031e031e, 0x04690469, 0x02f102f1, 0x01ab01ab, 0x01110111, 0xff9aff9a, 0xfeb5feb5, 0xfd5afd5a, 
	0xfd32fd32, 0xfe70fe70, 0xfd3ffd3f, 0xfc3efc3e, 0xfd91fd91, 0xfdb3fdb3, 0xfdf3fdf3, 0x00410041, 
	0xffedffed, 0xff7dff7d, 0x026e026e, 0x03880388, 0x047a047a, 0x05c305c3, 0x04f504f5, 0x06d306d3, 
	0x09a009a0, 0x09740974, 0x08e508e5, 0x0a150a15, 0x0ecd0ecd, 0x13ce13ce, 0x11f911f9, 0x0deb0deb, 
	0x12451245, 0x19411941, 0x1a1a1a1a, 0x17f417f4, 0x148b148b, 0x146e146e, 0x198f198f, 0x1c281c28, 
	0x18cb18cb, 0x114d114d, 0x0d780d78, 0x12a412a4, 0x16191619, 0x0eec0eec, 0x05610561, 0x02ab02ab, 
	0x04cb04cb, 0x06500650, 0x021c021c, 0xf83ef83e, 0xf33ef33e, 0xf67af67a, 0xf9a6f9a6, 0xf661f661, 
	0xedc2edc2, 0xe9dde9dd, 0xee0cee0c, 0xf2aef2ae, 0xf1f5f1f5, 0xec65ec65, 0xe907e907, 0xedb8edb8, 
	0xf640f640, 0xf77cf77c, 0xf19df19d, 0xf0f1f0f1, 0xf757f757, 0xfdecfdec, 0x00570057, 0xfd91fd91, 
	0xfbcdfbcd, 0xffd0ffd0, 0x06590659, 0x09060906, 0x06140614, 0x03090309, 0x04b504b5, 0x09b809b8, 
	0x0aaa0aaa, 0x07370737, 0x03f003f0, 0x02b802b8, 0x059f059f, 0x06e506e5, 0x02860286, 0xff25ff25, 
	0xff13ff13, 0xff12ff12, 0xffc0ffc0, 0xff64ff64, 0xfcb6fcb6, 0xfb68fb68, 0xfc42fc42, 0xfd7efd7e, 
	0xfe76fe76, 0xfe24fe24, 0xfd79fd79, 0xff43ff43, 0x00520052, 0x01d301d3, 0x040f040f, 0x02c902c9, 
	0x03680368, 0x06ab06ab, 0x079a079a, 0x07a007a0, 0x08ae08ae, 0x08480848, 0x08a008a0, 0x0b310b31, 
	0x0b580b58, 0x09ca09ca, 0x09f009f0, 0x0e440e44, 0x12fe12fe, 0x10e710e7, 0x0d880d88, 0x117f117f, 
	0x16a916a9, 0x17fd17fd, 0x178f178f, 0x148a148a, 0x13161316, 0x17511751, 0x1ba31ba3, 0x18d918d9, 
	0x119d119d, 0x0ed90ed9, 0x12fc12fc, 0x158e158e, 0x10871087, 0x09900990, 0x055a055a, 0x05780578, 
	0x08490849, 0x05a705a7, 0xfcadfcad, 0xf6f2f6f2, 0xf86bf86b, 0xfaaffaaf, 0xf7e5f7e5, 0xf203f203, 
	0xeddaedda, 0xee0dee0d, 0xf16df16d, 0xf30bf30b, 0xef51ef51, 0xead1ead1, 0xed1aed1a, 0xf32ff32f, 
	0xf577f577, 0xf335f335, 0xf21cf21c, 0xf4caf4ca, 0xf8b5f8b5, 0xfc61fc61, 0xfd9dfd9d, 0xfc3ffc3f, 
	0xfc9afc9a, 0x00950095, 0x03b003b0, 0x04210421, 0x037c037c, 0x03450345, 0x04510451, 0x04f704f7, 
	0x057e057e, 0x055e055e, 0x033a033a, 0x01220122, 0x01950195, 0x015e015e, 0x00450045, 0xffc3ffc3, 
	0xfd54fd54, 0xfb56fb56, 0xfbc1fbc1, 0xfda1fda1, 0xfdebfdeb, 0xfb1afb1a, 0xf92af92a, 0xfbe3fbe3, 
	0xff3fff3f, 0xff68ff68, 0xfee2fee2, 0xfdeafdea, 0xff01ff01, 0x033d033d, 0x05a405a4, 0x048e048e, 
	0x039c039c, 0x04c104c1, 0x07b807b8, 0x09d009d0, 0x09150915, 0x080f080f, 0x07ab07ab, 0x09500950, 
	0x0bb30bb3, 0x0bca0bca, 0x0c230c23, 0x0f510f51, 0x108a108a, 0x0ed70ed7, 0x10f310f3, 0x15e715e7, 
	0x17aa17aa, 0x15591559, 0x14271427, 0x15a115a1, 0x17231723, 0x18ac18ac, 0x18d818d8, 0x14191419, 
	0x0f6a0f6a, 0x11ed11ed, 0x15561556, 0x123d123d, 0x0b280b28, 0x06e506e5, 0x065b065b, 0x06f806f8, 
	0x06190619, 0x00af00af, 0xf95cf95c, 0xf6e4f6e4, 0xf96bf96b, 0xf89df89d, 0xf44ef44e, 0xf0d7f0d7, 
	0xee5eee5e, 0xee3dee3d, 0xf182f182, 0xf2edf2ed, 0xee79ee79, 0xebd8ebd8, 0xf0a0f0a0, 0xf5d8f5d8, 
	0xf4fdf4fd, 0xf423f423, 0xf6c9f6c9, 0xf89df89d, 0xfadbfadb, 0xff1fff1f, 0x007b007b, 0xfe1efe1e, 
	0xff88ff88, 0x04bd04bd, 0x06560656, 0x04160416, 0x03ed03ed, 0x05b705b7, 0x05cc05cc, 0x054e054e, 
	0x04ed04ed, 0x037c037c, 0x02d102d1, 0x03c303c3, 0x02e602e6, 0x00750075, 0xffc5ffc5, 0x00720072, 
	0x00230023, 0xffd5ffd5, 0xffe0ffe0, 0xfec8fec8, 0xfe6afe6a, 0x00d000d0, 0x028d028d, 0x00ee00ee, 
	0x00740074, 0x02aa02aa, 0x04820482, 0x04e904e9, 0x05720572, 0x056b056b, 0x05040504, 0x06e106e1, 
	0x08ff08ff, 0x085b085b, 0x062c062c, 0x06ad06ad, 0x08560856, 0x08c508c5, 0x08590859, 0x08060806, 
	0x09d509d5, 0x0db90db9, 0x109c109c, 0x0f240f24, 0x0e720e72, 0x12941294, 0x17dd17dd, 0x18c018c0, 
	0x15e615e6, 0x14111411, 0x15851585, 0x1a671a67, 0x1c451c45, 0x16f416f4, 0x102a102a, 0x11051105, 
	0x16051605, 0x15521552, 0x0ea40ea4, 0x07ca07ca, 0x05890589, 0x073c073c, 0x08b008b0, 0x03540354, 
	0xf9cbf9cb, 0xf5eff5ef, 0xf905f905, 0xfa53fa53, 0xf57af57a, 0xefd5efd5, 0xed18ed18, 0xee38ee38, 
	0xf13af13a, 0xf1c6f1c6, 0xee10ee10, 0xeb7deb7d, 0xee7bee7b, 0xf32bf32b, 0xf548f548, 0xf4d5f4d5, 
	0xf408f408, 0xf52df52d, 0xfa17fa17, 0xfee7fee7, 0xfee1fee1, 0xfd0dfd0d, 0xfea8fea8, 0x02250225, 
	0x04380438, 0x05620562, 0x05050505, 0x02f202f2, 0x032e032e, 0x06d006d0, 0x07750775, 0x03be03be, 
	0x01e701e7, 0x03550355, 0x03720372, 0x02380238, 0x01df01df, 0x009c009c, 0xfef4fef4, 0xffb3ffb3, 
	0x011a011a, 0xffb7ffb7, 0xfea1fea1, 0x00080008, 0x00d100d1, 0x007a007a, 0x018a018a, 0x02980298, 
	0x01b401b4, 0x025d025d, 0x04ac04ac, 0x04ca04ca, 0x03b503b5, 0x052e052e, 0x06790679, 0x05230523, 
	0x05350535, 0x07410741, 0x07040704, 0x05500550, 0x069b069b, 0x08ac08ac, 0x09350935, 0x0b450b45, 
	0x0f220f22, 0x103f103f, 0x0fb80fb8, 0x128f128f, 0x170c170c, 0x18f018f0, 0x18971897, 0x18451845, 
	0x18371837, 0x1a0e1a0e, 0x1ce01ce0, 0x1c041c04, 0x17051705, 0x14221422, 0x15db15db, 0x16e616e6, 
	0x13fd13fd, 0x0e680e68, 0x09aa09aa, 0x07dc07dc, 0x08830883, 0x06a106a1, 0x00060006, 0xfa01fa01, 
	0xf8eff8ef, 0xfa21fa21, 0xf829f829, 0xf3bcf3bc, 0xeff8eff8, 0xef60ef60, 0xf0d7f0d7, 0xf16bf16b, 
	0xefebefeb, 0xee59ee59, 0xef80ef80, 0xf20cf20c, 0xf470f470, 0xf545f545, 0xf55ef55e, 0xf65bf65b, 
	0xf96bf96b, 0xfcb6fcb6, 0xfd9afd9a, 0xfdc5fdc5, 0xfee1fee1, 0x00e900e9, 0x02820282, 0x041c041c, 
	0x04ca04ca, 0x04060406, 0x03d603d6, 0x05070507, 0x05f105f1, 0x04c904c9, 0x03710371, 0x02c002c0, 
	0x02700270, 0x01e801e8, 0x00e500e5, 0xff9cff9c, 0xfea7fea7, 0xfe9efe9e, 0xfe08fe08, 0xfd0dfd0d, 
	0xfcdbfcdb, 0xfd6afd6a, 0xfd46fd46, 0xfcbefcbe, 0xfd45fd45, 0xfe3cfe3c, 0xfefbfefb, 0xff65ff65, 
	0xff9bff9b, 0xffd0ffd0, 0x01450145, 0x039b039b, 0x03fd03fd, 0x026c026c, 0x02440244, 0x04f104f1, 
	0x071f071f, 0x06720672, 0x050d050d, 0x06490649, 0x0acc0acc, 0x0f6d0f6d, 0x11451145, 0x10e610e6, 
	0x120e120e, 0x16891689, 0x1bbc1bbc, 0x1e181e18, 0x1cba1cba, 0x1b3d1b3d, 0x1d031d03, 0x20e520e5, 
	0x21dc21dc, 0x1e981e98, 0x1b391b39, 0x1a5b1a5b, 0x1a971a97, 0x19441944, 0x15fa15fa, 0x11101110, 
	0x0cca0cca, 0x0af80af8, 0x099c099c, 0x05970597, 0xffc0ffc0, 0xfc30fc30, 0xfae4fae4, 0xf93cf93c, 
	0xf5dbf5db, 0xf266f266, 0xf06cf06c, 0xefe8efe8, 0xeff1eff1, 0xef03ef03, 0xedcfedcf, 0xedd3edd3, 
	0xf00bf00b, 0xf26bf26b, 0xf2fbf2fb, 0xf2caf2ca, 0xf45cf45c, 0xf802f802, 0xfa9bfa9b, 0xfb33fb33, 
	0xfb74fb74, 0xfd60fd60, 0x00370037, 0x023a023a, 0x02bc02bc, 0x027c027c, 0x03610361, 0x051c051c, 
	0x062b062b, 0x05aa05aa, 0x04de04de, 0x049a049a, 0x04a404a4, 0x04ce04ce, 0x041b041b, 0x02840284, 
	0x014f014f, 0x01890189, 0x01780178, 0x00540054, 0xffc1ffc1, 0xffa2ffa2, 0xfeb1feb1, 0xfdf0fdf0, 
	0xff3cff3c, 0x00340034, 0xfef4fef4, 0xfe19fe19, 0xff68ff68, 0x00b900b9, 0x00b400b4, 0x010a010a, 
	0x016c016c, 0x01270127, 0x01cf01cf, 0x03c203c2, 0x04650465, 0x03420342, 0x037f037f, 0x058b058b, 
	0x079e079e, 0x09b009b0, 0x0c9e0c9e, 0x0f660f66, 0x11591159, 0x13ab13ab, 0x168c168c, 0x194d194d, 
	0x1b551b55, 0x1c431c43, 0x1c321c32, 0x1caa1caa, 0x1e481e48, 0x1ef31ef3, 0x1d961d96, 0x1bb51bb5, 
	0x1a891a89, 0x195c195c, 0x17871787, 0x14c714c7, 0x10ef10ef, 0x0d510d51, 0x0b370b37, 0x09220922, 
	0x05290529, 0x00c200c2, 0xfe43fe43, 0xfcbbfcbb, 0xfa48fa48, 0xf741f741, 0xf4d4f4d4, 0xf34ff34f, 
	0xf27af27a, 0xf1f5f1f5, 0xf0dff0df, 0xefcfefcf, 0xf039f039, 0xf1e0f1e0, 0xf324f324, 0xf396f396, 
	0xf46ef46e, 0xf62bf62b, 0xf8c4f8c4, 0xfb31fb31, 0xfc40fc40, 0xfc7ffc7f, 0xfe0bfe0b, 0x010b010b, 
	0x02fd02fd, 0x03590359, 0x036a036a, 0x04070407, 0x05460546, 0x07160716, 0x07a407a4, 0x05880588, 
	0x03ca03ca, 0x05140514, 0x06f106f1, 0x05ed05ed, 0x03760376, 0x02470247, 0x026a026a, 0x03200320, 
	0x03560356, 0x01bc01bc, 0xff2aff2a, 0xfec6fec6, 0x008e008e, 0x00fb00fb, 0xff38ff38, 0xfdeafdea, 
	0xfe9bfe9b, 0xfff5fff5, 0x00950095, 0x00420042, 0xff95ff95, 0xffccffcc, 0x00fe00fe, 0x01f801f8, 
	0x01dd01dd, 0x01810181, 0x01e201e2, 0x02fa02fa, 0x04da04da, 0x074a074a, 0x09ff09ff, 0x0ca30ca3, 
	0x0f860f86, 0x12931293, 0x154b154b, 0x17e917e9, 0x1a481a48, 0x1be31be3, 0x1c811c81, 0x1d7a1d7a, 
	0x1ef11ef1, 0x1f5f1f5f, 0x1e621e62, 0x1d151d15, 0x1c231c23, 0x1a901a90, 0x18691869, 0x15d415d4, 
	0x128c128c, 0x0ee00ee0, 0x0bd30bd3, 0x09800980, 0x06620662, 0x028f028f, 0xff15ff15, 0xfc8dfc8d, 
	0xfa77fa77, 0xf855f855, 0xf615f615, 0xf3a7f3a7, 0xf1fff1ff, 0xf162f162, 0xf138f138, 0xf0b9f0b9, 
	0xf049f049, 0xf0c2f0c2, 0xf202f202, 0xf3caf3ca, 0xf546f546, 0xf66ef66e, 0xf7d9f7d9, 0xfa23fa23, 
	0xfc86fc86, 0xfdd2fdd2, 0xfedffedf, 0x007a007a, 0x028f028f, 0x041d041d, 0x052b052b, 0x05e905e9, 
	0x06780678, 0x07610761, 0x081e081e, 0x084e084e, 0x07ff07ff, 0x07fe07fe, 0x07cf07cf, 0x07290729, 
	0x06cc06cc, 0x06a406a4, 0x06490649, 0x05890589, 0x04f704f7, 0x04280428, 0x03880388, 0x03a803a8, 
	0x03870387, 0x02560256, 0x01260126, 0x01740174, 0x01e301e3, 0x01770177, 0x00e600e6, 0x00e300e3, 
	0x01130113, 0x014a014a, 0x01df01df, 0x02130213, 0x02000200, 0x02840284, 0x040d040d, 0x05f705f7, 
	0x080f080f, 0x0ad60ad6, 0x0ded0ded, 0x10fc10fc, 0x13d413d4, 0x167c167c, 0x18a618a6, 0x1a611a61, 
	0x1bff1bff, 0x1d5c1d5c, 0x1e781e78, 0x1f171f17, 0x1f0a1f0a, 0x1e4d1e4d, 0x1d6b1d6b, 0x1c621c62, 
	0x1a651a65, 0x177c177c, 0x145d145d, 0x11831183, 0x0e8a0e8a, 0x0b4d0b4d, 0x07e007e0, 0x046b046b, 
	0x01430143, 0xfe6efe6e, 0xfbb6fbb6, 0xf8eaf8ea, 0xf66ef66e, 0xf46bf46b, 0xf2d2f2d2, 0xf180f180, 
	0xf073f073, 0xefdeefde, 0xefc5efc5, 0xeffdeffd, 0xf05cf05c, 0xf15df15d, 0xf30bf30b, 0xf4dcf4dc, 
	0xf67af67a, 0xf839f839, 0xfa47fa47, 0xfc6efc6e, 0xfe9afe9a, 0x00720072, 0x01f101f1, 0x03650365, 
	0x052b052b, 0x06bc06bc, 0x07c807c8, 0x088e088e, 0x09220922, 0x09920992, 0x09c009c0, 0x09c109c1, 
	0x093d093d, 0x08860886, 0x07d107d1, 0x07190719, 0x064c064c, 0x05560556, 0x045f045f, 0x03350335, 
	0x02470247, 0x016b016b, 0x00960096, 0xff9aff9a, 0xfeb1feb1, 0xfe3cfe3c, 0xfdfefdfe, 0xfde0fde0, 
	0xfd9afd9a, 0xfdc9fdc9, 0xfe3bfe3b, 0xfee2fee2, 0xffacffac, 0x00820082, 0x01800180, 0x02f902f9, 
	0x05b105b1, 0x08d208d2, 0x0bfe0bfe, 0x0f460f46, 0x12cc12cc, 0x15ed15ed, 0x187c187c, 0x1aee1aee, 
	0x1cbf1cbf, 0x1e0a1e0a, 0x1f1c1f1c, 0x20342034, 0x208c208c, 0x20262026, 0x1f641f64, 0x1e101e10, 
	0x1c2a1c2a, 0x19bc19bc, 0x16f716f7, 0x13911391, 0x10071007, 0x0cb40cb4, 0x097b097b, 0x061f061f, 
	0x029a029a, 0xff31ff31, 0xfbebfbeb, 0xf8fbf8fb, 0xf65ef65e, 0xf419f419, 0xf225f225, 0xf09af09a, 
	0xef9cef9c, 0xef24ef24, 0xef04ef04, 0xef23ef23, 0xef7def7d, 0xf02bf02b, 0xf151f151, 0xf301f301, 
	0xf4f7f4f7, 0xf6e6f6e6, 0xf900f900, 0xfb53fb53, 0xfdccfdcc, 0x00170017, 0x02230223, 0x03ca03ca, 
	0x053a053a, 0x06c306c3, 0x08270827, 0x09130913, 0x09700970, 0x09be09be, 0x09e109e1, 0x09b809b8, 
	0x09340934, 0x08650865, 0x07640764, 0x06530653, 0x05820582, 0x04980498, 0x03730373, 0x02360236, 
	0x01540154, 0x00ab00ab, 0xffefffef, 0xff3cff3c, 0xfeb2feb2, 0xfe70fe70, 0xfe64fe64, 0xfe99fe99, 
	0xfebafeba, 0xfec0fec0, 0xff03ff03, 0xffb9ffb9, 0x009e009e, 0x01800180, 0x02c202c2, 0x04e104e1, 
	0x07f107f1, 0x0b760b76, 0x0ef80ef8, 0x12391239, 0x15441544, 0x18191819, 0x1ac71ac7, 0x1cfe1cfe, 
	0x1e7b1e7b, 0x1f791f79, 0x20752075, 0x21452145, 0x21492149, 0x20a220a2, 0x1f701f70, 0x1da41da4, 
	0x1b301b30, 0x18921892, 0x15991599, 0x11f811f8, 0x0e400e40, 0x0ad50ad5, 0x077e077e, 0x03bd03bd, 
	0x00130013, 0xfc7dfc7d, 0xf90df90d, 0xf60ff60f, 0xf3a0f3a0, 0xf15bf15b, 0xef02ef02, 0xed72ed72, 
	0xecc7ecc7, 0xeca3eca3, 0xec6cec6c, 0xec64ec64, 0xecbfecbf, 0xed95ed95, 0xef1aef1a, 0xf106f106, 
	0xf31df31d, 0xf529f529, 0xf7c1f7c1, 0xfaa9faa9, 0xfd61fd61, 0xffbdffbd, 0x02030203, 0x04390439, 
	0x06200620, 0x08070807, 0x09b809b8, 0x0b0d0b0d, 0x0c000c00, 0x0cce0cce, 0x0d190d19, 0x0cd10cd1, 
	0x0c650c65, 0x0bcb0bcb, 0x0adb0adb, 0x09b409b4, 0x08aa08aa, 0x07740774, 0x06340634, 0x050c050c, 
	0x03d203d2, 0x02570257, 0x01020102, 0x00100010, 0xff21ff21, 0xfe41fe41, 0xfd92fd92, 0xfd42fd42, 
	0xfd34fd34, 0xfd83fd83, 0xfde1fde1, 0xfe18fe18, 0xfe8cfe8c, 0xffe1ffe1, 0x02600260, 0x056c056c, 
	0x08be08be, 0x0c400c40, 0x10141014, 0x13d313d3, 0x17381738, 0x1a131a13, 0x1c2f1c2f, 0x1dee1dee, 
	0x1f9f1f9f, 0x211e211e, 0x219f219f, 0x21602160, 0x20d920d9, 0x1fe91fe9, 0x1e2b1e2b, 0x1b981b98, 
	0x18781878, 0x14e514e5, 0x116b116b, 0x0dfe0dfe, 0x0a400a40, 0x061e061e, 0x021f021f, 0xfe88fe88, 
	0xfb0efb0e, 0xf7aff7af, 0xf461f461, 0xf16bf16b, 0xef11ef11, 0xed6fed6f, 0xec47ec47, 0xeb7beb7b, 
	0xeb2ceb2c, 0xeb40eb40, 0xebbcebbc, 0xec9cec9c, 0xedd6edd6, 0xef62ef62, 0xf15df15d, 0xf3c5f3c5, 
	0xf65ff65f, 0xf921f921, 0xfbfffbff, 0xfed6fed6, 0x016f016f, 0x03a303a3, 0x05810581, 0x071c071c, 
	0x08810881, 0x099d099d, 0x0a740a74, 0x0af00af0, 0x0b020b02, 0x0af30af3, 0x0abc0abc, 0x0a050a05, 
	0x08c908c9, 0x07ad07ad, 0x06c106c1, 0x05960596, 0x043a043a, 0x02df02df, 0x01830183, 0x00380038, 
	0xff77ff77, 0xfecdfecd, 0xfda8fda8, 0xfc86fc86, 0xfc32fc32, 0xfc70fc70, 0xfc97fc97, 0xfcdffcdf, 
	0xfd4bfd4b, 0xfde8fde8, 0xff38ff38, 0x01af01af, 0x04a704a7, 0x07870787, 0x0ac30ac3, 0x0e860e86, 
	0x12581258, 0x15b915b9, 0x18b118b1, 0x1b161b16, 0x1d141d14, 0x1f191f19, 0x20e620e6, 0x21cc21cc, 
	0x21b921b9, 0x215d215d, 0x20b120b1, 0x1f521f52, 0x1d151d15, 0x1a261a26, 0x16b916b9, 0x133b133b, 
	0x0fea0fea, 0x0c510c51, 0x08440844, 0x04240424, 0x005e005e, 0xfcc1fcc1, 0xf935f935, 0xf5cff5cf, 
	0xf2bef2be, 0xf02af02a, 0xee1fee1f, 0xeca1eca1, 0xeb95eb95, 0xeaffeaff, 0xead5ead5, 0xeb1eeb1e, 
	0xebb9ebb9, 0xec9bec9b, 0xedefedef, 0xefb0efb0, 0xf1aff1af, 0xf3e4f3e4, 0xf68bf68b, 0xf970f970, 
	0xfc50fc50, 0xff17ff17, 0x01bc01bc, 0x04340434, 0x06980698, 0x08e008e0, 0x0a920a92, 0x0bb30bb3, 
	0x0cbd0cbd, 0x0dbc0dbc, 0x0e3d0e3d, 0x0e3b0e3b, 0x0df40df4, 0x0d530d53, 0x0c6e0c6e, 0x0b7e0b7e, 
	0x0a5e0a5e, 0x08d508d5, 0x07450745, 0x05e805e8, 0x047b047b, 0x03020302, 0x01bc01bc, 0x00940094, 
	0xff6cff6c, 0xfe82fe82, 0xfdf8fdf8, 0xfdc1fdc1, 0xfdd4fdd4, 0xfe23fe23, 0xfedbfedb, 0x00720072, 
	0x03020302, 0x060f060f, 0x09460946, 0x0c9b0c9b, 0x0ff50ff5, 0x133c133c, 0x16601660, 0x19281928, 
	0x1b701b70, 0x1d7c1d7c, 0x1f6c1f6c, 0x20da20da, 0x21722172, 0x215d215d, 0x20c220c2, 0x1f781f78, 
	0x1d781d78, 0x1afa1afa, 0x180a180a, 0x149e149e, 0x10fe10fe, 0x0d6b0d6b, 0x09bc09bc, 0x05c005c0, 
	0x01a501a5, 0xfd99fd99, 0xf9a5f9a5, 0xf612f612, 0xf321f321, 0xf08cf08c, 0xee0dee0d, 0xec1bec1b, 
	0xeb0feb0f, 0xea84ea84, 0xea2cea2c, 0xea36ea36, 0xeaa8eaa8, 0xeb74eb74, 0xece4ece4, 0xeecfeecf, 
	0xf0a1f0a1, 0xf26af26a, 0xf4c3f4c3, 0xf799f799, 0xfa66fa66, 0xfd1cfd1c, 0xffc4ffc4, 0x024b024b, 
	0x04a904a9, 0x06ee06ee, 0x08dd08dd, 0x0a4b0a4b, 0x0b5b0b5b, 0x0c370c37, 0x0cc70cc7, 0x0cdb0cdb, 
	0x0c940c94, 0x0c130c13, 0x0b540b54, 0x0a470a47, 0x09150915, 0x07d007d0, 0x065f065f, 0x04cd04cd, 
	0x03410341, 0x01ec01ec, 0x00cf00cf, 0xffd9ffd9, 0xfee4fee4, 0xfdfefdfe, 0xfd52fd52, 0xfcf7fcf7, 
	0xfd04fd04, 0xfd95fd95, 0xfed1fed1, 0x00b300b3, 0x03410341, 0x065a065a, 0x09bf09bf, 0x0d1a0d1a, 
	0x10461046, 0x13471347, 0x16061606, 0x188f188f, 0x1ad21ad2, 0x1cb31cb3, 0x1e071e07, 0x1ef81ef8, 
	0x1f9a1f9a, 0x1fa81fa8, 0x1ed01ed0, 0x1d131d13, 0x1ae81ae8, 0x187d187d, 0x15b515b5, 0x12581258, 
	0x0e9e0e9e, 0x0ad60ad6, 0x07290729, 0x03960396, 0xffdaffda, 0xfc01fc01, 0xf861f861, 0xf55bf55b, 
	0xf2cef2ce, 0xf099f099, 0xeed1eed1, 0xed86ed86, 0xeccfeccf, 0xec9eec9e, 0xecd2ecd2, 0xed3ced3c, 
	0xedfcedfc, 0xef1cef1c, 0xf082f082, 0xf21ff21f, 0xf3e6f3e6, 0xf5d3f5d3, 0xf7d6f7d6, 0xf9eff9ef, 
	0xfc0bfc0b, 0xfe1dfe1d, 0x000a000a, 0x01c301c3, 0x03500350, 0x04a604a6, 0x05ba05ba, 0x068a068a, 
	0x072a072a, 0x07910791, 0x07ab07ab, 0x07840784, 0x072d072d, 0x06bc06bc, 0x06240624, 0x05540554, 
	0x04650465, 0x038b038b, 0x02e302e3, 0x023f023f, 0x018c018c, 0x00e400e4, 0x006e006e, 0x00320032, 
	0x00280028, 0x00460046, 0x00760076, 0x011d011d, 0x02a002a0, 0x04dd04dd, 0x07510751, 0x09fb09fb, 
	0x0d0d0d0d, 0x10481048, 0x13661366, 0x16381638, 0x18aa18aa, 0x1aa91aa9, 0x1c7a1c7a, 0x1e1b1e1b, 
	0x1f291f29, 0x1f881f88, 0x1f711f71, 0x1f081f08, 0x1df51df5, 0x1c331c33, 0x19ec19ec, 0x17491749, 
	0x14551455, 0x112f112f, 0x0ddc0ddc, 0x0a370a37, 0x067f067f, 0x02e602e6, 0xff58ff58, 0xfbb7fbb7, 
	0xf85af85a, 0xf56df56d, 0xf2d1f2d1, 0xf08cf08c, 0xeec8eec8, 0xed8bed8b, 0xecb7ecb7, 0xec5cec5c, 
	0xec6cec6c, 0xecceecce, 0xed87ed87, 0xeeb0eeb0, 0xf01ff01f, 0xf1abf1ab, 0xf36df36d, 0xf564f564, 
	0xf768f768, 0xf969f969, 0xfb82fb82, 0xfd92fd92, 0xff93ff93, 0x01930193, 0x036b036b, 0x04e404e4, 
	0x061a061a, 0x07290729, 0x07d507d5, 0x08230823, 0x08380838, 0x08160816, 0x07a707a7, 0x070f070f, 
	0x06550655, 0x05680568, 0x04760476, 0x03970397, 0x02b402b4, 0x01b101b1, 0x00ce00ce, 0x00370037, 
	0xffdeffde, 0xff9dff9d, 0xff66ff66, 0xff6bff6b, 0x00000000, 0x01690169, 0x036b036b, 0x05b405b4, 
	0x083c083c, 0x0b3b0b3b, 0x0e980e98, 0x11e511e5, 0x14e114e1, 0x178f178f, 0x1a0e1a0e, 0x1c471c47, 
	0x1e0c1e0c, 0x1f2e1f2e, 0x1faa1faa, 0x1fad1fad, 0x1f401f40, 0x1e301e30, 0x1c521c52, 0x19e719e7, 
	0x173e173e, 0x145e145e, 0x11201120, 0x0d7e0d7e, 0x09ab09ab, 0x05df05df, 0x022f022f, 0xfe8efe8e, 
	0xfafcfafc, 0xf797f797, 0xf485f485, 0xf1e6f1e6, 0xefbcefbc, 0xedf7edf7, 0xeca0eca0, 0xebceebce, 
	0xeb77eb77, 0xeb88eb88, 0xec06ec06, 0xecedeced, 0xee26ee26, 0xefa4efa4, 0xf15af15a, 0xf334f334, 
	0xf533f533, 0xf754f754, 0xf96df96d, 0xfb68fb68, 0xfd66fd66, 0xff73ff73, 0x016a016a, 0x03270327, 
	0x04ad04ad, 0x06010601, 0x071d071d, 0x07eb07eb, 0x08560856, 0x085c085c, 0x081c081c, 0x07bf07bf, 
	0x073b073b, 0x066e066e, 0x056b056b, 0x04700470, 0x03880388, 0x028f028f, 0x01880188, 0x009b009b, 
	0xffe1ffe1, 0xff5cff5c, 0xff15ff15, 0xff0eff0e, 0xff67ff67, 0x00660066, 0x02140214, 0x042e042e, 
	0x068f068f, 0x09520952, 0x0c680c68, 0x0f8b0f8b, 0x128d128d, 0x155c155c, 0x17e917e9, 0x1a281a28, 
	0x1c0f1c0f, 0x1d7f1d7f, 0x1e5c1e5c, 0x1eb21eb2, 0x1e8a1e8a, 0x1dc21dc2, 0x1c4d1c4d, 0x1a5d1a5d, 
	0x181d181d, 0x15841584, 0x12901290, 0x0f660f66, 0x0c240c24, 0x08cf08cf, 0x05720572, 0x020c020c, 
	0xfea2fea2, 0xfb60fb60, 0xf873f873, 0xf5d3f5d3, 0xf378f378, 0xf187f187, 0xf01df01d, 0xef25ef25, 
	0xee7bee7b, 0xee1eee1e, 0xee24ee24, 0xee97ee97, 0xef64ef64, 0xf076f076, 0xf1c6f1c6, 0xf351f351, 
	0xf510f510, 0xf6e8f6e8, 0xf8b2f8b2, 0xfa5afa5a, 0xfc00fc00, 0xfdc2fdc2, 0xff83ff83, 0x01150115, 
	0x02800280, 0x03d403d4, 0x04f804f8, 0x05d005d0, 0x06560656, 0x068d068d, 0x06850685, 0x06590659, 
	0x05f805f8, 0x05490549, 0x04730473, 0x03ab03ab, 0x02e902e9, 0x02140214, 0x01340134, 0x00660066, 
	0xffc5ffc5, 0xff5bff5b, 0xff1aff1a, 0xff01ff01, 0xff44ff44, 0x001e001e, 0x01900190, 0x035e035e, 
	0x056a056a, 0x07d207d2, 0x0a890a89, 0x0d3f0d3f, 0x0fc30fc3, 0x12261226, 0x14721472, 0x16891689, 
	0x184a184a, 0x19921992, 0x1a5f1a5f, 0x1acd1acd, 0x1ad71ad7, 0x1a431a43, 0x18ff18ff, 0x17421742, 
	0x15401540, 0x12ed12ed, 0x102b102b, 0x0d180d18, 0x09f609f6, 0x06e106e1, 0x03c703c7, 0x00a100a1, 
	0xfd88fd88, 0xfaabfaab, 0xf82bf82b, 0xf5f5f5f5, 0xf3f0f3f0, 0xf23ff23f, 0xf10ef10e, 0xf050f050, 
	0xefdaefda, 0xefa6efa6, 0xefc8efc8, 0xf043f043, 0xf103f103, 0xf1faf1fa, 0xf325f325, 0xf488f488, 
	0xf61ff61f, 0xf7d9f7d9, 0xf98df98d, 0xfb28fb28, 0xfccafcca, 0xfe83fe83, 0x002b002b, 0x01a001a0, 
	0x02e902e9, 0x041c041c, 0x05330533, 0x06120612, 0x06a606a6, 0x06ed06ed, 0x06f706f7, 0x06d606d6, 
	0x068a068a, 0x05fe05fe, 0x05410541, 0x04840484, 0x03c703c7, 0x02e502e5, 0x01f301f3, 0x01200120, 
	0x006e006e, 0xffddffdd, 0xff73ff73, 0xff38ff38, 0xff51ff51, 0xfff9fff9, 0x01210121, 0x02880288, 
	0x04250425, 0x06170617, 0x084f084f, 0x0a8f0a8f, 0x0caf0caf, 0x0eb30eb3, 0x10ae10ae, 0x12891289, 
	0x14151415, 0x154b154b, 0x162a162a, 0x16ae16ae, 0x16c516c5, 0x165f165f, 0x15801580, 0x14431443, 
	0x12c212c2, 0x10f610f6, 0x0ede0ede, 0x0c8c0c8c, 0x0a280a28, 0x07c507c5, 0x05510551, 0x02cc02cc, 
	0x00540054, 0xfe0efe0e, 0xfbf5fbf5, 0xfa0cfa0c, 0xf85cf85c, 0xf6eef6ee, 0xf5dbf5db, 0xf50ff50f, 
	0xf46df46d, 0xf400f400, 0xf3f4f3f4, 0xf432f432, 0xf499f499, 0xf527f527, 0xf5e3f5e3, 0xf6cbf6cb, 
	0xf7caf7ca, 0xf8e3f8e3, 0xfa01fa01, 0xfb13fb13, 0xfc2dfc2d, 0xfd66fd66, 0xfeabfeab, 0xffc3ffc3, 
	0x00c000c0, 0x01cd01cd, 0x02cd02cd, 0x038b038b, 0x04150415, 0x046d046d, 0x04920492, 0x048e048e, 
	0x04510451, 0x03f103f1, 0x036f036f, 0x02eb02eb, 0x02650265, 0x01c401c4, 0x011f011f, 0x00850085, 
	0xfffefffe, 0xff76ff76, 0xfefbfefb, 0xfea0fea0, 0xfe87fe87, 0xfec6fec6, 0xff68ff68, 0x00520052, 
	0x01670167, 0x02d302d3, 0x04600460, 0x05ef05ef, 0x07770777, 0x09070907, 0x0a9e0a9e, 0x0c060c06, 
	0x0d490d49, 0x0e580e58, 0x0f430f43, 0x0fe80fe8, 0x103d103d, 0x10551055, 0x10061006, 0x0f700f70, 
	0x0e9b0e9b, 0x0d9a0d9a, 0x0c580c58, 0x0ad50ad5, 0x09450945, 0x07b207b2, 0x06220622, 0x04780478, 
	0x02cc02cc, 0x01400140, 0xffc5ffc5, 0xfe3dfe3d, 0xfccdfccd, 0xfb9bfb9b, 0xfa8cfa8c, 0xf9b9f9b9, 
	0xf914f914, 0xf894f894, 0xf84ff84f, 0xf841f841, 0xf87bf87b, 0xf8caf8ca, 0xf909f909, 0xf975f975, 
	0xfa19fa19, 0xfac6fac6, 0xfb58fb58, 0xfbe7fbe7, 0xfca5fca5, 0xfd8dfd8d, 0xfe7cfe7c, 0xff51ff51, 
	0x001f001f, 0x00da00da, 0x01800180, 0x02120212, 0x02730273, 0x02cb02cb, 0x03050305, 0x031c031c, 
	0x03070307, 0x02d202d2, 0x02b402b4, 0x025f025f, 0x01e601e6, 0x01730173, 0x00f700f7, 0x00860086, 
	0x001e001e, 0xffc2ffc2, 0xff60ff60, 0xff0cff0c, 0xfedefede, 0xfeb9feb9, 0xfedbfedb, 0xff84ff84, 
	0x00450045, 0x00e100e1, 0x01ab01ab, 0x029e029e, 0x039b039b, 0x04840484, 0x05610561, 0x06490649, 
	0x07130713, 0x07d507d5, 0x08730873, 0x08e108e1, 0x09400940, 0x095b095b, 0x09610961, 0x09530953, 
	0x09000900, 0x089b089b, 0x08120812, 0x076b076b, 0x06b206b2, 0x05e505e5, 0x051c051c, 0x044a044a, 
	0x03910391, 0x02d602d6, 0x01f701f7, 0x01330133, 0x00910091, 0xffe4ffe4, 0xff2aff2a, 0xfe87fe87, 
	0xfdf6fdf6, 0xfd91fd91, 0xfd34fd34, 0xfcd1fcd1, 0xfcb6fcb6, 0xfc9afc9a, 0xfc7ffc7f, 0xfc9afc9a, 
	0xfcc1fcc1, 0xfcfafcfa, 0xfd22fd22, 0xfd46fd46, 0xfd91fd91, 0xfe08fe08, 0xfe78fe78, 0xfecffecf, 
	0xff4aff4a, 0xffd3ffd3, 0x00550055, 0x00b900b9, 0x012e012e, 0x01a801a8, 0x01f801f8, 0x024a024a, 
	0x026f026f, 0x02990299, 0x029f029f, 0x029a029a, 0x02bb02bb, 0x02a302a3, 0x02aa02aa, 0x02a002a0, 
	0x02580258, 0x01db01db, 0x01780178, 0x01620162, 0x01350135, 0x01060106, 0x007c007c, 0xffcdffcd, 
	0xff53ff53, 0xff01ff01, 0xfecafeca, 0xfe8bfe8b, 0xfe67fe67, 0xfe4afe4a, 0xfe39fe39, 0xfe33fe33, 
	0xfe52fe52, 0xfe39fe39, 0xfe62fe62, 0xff07ff07, 0xff87ff87, 0x001d001d, 0x004e004e, 0x00ba00ba, 
	0x01800180, 0x01fa01fa, 0x02640264, 0x02b702b7, 0x03470347, 0x039a039a, 0x03920392, 0x03b503b5, 
	0x041e041e, 0x04390439, 0x03d903d9, 0x03830383, 0x03770377, 0x03c103c1, 0x03910391, 0x02ef02ef, 
	0x02740274, 0x02590259, 0x02340234, 0x01ea01ea, 0x01c601c6, 0x01820182, 0x01180118, 0x00770077, 
	0x006c006c, 0x00800080, 0x003d003d, 0x002b002b, 0x000d000d, 0x00220022, 0xffffffff, 0x00190019, 
	0x00690069, 0x007d007d, 0x00c600c6, 0x01080108, 0x016b016b, 0x01cb01cb, 0x01f001f0, 0x02090209, 
	0x02850285, 0x02dc02dc, 0x02b202b2, 0x02bb02bb, 0x02980298, 0x028f028f, 0x02bf02bf, 0x02910291, 
	0x022e022e, 0x021a021a, 0x022b022b, 0x01ad01ad, 0x01600160, 0x01940194, 0x01240124, 0x00ad00ad, 
	0x00950095, 0x002f002f, 0x00180018, 0xffcdffcd, 0xff5dff5d, 0xff5aff5a, 0xff43ff43, 0xff53ff53, 
	0xff2dff2d, 0xff29ff29, 0xff35ff35, 0xff4eff4e, 0xffa7ffa7, 0xff83ff83, 0xff51ff51, 0xff8eff8e, 
	0x00280028, 0x00660066, 0x00810081, 0x005c005c, 0x002b002b, 0x00b400b4, 0x00bf00bf, 0x00d700d7, 
	0x00f700f7, 0x00b700b7, 0x00f000f0, 0x00fb00fb, 0x01020102, 0x01150115, 0x01070107, 0x00e500e5, 
	0x00cf00cf, 0x00fc00fc, 0x00ae00ae, 0x00ba00ba, 0x00e700e7, 0x00830083, 0x00500050, 0x003a003a, 
	0x00520052, 0x00590059, 0x00750075, 0x00520052, 0x00620062, 0x006f006f, 0x00210021, 0x00aa00aa, 
	0x00c300c3, 0x00730073, 0x00300030, 0xffcbffcb, 0x00100010, 0x002f002f, 0x00190019, 0x00c500c5, 
	0x00fb00fb, 0x01050105, 0x00d400d4, 0x00c200c2, 0x02090209, 0x01760176, 0x01600160, 0x024f024f, 
	0x022f022f, 0x02cb02cb, 0x026e026e, 0x02930293, 0x03130313, 0x025a025a, 0x023b023b, 0x02890289, 
	0x02d002d0, 0x03b703b7, 0x03590359, 0x01e201e2, 0x01f001f0, 0x01470147, 0x01d301d3, 0x036d036d, 
	0x02800280, 0x01770177, 0x006a006a, 0xffcfffcf, 0x00330033, 0x007a007a, 0x00cd00cd, 0x00220022, 
	0xff5fff5f, 0xffa3ffa3, 0xff01ff01, 0xfebcfebc, 0x00020002, 0xff93ff93, 0xff7bff7b, 0xffe1ffe1, 
	0xff11ff11, 0xff65ff65, 0xff6eff6e, 0x00410041, 0x00f100f1, 0x005b005b, 0xfff4fff4, 0x00410041, 
	0x00ef00ef, 0x00300030, 0x008b008b, 0x006d006d, 0x009a009a, 0x00dd00dd, 0x001b001b, 0x01650165, 
	0x019d019d, 0x005a005a, 0xff9cff9c, 0x00c300c3, 0x016d016d, 0x006d006d, 0xfff6fff6, 0x00e200e2, 
	0x01130113, 0xffc6ffc6, 0x00400040, 0x00a100a1, 0x009e009e, 0x00b000b0, 0x00520052, 0x00470047, 
	0x00710071, 0x00000000, 0x00050005, 0x00f800f8, 0x019f019f, 0x01290129, 0x00300030, 0x00650065, 
	0x009f009f, 0x01590159, 0x01780178, 0x00e100e1, 0xfff7fff7, 0x02070207, 0x027d027d, 0xfffafffa, 
	0x00820082, 0x00130013, 0x02a902a9, 0x023d023d, 0x008b008b, 0x010f010f, 0x00340034, 0xff64ff64, 
	0xfe80fe80, 0x02500250, 0x01650165, 0xffddffdd, 0xff87ff87, 0xff2eff2e, 0x01230123, 0xff79ff79, 
	0x00370037, 0x01460146, 0xff7bff7b, 0xfd93fd93, 0x00db00db, 0x029c029c, 0xfe25fe25, 0xfd6efd6e, 
	0x02a902a9, 0x03570357, 0xfd49fd49, 0xffecffec, 0x02a002a0, 0xfe57fe57, 0xff71ff71, 0x011e011e, 
	0xffe6ffe6, 0x02050205, 0x00930093, 0xfdf2fdf2, 0x00960096, 0x00170017, 0xfec9fec9, 0xfedefede, 
	0x01a401a4, 0x04590459, 0xff2eff2e, 0xfbadfbad, 0x007d007d, 0x02eb02eb, 0xfff4fff4, 0xff5aff5a, 
	0x01270127, 0x01c401c4, 0xffa4ffa4, 0xfe38fe38, 0xff4aff4a, 0x01180118, 0x01480148, 0xfe34fe34, 
	0x00360036, 0x03390339, 0xff9dff9d, 0xffd3ffd3, 0x01430143, 0xfe88fe88, 0xfd52fd52, 0x00400040, 
	0x04330433, 0x00700070, 0xfb0afb0a, 0xff5eff5e, 0x01ea01ea, 0x009d009d, 0x050d050d, 0x00cf00cf, 
	0xfc91fc91, 0x01f401f4, 0x00960096, 0xfef7fef7, 0x00a700a7, 0x01cc01cc, 0xff60ff60, 0xfe5dfe5d, 
	0x02b102b1, 0x016b016b, 0xfe45fe45, 0xffaaffaa, 0xfea7fea7, 0xfec9fec9, 0x02ef02ef, 0x04680468, 
	0x02a002a0, 0xf88bf88b, 0xfadcfadc, 0x078c078c, 0x01310131, 0xfdc3fdc3, 0x014d014d, 0xfd25fd25, 
	0xfeddfedd, 0x00c200c2, 0xfe2bfe2b, 0x02050205, 0x01170117, 0xfd2cfd2c, 0xff46ff46, 0x00de00de, 
	0xff93ff93, 0xfccdfccd, 0xfe1afe1a, 0x03ca03ca, 0x02760276, 0xfb60fb60, 0xfa0cfa0c, 0xfce0fce0, 
	0x01cc01cc, 0x01290129, 0xff3bff3b, 0xfd92fd92, 0xfeecfeec, 0xffd0ffd0, 0xfbc8fbc8, 0x02bb02bb, 
	0x00c000c0, 0xfb6cfb6c, 0x00d100d1, 0x04020402, 0xff1dff1d, 0xfd02fd02, 0xfef7fef7, 0x00fd00fd, 
	0x048d048d, 0xfcf1fcf1, 0x01170117, 0x02180218, 0xfc46fc46, 0x04980498, 0x06f906f9, 0xff84ff84, 
	0xfc9afc9a, 0x00920092, 0xfdf5fdf5, 0x01990199, 0x04180418, 0x01770177, 0xffa3ffa3, 0x008f008f, 
	0x032e032e, 0xfe90fe90, 0xfcf9fcf9, 0xfedffedf, 0x02b902b9, 0x04740474, 0x04f404f4, 0xfcfffcff, 
	0xf93cf93c, 0xfe75fe75, 0x03510351, 0x08b108b1, 0x01ae01ae, 0xf868f868, 0xfbdefbde, 0x05de05de, 
	0x02220222, 0xffa9ffa9, 0x01a401a4, 0xfebafeba, 0xfd0dfd0d, 0xfe68fe68, 0x066c066c, 0x04c504c5, 
	0xfb98fb98, 0xf9d1f9d1, 0x02c502c5, 0x057d057d, 0xfe38fe38, 0x003a003a, 0x02a802a8, 0xfc3cfc3c, 
	0xffd5ffd5, 0x02310231, 0x01da01da, 0x04670467, 0xfe06fe06, 0x019a019a, 0x00b300b3, 0xfae2fae2, 
	0xfceffcef, 0x04570457, 0x046e046e, 0x02fe02fe, 0x032a032a, 0xf71af71a, 0xfc33fc33, 0x02740274, 
	0x053c053c, 0x02060206, 0x01d001d0, 0x05310531, 0xf80cf80c, 0xfa38fa38, 0xfdeafdea, 0x04320432, 
	0x07a807a8, 0x00210021, 0xfe99fe99, 0xfbfefbfe, 0xfb0efb0e, 0xfed5fed5, 0x03c503c5, 0x07c507c5, 
	0x03560356, 0xfabdfabd, 0xfe88fe88, 0xf9a8f9a8, 0xfb81fb81, 0x0b8e0b8e, 0x095e095e, 0xfe7efe7e, 
	0xf8d2f8d2, 0xf93df93d, 0xfed8fed8, 0x04fc04fc, 0x00b600b6, 0x05090509, 0x041f041f, 0xfadffadf, 
	0xfb44fb44, 0xf7f5f7f5, 0x05070507, 0x09450945, 0x00820082, 0xff2aff2a, 0xfc50fc50, 0xff59ff59, 
	0xf997f997, 0xff07ff07, 0x09a209a2, 0xfeb8feb8, 0xfd5afd5a, 0x00fa00fa, 0xfeb2feb2, 0xffc9ffc9, 
	0xffd4ffd4, 0x00400040, 0x03790379, 0xfedafeda, 0xfe29fe29, 0x07ee07ee, 0xfe77fe77, 0xf920f920, 
	0xfeb5feb5, 0xffefffef, 0x05e605e6, 0xffc3ffc3, 0x00910091, 0x098b098b, 0x00400040, 0xf366f366, 
	0xfaceface, 0x09fd09fd, 0x0b0f0b0f, 0x02cf02cf, 0xfaddfadd, 0xfe08fe08, 0xfbe2fbe2, 0xfd1efd1e, 
	0x06730673, 0x08660866, 0x049f049f, 0xf6d2f6d2, 0xfba6fba6, 0x003b003b, 0xfeccfecc, 0x06650665, 
	0x038d038d, 0x03730373, 0xfcfffcff, 0xf8f7f8f7, 0xfbf8fbf8, 0x012e012e, 0x08250825, 0x05b605b6, 
	0x02830283, 0xfaaafaaa, 0xf8ddf8dd, 0xf7bdf7bd, 0x034d034d, 0x12981298, 0x05010501, 0xfa00fa00, 
	0xf3c8f3c8, 0xf7a2f7a2, 0x02380238, 0x06480648, 0x0c250c25, 0x043f043f, 0xf8d9f8d9, 0xf546f546, 
	0xf833f833, 0x030c030c, 0x0c260c26, 0x084a084a, 0xff20ff20, 0xfbb5fbb5, 0xf79ef79e, 0xfab5fab5, 
	0x02830283, 0x0acb0acb, 0x0aaa0aaa, 0xfcbdfcbd, 0xfabafaba, 0xf823f823, 0xf703f703, 0x04980498, 
	0x0c160c16, 0x0aca0aca, 0xfd9bfd9b, 0xf14df14d, 0xf525f525, 0xff26ff26, 0x05720572, 0x0cf20cf2, 
	0x08fe08fe, 0xf7adf7ad, 0xf4fdf4fd, 0xf3d8f3d8, 0x01810181, 0x10741074, 0x02a502a5, 0x01500150, 
	0x01990199, 0xf8c8f8c8, 0xf778f778, 0xfd05fd05, 0x0a250a25, 0x0d230d23, 0x01700170, 0xf843f843, 
	0xfa76fa76, 0xfd36fd36, 0x026c026c, 0x06a406a4, 0x00e600e6, 0x02a002a0, 0x00830083, 0xf77af77a, 
	0xfefefefe, 0x08720872, 0x04b404b4, 0xfbaffbaf, 0xfa08fa08, 0xffc8ffc8, 0x04710471, 0x06360636, 
	0x01dd01dd, 0xfe22fe22, 0xf751f751, 0xf661f661, 0x00b100b1, 0x04480448, 0x0b040b04, 0x07af07af, 
	0xf92df92d, 0xf4baf4ba, 0xf463f463, 0xfd4cfd4c, 0x0bb80bb8, 0x0e450e45, 0x02fd02fd, 0xf855f855, 
	0xf176f176, 0xf71df71d, 0x07200720, 0x0cd70cd7, 0x0b550b55, 0x003f003f, 0xf80bf80b, 0xf474f474, 
	0xf820f820, 0x0bb10bb1, 0x109b109b, 0x05690569, 0xf651f651, 0xf3eaf3ea, 0xfa4dfa4d, 0xfd49fd49, 
	0x0c5a0c5a, 0x12a612a6, 0x04370437, 0xf254f254, 0xf07cf07c, 0xfb0dfb0d, 0x09af09af, 0x130d130d, 
	0x086a086a, 0xfdb4fdb4, 0xf209f209, 0xf255f255, 0x00210021, 0x0ab20ab2, 0x12c312c3, 0x03190319, 
	0xf5e0f5e0, 0xf462f462, 0xf764f764, 0x04090409, 0x0ab70ab7, 0x0da10da1, 0x02e102e1, 0xf3b3f3b3, 
	0xef5bef5b, 0xfb18fb18, 0x0c320c32, 0x101d101d, 0x09ce09ce, 0xfb5bfb5b, 0xf37df37d, 0xee70ee70, 
	0xfd77fd77, 0x163f163f, 0x11921192, 0x01e601e6, 0xef62ef62, 0xecf4ecf4, 0xf891f891, 0x06610661, 
	0x144a144a, 0x0cfc0cfc, 0xfb57fb57, 0xed53ed53, 0xefdeefde, 0xfdc9fdc9, 0x0cb90cb9, 0x0f990f99, 
	0x03670367, 0xfd53fd53, 0xf3a8f3a8, 0xf0f7f0f7, 0xfea1fea1, 0x10a010a0, 0x12711271, 0x00dc00dc, 
	0xf78bf78b, 0xf5d9f5d9, 0xfb2bfb2b, 0xfeacfeac, 0x084c084c, 0x12961296, 0x008d008d, 0xf120f120, 
	0xf489f489, 0x032c032c, 0x0cfb0cfb, 0x04340434, 0xffdeffde, 0x02fa02fa, 0xf7adf7ad, 0xf028f028, 
	0x02f002f0, 0x0e560e56, 0x09940994, 0xfe5cfe5c, 0xf4e9f4e9, 0xfc0efc0e, 0xfd9afd9a, 0x00310031, 
	0x0ba10ba1, 0x092b092b, 0xfd9efd9e, 0xf560f560, 0xf85ef85e, 0x048e048e, 0x09e709e7, 0x073a073a, 
	0x05b005b0, 0xfe42fe42, 0xf39df39d, 0xf5ebf5eb, 0x052d052d, 0x0e0d0e0d, 0x05af05af, 0xff3dff3d, 
	0xfdccfdcc, 0xf84df84d, 0xf7cef7ce, 0xff22ff22, 0x09f409f4, 0x0bf90bf9, 0xfda4fda4, 0xf51cf51c, 
	0xf80cf80c, 0xf93ff93f, 0x01d701d7, 0x087b087b, 0x05b805b8, 0x01ba01ba, 0xf97cf97c, 0xf8a5f8a5, 
	0xfd6dfd6d, 0xff9bff9b, 0x05710571, 0x07fd07fd, 0xfffcfffc, 0xfa0bfa0b, 0xfb5dfb5d, 0xfe36fe36, 
	0x042f042f, 0x05290529, 0x064f064f, 0x04410441, 0xf986f986, 0xf8fff8ff, 0xff37ff37, 0x087d087d, 
	0x09790979, 0xff4eff4e, 0xfbd2fbd2, 0xfb1dfb1d, 0xfb97fb97, 0x01200120, 0x06550655, 0x044e044e, 
	0x002f002f, 0xf952f952, 0xf913f913, 0x00f200f2, 0x00720072, 0x056d056d, 0x04a404a4, 0xfbdbfbdb, 
	0xfbaafbaa, 0xfbbbfbbb, 0x00b400b4, 0x040d040d, 0x030c030c, 0x04420442, 0x00670067, 0xf78ef78e, 
	0xfb30fb30, 0x05720572, 0x05130513, 0x03e403e4, 0xff30ff30, 0xfc31fc31, 0xfb8afb8a, 0xfc60fc60, 
	0x067a067a, 0x078e078e, 0x02a802a8, 0xfe61fe61, 0xfae6fae6, 0xfb52fb52, 0xfccbfccb, 0x01670167, 
	0x06b406b4, 0x085c085c, 0xffc6ffc6, 0xf713f713, 0xf82af82a, 0x00330033, 0x061f061f, 0x06030603, 
	0x066c066c, 0x00b900b9, 0xfa46fa46, 0xf759f759, 0xfcc7fcc7, 0x08210821, 0x06e906e9, 0x018d018d, 
	0xfdc0fdc0, 0xfc01fc01, 0xfcaffcaf, 0xfddefdde, 0x04070407, 0x07ed07ed, 0x005a005a, 0xfa66fa66, 
	0xff7eff7e, 0xfdc8fdc8, 0xfd51fd51, 0x04780478, 0x06310631, 0x035a035a, 0xfc40fc40, 0xfaadfaad, 
	0xfd29fd29, 0xff18ff18, 0x03330333, 0x056f056f, 0x026d026d, 0xfc53fc53, 0xfaf2faf2, 0xfcd8fcd8, 
	0x03320332, 0x05f605f6, 0x00a200a2, 0xfd69fd69, 0xfd81fd81, 0xfe2afe2a, 0xfe34fe34, 0x04ea04ea, 
	0x06fc06fc, 0xff6eff6e, 0xf98af98a, 0xf943f943, 0x03000300, 0x081b081b, 0x04840484, 0x00f200f2, 
	0xfeabfeab, 0xfb0cfb0c, 0xfad3fad3, 0x04320432, 0x08780878, 0x03270327, 0xfb01fb01, 0xfabefabe, 
	0xfc73fc73, 0xfac3fac3, 0x05170517, 0x0d570d57, 0x04fa04fa, 0xf5b2f5b2, 0xf363f363, 0xff59ff59, 
	0x08480848, 0x0a790a79, 0x065b065b, 0xffd1ffd1, 0xf865f865, 0xf699f699, 0xfc76fc76, 0x08680868, 
	0x0fa40fa4, 0x02850285, 0xf743f743, 0xf680f680, 0xfab8fab8, 0x03e603e6, 0x06dc06dc, 0x06ef06ef, 
	0x02f602f6, 0xf7acf7ac, 0xf3d5f3d5, 0xfd14fd14, 0x06c006c0, 0x0cb80cb8, 0x091e091e, 0xfd2cfd2c, 
	0xf68ff68f, 0xf1adf1ad, 0xfbd3fbd3, 0x109c109c, 0x11b911b9, 0x04740474, 0xf4a0f4a0, 0xedf8edf8, 
	0xf6cbf6cb, 0x04e704e7, 0x10831083, 0x0d8e0d8e, 0xfcd0fcd0, 0xf1fdf1fd, 0xf158f158, 0xfae7fae7, 
	0x0b350b35, 0x0e500e50, 0x069e069e, 0xfcaffcaf, 0xf329f329, 0xf5b9f5b9, 0xff44ff44, 0x0a520a52, 
	0x0f830f83, 0x045c045c, 0xf95df95d, 0xf6d4f6d4, 0xf81ef81e, 0x01d501d5, 0x09230923, 0x08d308d3, 
	0x03ac03ac, 0xf793f793, 0xf58af58a, 0xfed3fed3, 0x06840684, 0x08470847, 0x01500150, 0xfbd6fbd6, 
	0xf9aaf9aa, 0xfa5ffa5f, 0x03560356, 0x09220922, 0x05670567, 0x00ae00ae, 0xf9c7f9c7, 0xf66af66a, 
	0xfe05fe05, 0x05550555, 0x0be40be4, 0x09f009f0, 0xfe6efe6e, 0xf82bf82b, 0xf5aaf5aa, 0xfde3fde3, 
	0x09b509b5, 0x0aff0aff, 0x051f051f, 0xfad3fad3, 0xf348f348, 0xf5c2f5c2, 0x006a006a, 0x07a607a6, 
	0x08e508e5, 0x029f029f, 0xf7b1f7b1, 0xf3e5f3e5, 0xf941f941, 0x03a303a3, 0x07af07af, 0x07210721, 
	0x02820282, 0xf9e2f9e2, 0xf67ef67e, 0xf9fff9ff, 0x06770677, 0x0d640d64, 0x09590959, 0x014f014f, 
	0xf9baf9ba, 0xf95df95d, 0xfc2bfc2b, 0x03ca03ca, 0x0a630a63, 0x07170717, 0xfd3dfd3d, 0xf7d7f7d7, 
	0xfb70fb70, 0xffabffab, 0x04700470, 0x06db06db, 0x04980498, 0xfbf9fbf9, 0xf50af50a, 0xf9b5f9b5, 
	0x01570157, 0x08470847, 0x069b069b, 0xff27ff27, 0xfb4afb4a, 0xf97ef97e, 0xfc3bfc3b, 0x02d502d5, 
	0x09030903, 0x04cf04cf, 0xfc18fc18, 0xfa76fa76, 0xfd8efd8e, 0x02fb02fb, 0x06b706b7, 0x07d707d7, 
	0x03120312, 0xfb99fb99, 0xfa7afa7a, 0x00540054, 0x05db05db, 0x06310631, 0x05b305b3, 0x01670167, 
	0xfbd5fbd5, 0xf9e1f9e1, 0xfce4fce4, 0x06090609, 0x08840884, 0x023a023a, 0xfc03fc03, 0xf885f885, 
	0xf7b8f7b8, 0xfc09fc09, 0x049e049e, 0x05500550, 0xff1fff1f, 0xfc68fc68, 0xfc55fc55, 0xfc59fc59, 
	0xfe01fe01, 0x01da01da, 0x04a404a4, 0x028e028e, 0xfdbdfdbd, 0xfd1afd1a, 0xfe65fe65, 0x00440044, 
	0x043c043c, 0x03b803b8, 0x02560256, 0x02130213, 0xfe91fe91, 0xfe46fe46, 0x01320132, 0x028c028c, 
	0x025b025b, 0x00980098, 0xfeeffeef, 0xfdedfded, 0xff07ff07, 0x012b012b, 0x00710071, 0xfec2fec2, 
	0xfe06fe06, 0xfedcfedc, 0xffe1ffe1, 0xfdbefdbe, 0xfdcafdca, 0x02210221, 0x01c501c5, 0xfe4cfe4c, 
	0xfda8fda8, 0xfe9afe9a, 0x00f000f0, 0x00c800c8, 0x01800180, 0x045c045c, 0xff76ff76, 0xfbb2fbb2, 
	0x00140014, 0x02a202a2, 0x01b001b0, 0x01050105, 0x01480148, 0x007d007d, 0xfea6fea6, 0xfeedfeed, 
	0x014d014d, 0x01b101b1, 0xfff8fff8, 0xff36ff36, 0xff79ff79, 0xffbaffba, 0xffe5ffe5, 0x015d015d, 
	0x01e601e6, 0x00670067, 0xfe91fe91, 0xfd7ffd7f, 0x00260026, 0x022c022c, 0x01790179, 0x01b101b1, 
	0x00350035, 0xfd8cfd8c, 0xfcf0fcf0, 0xfec3fec3, 0x02b302b3, 0x04c404c4, 0x02270227, 0xff26ff26, 
	0xfea1fea1, 0xff2bff2b, 0xffdaffda, 0x00b000b0, 0x02030203, 0x01600160, 0xfee7fee7, 0xfe7cfe7c, 
	0xff25ff25, 0xff1cff1c, 0xfff5fff5, 0x01030103, 0xffd5ffd5, 0xfe6dfe6d, 0x00470047, 0x02e402e4, 
	0x01450145, 0xfddcfddc, 0xfe08fe08, 0x00180018, 0x00b400b4, 0x00e800e8, 0x01480148, 0xffeaffea, 
	0xfe16fe16, 0xfddefdde, 0xffa0ffa0, 0x02350235, 0x01e701e7, 0xffeaffea, 0xff51ff51, 0xff49ff49, 
	0xfedbfedb, 0xff5dff5d, 0x015a015a, 0x01db01db, 0x00970097, 0xfe80fe80, 0xfc9ffc9f, 0xfd04fd04, 
	0xfecdfecd, 0x01030103, 0x02390239, 0x00bd00bd, 0xfec1fec1, 0xfe0efe0e, 0xfdc6fdc6, 0x00610061, 
	0x03680368, 0x01de01de, 0x00d600d6, 0xff9aff9a, 0xfd1cfd1c, 0xfec8fec8, 0x012b012b, 0x01d201d2, 
	0x01bf01bf, 0x00f300f3, 0x01020102, 0x009d009d, 0xffb7ffb7, 0x00420042, 0x01050105, 0x01610161, 
	0x01210121, 0xfeb1feb1, 0xfcb3fcb3, 0xfe42fe42, 0x016c016c, 0x02980298, 0x018f018f, 0x01430143, 
	0x00280028, 0xfe69fe69, 0xfe46fe46, 0xfd7afd7a, 0xff47ff47, 0x02890289, 0x013e013e, 0xffd8ffd8, 
	0xff89ff89, 0xfe1cfe1c, 0xfd13fd13, 0xfd50fd50, 0x00280028, 0x023d023d, 0x01760176, 0x014e014e, 
	0x01280128, 0xff58ff58, 0xfea9fea9, 0x001e001e, 0x016f016f, 0x02000200, 0x01cc01cc, 0x01310131, 
	0xff8dff8d, 0xfe3efe3e, 0xfe74fe74, 0xff0dff0d, 0x01e501e5, 0x02df02df, 0x01800180, 0x00970097, 
	0xfe1efe1e, 0xfe45fe45, 0x00660066, 0x02600260, 0x04bf04bf, 0x04cd04cd, 0x02450245, 0xffb6ffb6, 
	0xff7aff7a, 0x005b005b, 0x02730273, 0x051a051a, 0x06bb06bb, 0x03ec03ec, 0xfda4fda4, 0xfbe7fbe7, 
	0xfd36fd36, 0xff5aff5a, 0x01210121, 0x02950295, 0x02de02de, 0xff0dff0d, 0xfc5dfc5d, 0xfae9fae9, 
	0xfc34fc34, 0x00670067, 0x023b023b, 0x01de01de, 0xffeaffea, 0xfe20fe20, 0xfc87fc87, 0xfc8afc8a, 
	0xfe39fe39, 0x01030103, 0x03d103d1, 0x03440344, 0x00dc00dc, 0xfdaffdaf, 0xfd5cfd5c, 0xfdd6fdd6, 
	0xfe19fe19, 0x01ab01ab, 0x03a303a3, 0x02f602f6, 0x00560056, 0xfe9cfe9c, 0xfecafeca, 0xff3bff3b, 
	0x01100110, 0x01c601c6, 0x01200120, 0xffffffff, 0x00000000, 0xff75ff75, 0xfe26fe26, 0xfedbfedb, 
	0xfef5fef5, 0x005c005c, 0x02c202c2, 0x032a032a, 0x02c702c7, 0x02de02de, 0x029e029e, 0x01fd01fd, 
	0x03230323, 0x04920492, 0x060b060b, 0x05710571, 0x03ad03ad, 0x041b041b, 0x02450245, 0x00770077, 
	0x01640164, 0x02bf02bf, 0x03c203c2, 0x02620262, 0x00820082, 0xfffafffa, 0xfecdfecd, 0xfe20fe20, 
	0xffa0ffa0, 0x003c003c, 0xff3bff3b, 0xfe50fe50, 0xfde2fde2, 0xfd93fd93, 0xfca2fca2, 0xfd85fd85, 
	0xfea0fea0, 0xfdbffdbf, 0xfe04fe04, 0xfe76fe76, 0xfe43fe43, 0xfe32fe32, 0xfdaffdaf, 0xfe7bfe7b, 
	0xff19ff19, 0xfdedfded, 0xfdf7fdf7, 0xfedafeda, 0x00320032, 0x01210121, 0x00580058, 0x00ad00ad, 
	0x01270127, 0x00c200c2, 0x010c010c, 0x01560156, 0x01630163, 0x01470147, 0x01140114, 0x01630163, 
	0x01650165, 0x00d900d9, 0x01c201c2, 0x03860386, 0x05f605f6, 0x07720772, 0x06690669, 0x06670667, 
	0x060f060f, 0x062e062e, 0x08e208e2, 0x0ab40ab4, 0x0af80af8, 0x09b209b2, 0x07200720, 0x04d304d3, 
	0x041c041c, 0x04d904d9, 0x05b005b0, 0x050d050d, 0x03da03da, 0x03320332, 0x00620062, 0xfd85fd85, 
	0xfcfbfcfb, 0xfd6dfd6d, 0xfe2dfe2d, 0xfe50fe50, 0xfdfefdfe, 0xfcd5fcd5, 0xfb4bfb4b, 0xf998f998, 
	0xf8e5f8e5, 0xfac6fac6, 0xfcfdfcfd, 0xfdd7fdd7, 0xfdb4fdb4, 0xfdb2fdb2, 0xfd1dfd1d, 0xfbc9fbc9, 
	0xfc15fc15, 0xfe23fe23, 0xfff7fff7, 0x00e900e9, 0x01480148, 0x002a002a, 0xfe84fe84, 0xfe30fe30, 
	0xff3fff3f, 0x00dc00dc, 0x01da01da, 0x02380238, 0x01850185, 0x00390039, 0xff95ff95, 0xfefbfefb, 
	0xfef9fef9, 0x00190019, 0x01080108, 0x025c025c, 0x05630563, 0x08c108c1, 0x0afe0afe, 0x0c590c59, 
	0x0df20df2, 0x0f830f83, 0x103d103d, 0x11f611f6, 0x149a149a, 0x15c015c0, 0x15a215a2, 0x14761476, 
	0x11971197, 0x0e970e97, 0x0d1d0d1d, 0x0c340c34, 0x0a580a58, 0x08500850, 0x06b006b0, 0x03950395, 
	0xff77ff77, 0xfce6fce6, 0xfb4dfb4d, 0xf979f979, 0xf84bf84b, 0xf7eff7ef, 0xf701f701, 0xf5a3f5a3, 
	0xf568f568, 0xf528f528, 0xf420f420, 0xf4d9f4d9, 0xf6e8f6e8, 0xf7e8f7e8, 0xf8c2f8c2, 0xfa5efa5e, 
	0xfb6ffb6f, 0xfb6cfb6c, 0xfbe8fbe8, 0xfd48fd48, 0xfdebfdeb, 0xff24ff24, 0x01fb01fb, 0x02ea02ea, 
	0x01950195, 0x00ff00ff, 0x01500150, 0x021b021b, 0x03aa03aa, 0x05680568, 0x058a058a, 0x03eb03eb, 
	0x02f202f2, 0x02150215, 0x00ea00ea, 0x031f031f, 0x08d808d8, 0x0e650e65, 0x12081208, 0x140a140a, 
	0x15c215c2, 0x17841784, 0x19071907, 0x1ae91ae9, 0x1cd31cd3, 0x1ecf1ecf, 0x20342034, 0x1ec71ec7, 
	0x1b601b60, 0x17c417c4, 0x14401440, 0x11391139, 0x0e0f0e0f, 0x0aa30aa3, 0x076b076b, 0x03e603e6, 
	0xffdbffdb, 0xfaeffaef, 0xf644f644, 0xf3e4f3e4, 0xf2ccf2cc, 0xf171f171, 0xef8def8d, 0xed48ed48, 
	0xebceebce, 0xeb0eeb0e, 0xea8dea8d, 0xeb22eb22, 0xecc4ecc4, 0xef41ef41, 0xf1bcf1bc, 0xf297f297, 
	0xf2f9f2f9, 0xf46cf46c, 0xf6f2f6f2, 0xfa36fa36, 0xfc9ffc9f, 0xfe15fe15, 0x00250025, 0x026a026a, 
	0x039b039b, 0x03290329, 0x031a031a, 0x057b057b, 0x07d507d5, 0x08880888, 0x08e808e8, 0x09190919, 
	0x08e008e0, 0x080c080c, 0x06f306f3, 0x067f067f, 0x07d407d4, 0x0cbc0cbc, 0x13411341, 0x18141814, 
	0x1c9a1c9a, 0x217a217a, 0x246c246c, 0x24ae24ae, 0x23e523e5, 0x24ff24ff, 0x28742874, 0x2b882b88, 
	0x2c062c06, 0x29032903, 0x23e123e1, 0x1e321e32, 0x17221722, 0x10641064, 0x0c980c98, 0x0a3c0a3c, 
	0x069a069a, 0x00690069, 0xf8c3f8c3, 0xf15bf15b, 0xeb27eb27, 0xe792e792, 0xe5e0e5e0, 0xe472e472, 
	0xe39ae39a, 0xe2f0e2f0, 0xe14de14d, 0xdf26df26, 0xdec6dec6, 0xe1cbe1cb, 0xe629e629, 0xe9cfe9cf, 
	0xee31ee31, 0xf2bdf2bd, 0xf52ef52e, 0xf6d3f6d3, 0xf924f924, 0xfc3efc3e, 0xffa6ffa6, 0x03050305, 
	0x06c506c5, 0x093c093c, 0x0a4f0a4f, 0x0b3b0b3b, 0x0ade0ade, 0x0a7f0a7f, 0x0ba10ba1, 0x0ca40ca4, 
	0x0cb50cb5, 0x0c8b0c8b, 0x0c620c62, 0x0b400b40, 0x09e809e8, 0x0b730b73, 0x10d210d2, 0x18b018b0, 
	0x21772177, 0x28d628d6, 0x2e242e24, 0x325f325f, 0x34ba34ba, 0x35163516, 0x35673567, 0x37913791, 
	0x3ab03ab0, 0x3a583a58, 0x35963596, 0x2f4f2f4f, 0x28892889, 0x208a208a, 0x16d516d5, 0x0de50de5, 
	0x07a207a2, 0x01b001b0, 0xfabbfabb, 0xf34ff34f, 0xeb60eb60, 0xe416e416, 0xdef8def8, 0xdb05db05, 
	0xd7cdd7cd, 0xd76fd76f, 0xd9f2d9f2, 0xdbb7dbb7, 0xdaeddaed, 0xdad3dad3, 0xdd4fdd4f, 0xe135e135, 
	0xe639e639, 0xeaeceaec, 0xef23ef23, 0xf421f421, 0xf82df82d, 0xfa10fa10, 0xfb95fb95, 0xff79ff79, 
	0x04950495, 0x07900790, 0x09de09de, 0x0c940c94, 0x0dfc0dfc, 0x0ee60ee6, 0x0fa20fa2, 0x0f420f42, 
	0x0f0c0f0c, 0x0fe10fe1, 0x10cd10cd, 0x10d610d6, 0x0ff00ff0, 0x0f2b0f2b, 0x0fb90fb9, 0x13da13da, 
	0x1c231c23, 0x24b524b5, 0x2bf82bf8, 0x32c432c4, 0x37953795, 0x39183918, 0x38513851, 0x37dd37dd, 
	0x38ed38ed, 0x3a293a29, 0x39443944, 0x34813481, 0x2dbf2dbf, 0x27672767, 0x1f7b1f7b, 0x147a147a, 
	0x09c309c3, 0x02160216, 0xfbf5fbf5, 0xf57cf57c, 0xeef2eef2, 0xe92fe92f, 0xe372e372, 0xddd5ddd5, 
	0xd957d957, 0xd580d580, 0xd48fd48f, 0xd7e5d7e5, 0xdb2edb2e, 0xdc20dc20, 0xdd37dd37, 0xe03be03b, 
	0xe3bbe3bb, 0xe722e722, 0xec15ec15, 0xf159f159, 0xf62bf62b, 0xfc6bfc6b, 0x01730173, 0x02d302d3, 
	0x05090509, 0x09870987, 0x0bbf0bbf, 0x0bcc0bcc, 0x0e5f0e5f, 0x12211221, 0x12441244, 0x11611161, 
	0x11531153, 0x0ed80ed8, 0x0cde0cde, 0x0dd20dd2, 0x0d800d80, 0x0b990b99, 0x0b880b88, 0x0bfc0bfc, 
	0x0b2e0b2e, 0x0eeb0eeb, 0x19511951, 0x224d224d, 0x28322832, 0x2fe02fe0, 0x36083608, 0x369a369a, 
	0x36573657, 0x37533753, 0x36ee36ee, 0x36b536b5, 0x36dd36dd, 0x331b331b, 0x2b932b93, 0x24b224b2, 
	0x1c951c95, 0x0fe90fe9, 0x04880488, 0xfe0efe0e, 0xf83ff83f, 0xf215f215, 0xecb5ecb5, 0xe66ee66e, 
	0xdf26df26, 0xda0cda0c, 0xd713d713, 0xd3fad3fa, 0xd424d424, 0xd982d982, 0xddaeddae, 0xde8dde8d, 
	0xe114e114, 0xe534e534, 0xe85ae85a, 0xeb5aeb5a, 0xef48ef48, 0xf3f6f3f6, 0xf98af98a, 0x00850085, 
	0x050d050d, 0x04fe04fe, 0x06660666, 0x09fb09fb, 0x0ad70ad7, 0x0ac10ac1, 0x0d860d86, 0x10d910d9, 
	0x11441144, 0x10bf10bf, 0x10581058, 0x0e950e95, 0x0e090e09, 0x0edd0edd, 0x0ce80ce8, 0x0a4f0a4f, 
	0x0b4c0b4c, 0x0c560c56, 0x0c730c73, 0x12a912a9, 0x1e5a1e5a, 0x26d326d3, 0x2c872c87, 0x35283528, 
	0x3bfb3bfb, 0x3ca43ca4, 0x3cf63cf6, 0x3d773d77, 0x3b3f3b3f, 0x3abe3abe, 0x3b533b53, 0x35cb35cb, 
	0x2c852c85, 0x25e425e4, 0x1d0e1d0e, 0x0dc00dc0, 0x00960096, 0xf9dcf9dc, 0xf2e9f2e9, 0xebc1ebc1, 
	0xe77be77b, 0xe162e162, 0xda86da86, 0xd88dd88d, 0xd717d717, 0xd24fd24f, 0xd18fd18f, 0xd82dd82d, 
	0xdcdbdcdb, 0xde0cde0c, 0xe368e368, 0xe966e966, 0xeb52eb52, 0xed9ded9d, 0xf166f166, 0xf43cf43c, 
	0xf868f868, 0xfff5fff5, 0x054a054a, 0x05ce05ce, 0x07f207f2, 0x0bf80bf8, 0x0bfd0bfd, 0x0ae40ae4, 
	0x0d380d38, 0x0f320f32, 0x0f340f34, 0x101e101e, 0x11461146, 0x10e610e6, 0x10281028, 0x0f6a0f6a, 
	0x0c7f0c7f, 0x09b309b3, 0x0a900a90, 0x0b980b98, 0x0c8c0c8c, 0x13be13be, 0x1fcf1fcf, 0x288d288d, 
	0x2e592e59, 0x36263626, 0x3c553c55, 0x3d523d52, 0x3ce43ce4, 0x3cb23cb2, 0x3b4d3b4d, 0x3b2f3b2f, 
	0x3b293b29, 0x34c534c5, 0x2b4b2b4b, 0x24482448, 0x1b221b22, 0x0cc40cc4, 0xff59ff59, 0xf797f797, 
	0xf121f121, 0xeac6eac6, 0xe639e639, 0xdf96df96, 0xd996d996, 0xd89bd89b, 0xd693d693, 0xd13dd13d, 
	0xd0d2d0d2, 0xd714d714, 0xdb50db50, 0xdcdfdcdf, 0xe130e130, 0xe586e586, 0xe82fe82f, 0xece3ece3, 
	0xf152f152, 0xf2daf2da, 0xf7aff7af, 0x00590059, 0x04d404d4, 0x05600560, 0x085f085f, 0x0cb30cb3, 
	0x0d820d82, 0x0d790d79, 0x0ec90ec9, 0x0ebb0ebb, 0x0fe00fe0, 0x128d128d, 0x12121212, 0x103c103c, 
	0x10a110a1, 0x10371037, 0x0cc50cc5, 0x0a880a88, 0x0ab50ab5, 0x0a6c0a6c, 0x0bfb0bfb, 0x13cb13cb, 
	0x1edf1edf, 0x27982798, 0x30053005, 0x38bf38bf, 0x3d443d44, 0x3df83df8, 0x3d583d58, 0x3c5b3c5b, 
	0x3b363b36, 0x3a8c3a8c, 0x38e738e7, 0x32a432a4, 0x2a522a52, 0x224c224c, 0x17241724, 0x083c083c, 
	0xfa69fa69, 0xf1d7f1d7, 0xebe3ebe3, 0xe5d2e5d2, 0xe09be09b, 0xdb7adb7a, 0xd721d721, 0xd4ecd4ec, 
	0xd24cd24c, 0xcf42cf42, 0xd0d9d0d9, 0xd6fad6fa, 0xdc0adc0a, 0xdf5ddf5d, 0xe42de42d, 0xea39ea39, 
	0xeef4eef4, 0xf279f279, 0xf52af52a, 0xf77bf77b, 0xfc7ffc7f, 0x02dd02dd, 0x06550655, 0x08720872, 
	0x0c240c24, 0x0f6a0f6a, 0x0f8f0f8f, 0x0e920e92, 0x0e640e64, 0x0f270f27, 0x11b411b4, 0x139f139f, 
	0x12921292, 0x124a124a, 0x13ce13ce, 0x11cc11cc, 0x0d270d27, 0x0b0e0b0e, 0x09c409c4, 0x083f083f, 
	0x0ad90ad9, 0x132f132f, 0x1dbf1dbf, 0x27d327d3, 0x32013201, 0x39613961, 0x3b873b87, 0x3c323c32, 
	0x3c1e3c1e, 0x3aa03aa0, 0x3ac93ac9, 0x3bba3bba, 0x39423942, 0x33263326, 0x2bbe2bbe, 0x22a222a2, 
	0x15f515f5, 0x07610761, 0xfa5bfa5b, 0xf114f114, 0xeb6aeb6a, 0xe6afe6af, 0xe1c5e1c5, 0xdd89dd89, 
	0xda95da95, 0xd82fd82f, 0xd46ad46a, 0xd10fd10f, 0xd1ead1ea, 0xd6c9d6c9, 0xdc5bdc5b, 0xe0aae0aa, 
	0xe553e553, 0xeabdeabd, 0xee8bee8b, 0xf05df05d, 0xf212f212, 0xf501f501, 0xf995f995, 0xff6eff6e, 
	0x03dd03dd, 0x06410641, 0x095b095b, 0x0c3d0c3d, 0x0c700c70, 0x0b810b81, 0x0c1d0c1d, 0x0dc10dc1, 
	0x0f640f64, 0x11451145, 0x12311231, 0x12aa12aa, 0x13741374, 0x12091209, 0x0e780e78, 0x0bfb0bfb, 
	0x0af00af0, 0x0a0c0a0c, 0x0c120c12, 0x14031403, 0x1f3f1f3f, 0x29932993, 0x327b327b, 0x39d539d5, 
	0x3ce13ce1, 0x3d4e3d4e, 0x3d683d68, 0x3bc43bc4, 0x3aa83aa8, 0x3a4c3a4c, 0x37873787, 0x31cd31cd, 
	0x29fe29fe, 0x20dd20dd, 0x14e414e4, 0x06700670, 0xf8bdf8bd, 0xeea8eea8, 0xe8b7e8b7, 0xe3e5e3e5, 
	0xdf71df71, 0xdc0cdc0c, 0xd9acd9ac, 0xd77cd77c, 0xd40fd40f, 0xd1f5d1f5, 0xd366d366, 0xd820d820, 
	0xde62de62, 0xe3c3e3c3, 0xe92fe92f, 0xeed9eed9, 0xf2acf2ac, 0xf425f425, 0xf5f4f5f4, 0xf998f998, 
	0xfd8afd8a, 0x02250225, 0x06780678, 0x09780978, 0x0c480c48, 0x0dc30dc3, 0x0c920c92, 0x0ab20ab2, 
	0x0b380b38, 0x0c520c52, 0x0c590c59, 0x0de30de3, 0x10111011, 0x10b410b4, 0x10111011, 0x0e4b0e4b, 
	0x0afd0afd, 0x086b086b, 0x082a082a, 0x076b076b, 0x089d089d, 0x115e115e, 0x1ed91ed9, 0x29482948, 
	0x30963096, 0x38ce38ce, 0x3d493d49, 0x3cd33cd3, 0x3c243c24, 0x3a643a64, 0x38ad38ad, 0x38df38df, 
	0x379f379f, 0x30eb30eb, 0x271e271e, 0x1f291f29, 0x14e514e5, 0x049e049e, 0xf4c1f4c1, 0xeba4eba4, 
	0xe717e717, 0xe248e248, 0xdd92dd92, 0xda1bda1b, 0xd8aad8aa, 0xd867d867, 0xd58cd58c, 0xd1a7d1a7, 
	0xd246d246, 0xd916d916, 0xe16ae16a, 0xe6f5e6f5, 0xec88ec88, 0xf44ef44e, 0xfa18fa18, 0xfacdfacd, 
	0xfa48fa48, 0xfc39fc39, 0xffe8ffe8, 0x046b046b, 0x08240824, 0x0a7e0a7e, 0x0d4d0d4d, 0x10121012, 
	0x0f470f47, 0x0b0d0b0d, 0x09020902, 0x0a620a62, 0x0b940b94, 0x0c5c0c5c, 0x0e310e31, 0x10441044, 
	0x114c114c, 0x109e109e, 0x0cdf0cdf, 0x08430843, 0x06d206d2, 0x06f506f5, 0x07dd07dd, 0x0e0d0e0d, 
	0x1a971a97, 0x271a271a, 0x300f300f, 0x37cc37cc, 0x3c1d3c1d, 0x3c323c32, 0x3c533c53, 0x3b5e3b5e, 
	0x38a338a3, 0x37a437a4, 0x371c371c, 0x324e324e, 0x298b298b, 0x21592159, 0x179d179d, 0x07f807f8, 
	0xf806f806, 0xee0fee0f, 0xe7eae7ea, 0xe2b0e2b0, 0xde83de83, 0xdbafdbaf, 0xdad6dad6, 0xdb01db01, 
	0xd832d832, 0xd37bd37b, 0xd32cd32c, 0xd856d856, 0xde9ade9a, 0xe361e361, 0xe919e919, 0xf13df13d, 
	0xf7d7f7d7, 0xf9e9f9e9, 0xf96ff96f, 0xfa87fa87, 0xfe42fe42, 0x02310231, 0x04c704c7, 0x071c071c, 
	0x0b2b0b2b, 0x0f540f54, 0x0fef0fef, 0x0d070d07, 0x0a980a98, 0x0b490b49, 0x0c080c08, 0x0b0d0b0d, 
	0x0b550b55, 0x0dc10dc1, 0x102e102e, 0x10911091, 0x0e4a0e4a, 0x0a910a91, 0x07e507e5, 0x060f060f, 
	0x03d803d8, 0x05360536, 0x0e400e40, 0x1bc51bc5, 0x27292729, 0x302a302a, 0x381b381b, 0x3c133c13, 
	0x3ca83ca8, 0x3a393a39, 0x35693569, 0x32903290, 0x31a631a6, 0x2f542f54, 0x290e290e, 0x218a218a, 
	0x1a911a91, 0x0e5d0e5d, 0xfda5fda5, 0xefa5efa5, 0xe6f3e6f3, 0xe125e125, 0xdc39dc39, 0xd9d4d9d4, 
	0xdaaedaae, 0xdcaddcad, 0xdc50dc50, 0xd9add9ad, 0xd88fd88f, 0xda04da04, 0xddb1ddb1, 0xe26de26d, 
	0xe7b9e7b9, 0xeebdeebd, 0xf673f673, 0xfb25fb25, 0xfb52fb52, 0xfb81fb81, 0xfdb7fdb7, 0xff1fff1f, 
	0xffc8ffc8, 0x02920292, 0x07d507d5, 0x0bcd0bcd, 0x0d7f0d7f, 0x0d960d96, 0x0bdc0bdc, 0x0aeb0aeb, 
	0x0ae50ae5, 0x09f209f2, 0x09980998, 0x0c8f0c8f, 0x10c110c1, 0x118c118c, 0x0ff20ff2, 0x0ded0ded, 
	0x0b4d0b4d, 0x07bc07bc, 0x044b044b, 0x05260526, 0x0d400d40, 0x1b0a1b0a, 0x27dc27dc, 0x31113111, 
	0x39413941, 0x3e373e37, 0x3e3a3e3a, 0x39be39be, 0x33bf33bf, 0x30f630f6, 0x302e302e, 0x2de82de8, 
	0x278e278e, 0x1faf1faf, 0x19361936, 0x0dc90dc9, 0xfbc0fbc0, 0xebdeebde, 0xe359e359, 0xde9ede9e, 
	0xda81da81, 0xd90ed90e, 0xdabddabd, 0xdd36dd36, 0xdd99dd99, 0xdb04db04, 0xd882d882, 0xd97dd97d, 
	0xdeacdeac, 0xe52ce52c, 0xeacdeacd, 0xf19bf19b, 0xf9d2f9d2, 0xfe9bfe9b, 0xfe5cfe5c, 0xfd73fd73, 
	0xfe56fe56, 0x00380038, 0x02450245, 0x05960596, 0x0a520a52, 0x0dd80dd8, 0x0ffb0ffb, 0x0ffa0ffa, 
	0x0cbe0cbe, 0x09f709f7, 0x09a909a9, 0x09700970, 0x08e908e9, 0x0b710b71, 0x0f8e0f8e, 0x0ffd0ffd, 
	0x0dd90dd9, 0x0b760b76, 0x083b083b, 0x043d043d, 0x01820182, 0x032c032c, 0x0ab10ab1, 0x17ca17ca, 
	0x25b225b2, 0x2f852f85, 0x374e374e, 0x3d2b3d2b, 0x3da73da7, 0x38c638c6, 0x33083308, 0x30bf30bf, 
	0x2feb2feb, 0x2cf62cf6, 0x270a270a, 0x1f601f60, 0x17b417b4, 0x0c1f0c1f, 0xfaaffaaf, 0xeaf7eaf7, 
	0xe243e243, 0xde07de07, 0xdae1dae1, 0xd953d953, 0xda98da98, 0xdd06dd06, 0xddd0ddd0, 0xdbc1dbc1, 
	0xd9f5d9f5, 0xdca8dca8, 0xe3a0e3a0, 0xeb71eb71, 0xf27ff27f, 0xfb11fb11, 0x04280428, 0x08b308b3, 
	0x07db07db, 0x04da04da, 0x03b603b6, 0x058a058a, 0x07320732, 0x082e082e, 0x0aee0aee, 0x0ed20ed2, 
	0x10521052, 0x0d4f0d4f, 0x081d081d, 0x04e704e7, 0x04260426, 0x03710371, 0x02aa02aa, 0x04b104b1, 
	0x097e097e, 0x0ca90ca9, 0x0beb0beb, 0x08740874, 0x04cd04cd, 0x020d020d, 0xff16ff16, 0xfdbcfdbc, 
	0x018f018f, 0x0cb50cb5, 0x1bc51bc5, 0x27892789, 0x30f330f3, 0x39a239a2, 0x3dc53dc5, 0x3c733c73, 
	0x37723772, 0x33433343, 0x31a731a7, 0x301c301c, 0x2cbe2cbe, 0x25dd25dd, 0x1e351e35, 0x15a015a0, 
	0x070d070d, 0xf5a8f5a8, 0xe8abe8ab, 0xe1b5e1b5, 0xdd7ddd7d, 0xdacddacd, 0xdb14db14, 0xdceadcea, 
	0xde7bde7b, 0xde86de86, 0xdc9bdc9b, 0xdb5fdb5f, 0xde53de53, 0xe501e501, 0xebd8ebd8, 0xf2d7f2d7, 
	0xfb19fb19, 0x01f901f9, 0x044c044c, 0x02930293, 0x00aa00aa, 0x009d009d, 0x01c601c6, 0x03a803a8, 
	0x06af06af, 0x0aa90aa9, 0x0dcc0dcc, 0x0ea20ea2, 0x0ca00ca0, 0x08eb08eb, 0x05fb05fb, 0x04ba04ba, 
	0x04580458, 0x05490549, 0x08ec08ec, 0x0cf60cf6, 0x0e130e13, 0x0bd80bd8, 0x07d507d5, 0x03a503a5, 
	0xffccffcc, 0xfe6ffe6f, 0x018f018f, 0x0ad60ad6, 0x19991999, 0x27a727a7, 0x32a532a5, 0x3ae53ae5, 
	0x3eeb3eeb, 0x3e1f3e1f, 0x38d038d0, 0x338e338e, 0x307b307b, 0x2d912d91, 0x2a462a46, 0x24742474, 
	0x1c991c99, 0x134e134e, 0x05810581, 0xf504f504, 0xe760e760, 0xdf3edf3e, 0xdb0fdb0f, 0xd973d973, 
	0xdaaedaae, 0xdcc0dcc0, 0xddf0ddf0, 0xde37de37, 0xdd6cdd6c, 0xdccfdccf, 0xdf21df21, 0xe537e537, 
	0xec5eec5e, 0xf303f303, 0xfa94fa94, 0x01680168, 0x03f003f0, 0x03520352, 0x02640264, 0x02530253, 
	0x03a303a3, 0x05da05da, 0x08d308d3, 0x0c400c40, 0x0edc0edc, 0x0f5b0f5b, 0x0cd40cd4, 0x08d808d8, 
	0x064a064a, 0x056f056f, 0x04c904c9, 0x05280528, 0x081a081a, 0x0b280b28, 0x0b8d0b8d, 0x095a095a, 
	0x05c205c2, 0x025b025b, 0xffafffaf, 0xfe74fe74, 0x00540054, 0x07690769, 0x14381438, 0x21f121f1, 
	0x2c372c37, 0x340c340c, 0x3a263a26, 0x3bf03bf0, 0x38e438e4, 0x35483548, 0x32c532c5, 0x2fc32fc3, 
	0x2c0a2c0a, 0x26152615, 0x1d541d54, 0x13821382, 0x082b082b, 0xfa4efa4e, 0xec23ec23, 0xe286e286, 
	0xde72de72, 0xdc2bdc2b, 0xdadbdadb, 0xdb6edb6e, 0xdc8ddc8d, 0xdd30dd30, 0xddb6ddb6, 0xde86de86, 
	0xe09ce09c, 0xe5c8e5c8, 0xeccbeccb, 0xf281f281, 0xf7bcf7bc, 0xfd7dfd7d, 0x01370137, 0x019c019c, 
	0x01120112, 0x021f021f, 0x03db03db, 0x05220522, 0x075f075f, 0x0a5c0a5c, 0x0bec0bec, 0x0be50be5, 
	0x0b180b18, 0x096f096f, 0x07e607e6, 0x07c807c8, 0x07d307d3, 0x07b807b8, 0x098d098d, 0x0c530c53, 
	0x0ce10ce1, 0x0ad20ad2, 0x08160816, 0x05df05df, 0x03210321, 0x000d000d, 0xff51ff51, 0x02e002e0, 
	0x0c3f0c3f, 0x19221922, 0x23fa23fa, 0x2d462d46, 0x37033703, 0x3d053d05, 0x3c243c24, 0x37c837c8, 
	0x34753475, 0x31fc31fc, 0x2e252e25, 0x283d283d, 0x20992099, 0x18431843, 0x0ec80ec8, 0x01a301a3, 
	0xf19ef19e, 0xe51de51d, 0xdf58df58, 0xdbe6dbe6, 0xd8bfd8bf, 0xd8acd8ac, 0xdb0fdb0f, 0xdcc2dcc2, 
	0xdd30dd30, 0xdd47dd47, 0xde8fde8f, 0xe319e319, 0xea2bea2b, 0xf081f081, 0xf5fcf5fc, 0xfce1fce1, 
	0x02c802c8, 0x03e903e9, 0x03300330, 0x044a044a, 0x05d205d2, 0x06c606c6, 0x087d087d, 0x0b0e0b0e, 
	0x0d030d03, 0x0e250e25, 0x0dff0dff, 0x0b390b39, 0x088c088c, 0x08c508c5, 0x08b408b4, 0x06f106f1, 
	0x07810781, 0x0a750a75, 0x0b5b0b5b, 0x094f094f, 0x06760676, 0x04190419, 0x02060206, 0xffacffac, 
	0xfdf3fdf3, 0xffe3ffe3, 0x09440944, 0x17801780, 0x22582258, 0x2a2f2a2f, 0x34183418, 0x3baa3baa, 
	0x3b7d3b7d, 0x37353735, 0x34363436, 0x329f329f, 0x2fd22fd2, 0x2a8a2a8a, 0x22892289, 0x19121912, 
	0x0fcc0fcc, 0x03e803e8, 0xf3abf3ab, 0xe5ece5ec, 0xe043e043, 0xde0cde0c, 0xdabadaba, 0xd92cd92c, 
	0xdaeadaea, 0xdd07dd07, 0xddf6ddf6, 0xde2bde2b, 0xdf12df12, 0xe33ae33a, 0xeb17eb17, 0xf284f284, 
	0xf744f744, 0xfcb8fcb8, 0x024f024f, 0x038b038b, 0x01a201a2, 0x00df00df, 0x026f026f, 0x04680468, 
	0x05ef05ef, 0x07f807f8, 0x09b509b5, 0x0ae80ae8, 0x0b360b36, 0x08cd08cd, 0x066a066a, 0x074a074a, 
	0x08e108e1, 0x09420942, 0x0a730a73, 0x0ccd0ccd, 0x0daa0daa, 0x0c110c11, 0x08f908f9, 0x059f059f, 
	0x03530353, 0x01630163, 0xffccffcc, 0x01f901f9, 0x0b350b35, 0x196b196b, 0x24ec24ec, 0x2cd42cd4, 
	0x361e361e, 0x3cf63cf6, 0x3db53db5, 0x3bce3bce, 0x394a394a, 0x37053705, 0x34093409, 0x2df62df6, 
	0x24972497, 0x19771977, 0x0efa0efa, 0x02f902f9, 0xf2c4f2c4, 0xe4dee4de, 0xdec9dec9, 0xdc17dc17, 
	0xd8e5d8e5, 0xd72dd72d, 0xd7dbd7db, 0xd8ecd8ec, 0xd9e7d9e7, 0xdb45db45, 0xdd5bdd5b, 0xe284e284, 
	0xeafdeafd, 0xf274f274, 0xf77df77d, 0xfcaafcaa, 0x01270127, 0x024b024b, 0x01a901a9, 0x028c028c, 
	0x05190519, 0x07220722, 0x08b608b6, 0x0a840a84, 0x0aeb0aeb, 0x0a7f0a7f, 0x09d809d8, 0x08050805, 
	0x07280728, 0x08270827, 0x09000900, 0x09320932, 0x09c809c8, 0x0aac0aac, 0x0a320a32, 0x08160816, 
	0x050e050e, 0x023e023e, 0x01230123, 0x00210021, 0xfeaafeaa, 0x00d900d9, 0x09cc09cc, 0x16fe16fe, 
	0x21d921d9, 0x2aad2aad, 0x355f355f, 0x3cb13cb1, 0x3e5c3e5c, 0x3d6b3d6b, 0x3a233a23, 0x379e379e, 
	0x35183518, 0x2e3b2e3b, 0x245a245a, 0x1a251a25, 0x106f106f, 0x042c042c, 0xf4c6f4c6, 0xe8fde8fd, 
	0xe2afe2af, 0xde05de05, 0xda4eda4e, 0xd82bd82b, 0xd79dd79d, 0xd8a8d8a8, 0xda4bda4b, 0xdb5fdb5f, 
	0xdd56dd56, 0xe2b0e2b0, 0xe93fe93f, 0xede0ede0, 0xf23af23a, 0xf6fdf6fd, 0xfa2ffa2f, 0xfbdffbdf, 
	0xfdcdfdcd, 0x00620062, 0x02c202c2, 0x051d051d, 0x07940794, 0x08e708e7, 0x097a097a, 0x0aa00aa0, 
	0x0abd0abd, 0x09db09db, 0x0b0a0b0a, 0x0cf20cf2, 0x0d0a0d0a, 0x0cd10cd1, 0x0d680d68, 0x0d460d46, 
	0x0ba00ba0, 0x09d409d4, 0x07b307b3, 0x04e504e5, 0x03390339, 0x01760176, 0xfe77fe77, 0xff3aff3a, 
	0x08060806, 0x14a714a7, 0x1e561e56, 0x27c327c3, 0x33d533d5, 0x3b0e3b0e, 0x3bfc3bfc, 0x3bc83bc8, 
	0x3a833a83, 0x38963896, 0x35953595, 0x2f512f51, 0x25f525f5, 0x1bb51bb5, 0x11ed11ed, 0x04350435, 
	0xf308f308, 0xe7b5e7b5, 0xe25be25b, 0xdcc1dcc1, 0xd7ddd7dd, 0xd611d611, 0xd5d5d5d5, 0xd638d638, 
	0xd78cd78c, 0xd8dfd8df, 0xdba1dba1, 0xe330e330, 0xec94ec94, 0xf2fff2ff, 0xf851f851, 0xfea6fea6, 
	0x031f031f, 0x04640464, 0x058d058d, 0x07cd07cd, 0x09a809a8, 0x0b7e0b7e, 0x0cd30cd3, 0x0c0b0c0b, 
	0x0ac90ac9, 0x0a420a42, 0x08610861, 0x058b058b, 0x052d052d, 0x06ef06ef, 0x078b078b, 0x07610761, 
	0x08340834, 0x08bd08bd, 0x07dd07dd, 0x069a069a, 0x052f052f, 0x035c035c, 0x02c202c2, 0x02b002b0, 
	0x01220122, 0x02810281, 0x0c2e0c2e, 0x19db19db, 0x23e923e9, 0x2c9f2c9f, 0x37173717, 0x3d323d32, 
	0x3db83db8, 0x3d7d3d7d, 0x3cac3cac, 0x3a903a90, 0x37dd37dd, 0x328b328b, 0x27fc27fc, 0x1bd91bd9, 
	0x11b211b2, 0x04b004b0, 0xf482f482, 0xe99ee99e, 0xe4e4e4e4, 0xe07fe07f, 0xdc43dc43, 0xd9d1d9d1, 
	0xd792d792, 0xd5aad5aa, 0xd645d645, 0xd83cd83c, 0xda9fda9f, 0xe094e094, 0xe935e935, 0xef40ef40, 
	0xf275f275, 0xf619f619, 0xf93bf93b, 0xfa76fa76, 0xfce2fce2, 0x00ae00ae, 0x03240324, 0x05340534, 
	0x07dd07dd, 0x09150915, 0x082c082c, 0x076b076b, 0x07870787, 0x07b507b5, 0x08d108d1, 0x0abf0abf, 
	0x0b7f0b7f, 0x0b610b61, 0x0b9f0b9f, 0x0b4f0b4f, 0x09e809e8, 0x08530853, 0x076e076e, 0x06c706c7, 
	0x05cf05cf, 0x04630463, 0x02c902c9, 0x048a048a, 0x0ce00ce0, 0x18e118e1, 0x230d230d, 0x2bf72bf7, 
	0x361f361f, 0x3cf43cf4, 0x3dd03dd0, 0x3cd93cd9, 0x3cd93cd9, 0x3c8b3c8b, 0x3a2c3a2c, 0x346a346a, 
	0x2a082a08, 0x1e521e52, 0x13da13da, 0x06ed06ed, 0xf7e3f7e3, 0xed36ed36, 0xe804e804, 0xe354e354, 
	0xdddeddde, 0xd94dd94d, 0xd5dbd5db, 0xd3cdd3cd, 0xd3c8d3c8, 0xd581d581, 0xd8a6d8a6, 0xde5fde5f, 
	0xe5ebe5eb, 0xec11ec11, 0xef95ef95, 0xf284f284, 0xf6bef6be, 0xfb05fb05, 0xfe96fe96, 0x023c023c, 
	0x05df05df, 0x08aa08aa, 0x0aba0aba, 0x0bee0bee, 0x0aac0aac, 0x08eb08eb, 0x09d409d4, 0x0b5e0b5e, 
	0x0b2a0b2a, 0x0aaa0aaa, 0x0b1f0b1f, 0x0ad10ad1, 0x092b092b, 0x081a081a, 0x07c507c5, 0x071b071b, 
	0x06ae06ae, 0x06630663, 0x04d204d2, 0x03340334, 0x05300530, 0x0c740c74, 0x17071707, 0x22012201, 
	0x2b5a2b5a, 0x32ec32ec, 0x39563956, 0x3d0a3d0a, 0x3cde3cde, 0x3ae83ae8, 0x3aa93aa9, 0x3abd3abd, 
	0x35dd35dd, 0x2be32be3, 0x1fff1fff, 0x14491449, 0x08c808c8, 0xfca3fca3, 0xf233f233, 0xebafebaf, 
	0xe71be71b, 0xe1dfe1df, 0xdbc2dbc2, 0xd617d617, 0xd2e6d2e6, 0xd33ed33e, 0xd5b9d5b9, 0xd8e8d8e8, 
	0xdd4edd4e, 0xe29de29d, 0xe64ee64e, 0xe8a3e8a3, 0xebe9ebe9, 0xef9aef9a, 0xf3bff3bf, 0xf945f945, 
	0xfe56fe56, 0x00fb00fb, 0x02680268, 0x03950395, 0x03ca03ca, 0x04820482, 0x06c206c2, 0x08aa08aa, 
	0x0a1d0a1d, 0x0c0b0c0b, 0x0cc00cc0, 0x0b650b65, 0x0aa90aa9, 0x0b890b89, 0x0ccd0ccd, 0x0ea40ea4, 
	0x0ff30ff3, 0x0eec0eec, 0x0cbe0cbe, 0x0aef0aef, 0x087d087d, 0x05920592, 0x06f006f0, 0x0f700f70, 
	0x1b4e1b4e, 0x253e253e, 0x2b5c2b5c, 0x2fff2fff, 0x34933493, 0x37923792, 0x37fa37fa, 0x375e375e, 
	0x38e938e9, 0x3a7e3a7e, 0x36413641, 0x2bb72bb7, 0x1f151f15, 0x146b146b, 0x0b640b64, 0x01430143, 
	0xf7e2f7e2, 0xf173f173, 0xeb6ceb6c, 0xe446e446, 0xdc6edc6e, 0xd504d504, 0xd124d124, 0xd1cbd1cb, 
	0xd46ed46e, 0xd6aad6aa, 0xd981d981, 0xdd80dd80, 0xdfacdfac, 0xe0fce0fc, 0xe4d6e4d6, 0xea51ea51, 
	0xf035f035, 0xf703f703, 0xfcb3fcb3, 0xfefdfefd, 0x004e004e, 0x027d027d, 0x041c041c, 0x06420642, 
	0x0a5f0a5f, 0x0d910d91, 0x0e8e0e8e, 0x0f930f93, 0x0fff0fff, 0x0e780e78, 0x0d490d49, 0x0e1b0e1b, 
	0x0f380f38, 0x0fd80fd8, 0x10471047, 0x0ef70ef7, 0x0bf60bf6, 0x09970997, 0x07cd07cd, 0x05d105d1, 
	0x07bb07bb, 0x10671067, 0x1b301b30, 0x23a923a9, 0x29e129e1, 0x2f642f64, 0x34643464, 0x38413841, 
	0x39d939d9, 0x39583958, 0x3a073a07, 0x39e739e7, 0x33c333c3, 0x290e290e, 0x1e511e51, 0x150e150e, 
	0x0ba60ba6, 0x016a016a, 0xf7cff7cf, 0xefdaefda, 0xe899e899, 0xe0d1e0d1, 0xd8dad8da, 0xd33bd33b, 
	0xd214d214, 0xd2f1d2f1, 0xd386d386, 0xd430d430, 0xd61fd61f, 0xd9fdd9fd, 0xde03de03, 0xe292e292, 
	0xe8f4e8f4, 0xefb1efb1, 0xf587f587, 0xfac6fac6, 0xfeebfeeb, 0x01080108, 0x03aa03aa, 0x078a078a, 
	0x0a210a21, 0x0c5d0c5d, 0x0f450f45, 0x10691069, 0x0f4c0f4c, 0x0eca0eca, 0x0efc0efc, 0x0e530e53, 
	0x0df80df8, 0x0eee0eee, 0x0f720f72, 0x0e550e55, 0x0cfe0cfe, 0x0b5c0b5c, 0x08f808f8, 0x07950795, 
	0x07820782, 0x070e070e, 0x07e507e5, 0x0ddd0ddd, 0x169a169a, 0x1cfa1cfa, 0x21ea21ea, 0x287d287d, 
	0x2ebd2ebd, 0x32b132b1, 0x35fa35fa, 0x38313831, 0x387b387b, 0x37463746, 0x32da32da, 0x2a4a2a4a, 
	0x21c121c1, 0x1bfb1bfb, 0x14ce14ce, 0x0aa80aa8, 0x01340134, 0xf8fef8fe, 0xf01ef01e, 0xe743e743, 
	0xdfabdfab, 0xd98dd98d, 0xd638d638, 0xd4efd4ef, 0xd351d351, 0xd189d189, 0xd175d175, 0xd3d7d3d7, 
	0xd767d767, 0xdc0cdc0c, 0xe1e5e1e5, 0xe7cbe7cb, 0xed4fed4f, 0xf2caf2ca, 0xf809f809, 0xfc2efc2e, 
	0x006f006f, 0x055a055a, 0x091e091e, 0x0bad0bad, 0x0ddf0ddf, 0x0ef10ef1, 0x0ebe0ebe, 0x0f310f31, 
	0x10371037, 0x102d102d, 0x0fe80fe8, 0x0feb0feb, 0x0f330f33, 0x0dfd0dfd, 0x0d010d01, 0x0bac0bac, 
	0x0a030a03, 0x093b093b, 0x08860886, 0x06b706b7, 0x05a705a7, 0x07ca07ca, 0x0d310d31, 0x141f141f, 
	0x1b3e1b3e, 0x21b521b5, 0x26c326c3, 0x2a842a84, 0x2e2f2e2f, 0x32463246, 0x355e355e, 0x36843684, 
	0x355b355b, 0x30f530f5, 0x2a8a2a8a, 0x24052405, 0x1cf51cf5, 0x15631563, 0x0e8d0e8d, 0x079c079c, 
	0xfeb7feb7, 0xf570f570, 0xed69ed69, 0xe5a6e5a6, 0xdf12df12, 0xdaf0daf0, 0xd7fdd7fd, 0xd52dd52d, 
	0xd375d375, 0xd2aad2aa, 0xd28ed28e, 0xd4e1d4e1, 0xd915d915, 0xdcdfdcdf, 0xe0d9e0d9, 0xe648e648, 
	0xeb31eb31, 0xeebbeebb, 0xf32ef32e, 0xf92ef92e, 0xfed4fed4, 0x034c034c, 0x06b706b7, 0x08600860, 
	0x09960996, 0x0c3f0c3f, 0x0ed40ed4, 0x0f9e0f9e, 0x105e105e, 0x118a118a, 0x11091109, 0x0f740f74, 
	0x0ec30ec3, 0x0e960e96, 0x0df90df9, 0x0d8f0d8f, 0x0c830c83, 0x09e309e3, 0x07d807d8, 0x076e076e, 
	0x07a507a5, 0x09710971, 0x0e380e38, 0x14321432, 0x18da18da, 0x1cb61cb6, 0x20c720c7, 0x251a251a, 
	0x2a422a42, 0x2f122f12, 0x31b631b6, 0x32523252, 0x31b731b7, 0x2ef62ef6, 0x2a072a07, 0x25442544, 
	0x21282128, 0x1c861c86, 0x16191619, 0x0e250e25, 0x04c604c6, 0xfb6ffb6f, 0xf42df42d, 0xed57ed57, 
	0xe6bee6be, 0xe120e120, 0xdbf3dbf3, 0xd6e0d6e0, 0xd2bbd2bb, 0xd0bbd0bb, 0xd085d085, 0xd241d241, 
	0xd5a8d5a8, 0xd8f9d8f9, 0xdbcbdbcb, 0xdf5fdf5f, 0xe3d9e3d9, 0xe91be91b, 0xefb6efb6, 0xf6bbf6bb, 
	0xfd09fd09, 0x02610261, 0x06450645, 0x08f308f3, 0x0bbe0bbe, 0x0f540f54, 0x12641264, 0x144c144c, 
	0x15791579, 0x155f155f, 0x140a140a, 0x121c121c, 0x106d106d, 0x0ec80ec8, 0x0da60da6, 0x0d230d23, 
	0x0afc0afc, 0x07d607d6, 0x05bd05bd, 0x048d048d, 0x03690369, 0x03ce03ce, 0x07350735, 0x0c4a0c4a, 
	0x11811181, 0x16b616b6, 0x1b201b20, 0x1e9b1e9b, 0x23fe23fe, 0x294c294c, 0x2bbd2bbd, 0x2d412d41, 
	0x2e262e26, 0x2d312d31, 0x29a229a2, 0x252b252b, 0x21572157, 0x1d4c1d4c, 0x18c218c2, 0x125b125b, 
	0x09ad09ad, 0x01480148, 0xfa16fa16, 0xf361f361, 0xecf7ecf7, 0xe701e701, 0xe1fae1fa, 0xddb1ddb1, 
	0xd959d959, 0xd600d600, 0xd4e2d4e2, 0xd575d575, 0xd738d738, 0xd9aed9ae, 0xdc9ddc9d, 0xdfb2dfb2, 
	0xe3b7e3b7, 0xe8a9e8a9, 0xede9ede9, 0xf3e3f3e3, 0xf9caf9ca, 0xfebbfebb, 0x027a027a, 0x06190619, 
	0x096a096a, 0x0c9a0c9a, 0x0fa30fa3, 0x11301130, 0x12551255, 0x12a012a0, 0x11921192, 0x10721072, 
	0x0f860f86, 0x0ee80ee8, 0x0de20de2, 0x0c080c08, 0x0a1c0a1c, 0x07660766, 0x05510551, 0x04330433, 
	0x02f002f0, 0x03950395, 0x04d604d6, 0x063a063a, 0x08e008e0, 0x0cc40cc4, 0x117b117b, 0x15981598, 
	0x18c718c7, 0x1b151b15, 0x1da11da1, 0x1fdf1fdf, 0x20d920d9, 0x21022102, 0x20792079, 0x1f741f74, 
	0x1d2d1d2d, 0x199b199b, 0x16081608, 0x12371237, 0x0de60de6, 0x09820982, 0x04670467, 0xff86ff86, 
	0xfb1afb1a, 0xf6a2f6a2, 0xf2cbf2cb, 0xef2bef2b, 0xec5aec5a, 0xea0eea0e, 0xe745e745, 0xe5f8e5f8, 
	0xe644e644, 0xe691e691, 0xe732e732, 0xe88be88b, 0xe9f0e9f0, 0xeb90eb90, 0xee98ee98, 0xf10af10a, 
	0xf2a6f2a6, 0xf5abf5ab, 0xf906f906, 0xfbc1fbc1, 0xfdfefdfe, 0x000c000c, 0x02250225, 0x03ea03ea, 
	0x06000600, 0x075c075c, 0x06e706e7, 0x07db07db, 0x08d508d5, 0x08770877, 0x08e308e3, 0x08700870, 
	0x07980798, 0x06800680, 0x05110511, 0x043f043f, 0x03490349, 0x02df02df, 0x03c003c0, 0x04ea04ea, 
	0x06450645, 0x07b107b1, 0x085b085b, 0x09f509f5, 0x0cba0cba, 0x0f5e0f5e, 0x11691169, 0x126e126e, 
	0x135e135e, 0x14411441, 0x13ba13ba, 0x13751375, 0x13061306, 0x11931193, 0x10731073, 0x0d8e0d8e, 
	0x0a690a69, 0x07c107c1, 0x04ed04ed, 0x02860286, 0xff91ff91, 0xfcf9fcf9, 0xfa51fa51, 0xf75af75a, 
	0xf522f522, 0xf3bcf3bc, 0xf288f288, 0xf27ff27f, 0xf2cbf2cb, 0xf2b7f2b7, 0xf350f350, 0xf410f410, 
	0xf525f525, 0xf677f677, 0xf80df80d, 0xf9acf9ac, 0xfb9ffb9f, 0xfd5efd5e, 0xff02ff02, 0x006e006e, 
	0x01310131, 0x02a202a2, 0x03700370, 0x037e037e, 0x03ed03ed, 0x04330433, 0x04230423, 0x04170417, 
	0x03b403b4, 0x03860386, 0x03340334, 0x02430243, 0x01a301a3, 0x01020102, 0x00ac00ac, 0x00bc00bc, 
	0x008f008f, 0x00aa00aa, 0x01ce01ce, 0x02780278, 0x03040304, 0x03dc03dc, 0x046b046b, 0x057d057d, 
	0x06630663, 0x07220722, 0x08290829, 0x08ed08ed, 0x08f708f7, 0x09070907, 0x083e083e, 0x07910791, 
	0x07240724, 0x05db05db, 0x056b056b, 0x04a604a6, 0x038b038b, 0x027e027e, 0x01640164, 0x00220022, 
	0xfee9fee9, 0xfde7fde7, 0xfce2fce2, 0xfc4efc4e, 0xfb7cfb7c, 0xfb35fb35, 0xfb30fb30, 0xfb07fb07, 
	0xfb7ffb7f, 0xfba4fba4, 0xfb6bfb6b, 0xfc28fc28, 0xfc4efc4e, 0xfcaefcae, 0xfddcfddc, 0xfe1afe1a, 
	0xfefffeff, 0xff29ff29, 0xff5fff5f, 0x00610061, 0x00740074, 0x00d900d9, 0x01300130, 0x012e012e, 
	0x01c201c2, 0x01ae01ae, 0x01640164, 0x02050205, 0x01fa01fa, 0x023e023e, 0x02190219, 0x01400140, 
	0x01640164, 0x012f012f, 0x010b010b, 0x01960196, 0x01310131, 0x00e900e9, 0x012c012c, 0x004f004f, 
	0x009d009d, 0x00b700b7, 0x00750075, 0x01950195, 0x01bd01bd, 0x02560256, 0x02720272, 0x01fd01fd, 
	0x030a030a, 0x03200320, 0x02da02da, 0x03540354, 0x02bd02bd, 0x02c802c8, 0x032e032e, 0x02670267, 
	0x01ea01ea, 0x018d018d, 0x01420142, 0x00bf00bf, 0x001f001f, 0xff97ff97, 0xfee0fee0, 0xfeb4feb4, 
	0xfe7ffe7f, 0xfe55fe55, 0xfe2efe2e, 0xfdd6fdd6, 0xfe40fe40, 0xfdfcfdfc, 0xfdf4fdf4, 0xfe7dfe7d, 
	0xfe47fe47, 0xff26ff26, 0xff79ff79, 0xff7eff7e, 0x005a005a, 0x00550055, 0x006b006b, 0x00d200d2, 
	0x00ad00ad, 0x010c010c, 0x015c015c, 0x01100110, 0x012d012d, 0x01140114, 0x01050105, 0x00840084, 
	0x00300030, 0xffefffef, 0x00190019, 0x00660066, 0xffb6ffb6, 0x00690069, 0x002d002d, 0x00650065, 
	0x00f000f0, 0x00570057, 0x01050105, 0x00b200b2, 0x00d500d5, 0x016c016c, 0x01100110, 0x01c001c0, 
	0x02100210, 0x01b901b9, 0x022a022a, 0x02090209, 0x01e201e2, 0x01e801e8, 0x01d201d2, 0x01e901e9, 
	0x019f019f, 0x01a901a9, 0x015e015e, 0x01270127, 0x011f011f, 0x00ec00ec, 0x00b300b3, 0x00a400a4, 
	0x00a300a3, 0x005a005a, 0x00510051, 0x001b001b, 0xffffffff, 0xffc4ffc4, 0xffaeffae, 0xffa0ffa0, 
	0xffb0ffb0, 0xffdaffda, 0xfff9fff9, 0xffe5ffe5, 0xff88ff88, 0x002d002d, 0x00530053, 0x007c007c, 
	0x00a900a9, 0x00430043, 0x00e500e5, 0x00ab00ab, 0x00900090, 0x00fe00fe, 0x00230023, 0x00dd00dd, 
	0x01290129, 0x00260026, 0x00590059, 0xfff3fff3, 0x00350035, 0x006a006a, 0x001a001a, 0x00740074, 
	0x003a003a, 0x00030003, 0x00720072, 0x00310031, 0x000e000e, 0x00c200c2, 0x00550055, 0x00470047, 
	0x004b004b, 0x006b006b, 0x00f600f6, 0x00c200c2, 0x00d800d8, 0x00970097, 0x005c005c, 0x00860086, 
	0x00970097, 0x007c007c, 0x00760076, 0x008a008a, 0x00a000a0, 0x00780078, 0x009d009d, 0x006c006c, 
	0x00290029, 0x00800080, 0x002d002d, 0x008d008d, 0x00510051, 0x00040004, 0x002b002b, 0xffa0ffa0, 
	0xffedffed, 0xffd5ffd5, 0xff63ff63, 0xffcaffca, 0xff83ff83, 0xff76ff76, 0x00010001, 0xff79ff79, 
	0x00020002, 0x00010001, 0xffdeffde, 0x007c007c, 0x000a000a, 0x008c008c, 0x00cc00cc, 0x00c800c8, 
	0x01530153, 0x01590159, 0x01400140, 0x01d701d7, 0x01bf01bf, 0x01fd01fd, 0x024e024e, 0x01c901c9, 
	0x02280228, 0x01e501e5, 0x01e501e5, 0x01e601e6, 0x014f014f, 0x012a012a, 0x01040104, 0x00940094, 
	0x008f008f, 0x00100010, 0xff87ff87, 0xffc0ffc0, 0xff43ff43, 0xff97ff97, 0xff4dff4d, 0xff49ff49, 
	0xff9dff9d, 0xff4cff4c, 0xffbdffbd, 0xffd2ffd2, 0x000c000c, 0x00510051, 0x00700070, 0x00690069, 
	0x00e900e9, 0x00fd00fd, 0x01100110, 0x012f012f, 0x00e400e4, 0x017a017a, 0x015b015b, 0x01430143, 
	0x01720172, 0x01070107, 0x00f700f7, 0x00dd00dd, 0x001e001e, 0x003a003a, 0x00250025, 0xffebffeb, 
	0xffd7ffd7, 0xff2aff2a, 0xff16ff16, 0xfecdfecd, 0xfecbfecb, 0xfe9ffe9f, 0xfea3fea3, 0xfe90fe90, 
	0xfe63fe63, 0xfeb4feb4, 0xfe2ffe2f, 0xfe8bfe8b, 0xff01ff01, 0xfec7fec7, 0xff6dff6d, 0xff85ff85, 
	0xff6aff6a, 0x004b004b, 0x00030003, 0x00660066, 0x00dd00dd, 0x00a600a6, 0x01740174, 0x00f700f7, 
	0x00cb00cb, 0x01220122, 0x00a600a6, 0x00d700d7, 0x011d011d, 0x00810081, 0x00af00af, 0x00900090, 
	0x00030003, 0x00410041, 0xffe0ffe0, 0x001f001f, 0x00350035, 0xffeaffea, 0x001f001f, 0x00260026, 
	0x00050005, 0x007d007d, 0x008a008a, 0x00530053, 0x00ed00ed, 0x00a400a4, 0x00b300b3, 0x00880088, 
	0x00600060, 0x00d000d0, 0x00a400a4, 0x00980098, 0x00780078, 0x003f003f, 0x002f002f, 0x002e002e, 
	0x00180018, 0x00230023, 0xff9dff9d, 0xff92ff92, 0xff7cff7c, 0xff2dff2d, 0xff62ff62, 0xff2eff2e, 
	0xff6cff6c, 0xff1aff1a, 0xff0eff0e, 0xff79ff79, 0xff38ff38, 0xff76ff76, 0xffdeffde, 0xffd2ffd2, 
	0xffdaffda, 0xffceffce, 0xffedffed, 0xffddffdd, 0xffdbffdb, 0x00790079, 0x00040004, 0x00120012, 
	0x001f001f, 0xffe3ffe3, 0x002e002e, 0x001e001e, 0x007d007d, 0x00500050, 0x00250025, 0x00580058, 
	0x00be00be, 0x003b003b, 0x00140014, 0x00da00da, 0x00640064, 0x009c009c, 0x00c200c2, 0x006d006d, 
	0x009a009a, 0x00ba00ba, 0x00970097, 0x009c009c, 0x009c009c, 0x003b003b, 0x008c008c, 0x002c002c, 
	0xffebffeb, 0x00ab00ab, 0xffdfffdf, 0xffd9ffd9, 0x004b004b, 0xff6dff6d, 0x00230023, 0xffe6ffe6, 
	0xff9fff9f, 0xffe9ffe9, 0xfee8fee8, 0xffc3ffc3, 0xff72ff72, 0xff04ff04, 0xff88ff88, 0xff21ff21, 
	0xff40ff40, 0xfec0fec0, 0xfef5fef5, 0xfec3fec3, 0xfefffeff, 0xff48ff48, 0xfeb0feb0, 0xff44ff44, 
	0xfefdfefd, 0xff64ff64, 0xff48ff48, 0xff6bff6b, 0xffeaffea, 0xfff2fff2, 0x00630063, 0xff92ff92, 
	0x00a400a4, 0x00500050, 0x005a005a, 0x01630163, 0x00650065, 0x01360136, 0x012a012a, 0x01010101, 
	0x01590159, 0x01090109, 0x00f600f6, 0x017e017e, 0x01240124, 0x00cb00cb, 0x017e017e, 0x004e004e, 
	0x00ab00ab, 0x01060106, 0x00330033, 0x00dd00dd, 0x00a600a6, 0x00790079, 0x00530053, 0xff90ff90, 
	0xffdaffda, 0x001c001c, 0xffcbffcb, 0xffeaffea, 0xfffbfffb, 0xff86ff86, 0xffc4ffc4, 0xffb6ffb6, 
	0xff8aff8a, 0x00330033, 0xffb0ffb0, 0x003d003d, 0xffefffef, 0x003f003f, 0x00db00db, 0xff9dff9d, 
	0x009f009f, 0x00160016, 0x00830083, 0x009b009b, 0x00170017, 0x00670067, 0xff9dff9d, 0x00300030, 
	0xfffafffa, 0xffaaffaa, 0xff81ff81, 0x00310031, 0xff43ff43, 0xff2fff2f, 0xff5bff5b, 0xfebbfebb, 
	0xffceffce, 0xfeb1feb1, 0xffe5ffe5, 0xfff0fff0, 0xff5bff5b, 0x00750075, 0xffb3ffb3, 0x00430043, 
	0x01170117, 0x01260126, 0x01330133, 0x00f100f1, 0x012d012d, 0x01cb01cb, 0x00f100f1, 0x01950195, 
	0x01df01df, 0x00550055, 0x011d011d, 0x009a009a, 0xff83ff83, 0x005b005b, 0xff75ff75, 0xff6bff6b, 
	0xff65ff65, 0xfe3bfe3b, 0xff48ff48, 0xfe74fe74, 0xfe2afe2a, 0xff66ff66, 0xfdfffdff, 0xfe04fe04, 
	0xffc2ffc2, 0xfecefece, 0xff06ff06, 0xff64ff64, 0xff38ff38, 0x005e005e, 0xffa6ffa6, 0x00860086, 
	0x005d005d, 0x00870087, 0x00d300d3, 0x00d200d2, 0x011b011b, 0x00fc00fc, 0x020d020d, 0x00640064, 
	0x00fd00fd, 0x014e014e, 0x00fc00fc, 0x00d500d5, 0x00610061, 0x00540054, 0x006f006f, 0x001e001e, 
	0xff91ff91, 0x00540054, 0xff36ff36, 0x00e300e3, 0xff06ff06, 0xff85ff85, 0xffe9ffe9, 0xff55ff55, 
	0x01110111, 0xfe69fe69, 0x00790079, 0xff4fff4f, 0x00c800c8, 0x00e000e0, 0xff63ff63, 0x00fc00fc, 
	0x00870087, 0x01600160, 0x00380038, 0x01850185, 0x001c001c, 0x00ef00ef, 0x00910091, 0x003c003c, 
	0x010d010d, 0xffa1ffa1, 0x01010101, 0xff11ff11, 0xffecffec, 0xff2eff2e, 0xffb1ffb1, 0xffb1ffb1, 
	0xfe64fe64, 0xffe4ffe4, 0xfe51fe51, 0xffbcffbc, 0xff12ff12, 0xfe8ffe8f, 0x00130013, 0xfed9fed9, 
	0x001a001a, 0xffb7ffb7, 0xff08ff08, 0x00f800f8, 0xff5fff5f, 0x00410041, 0x00640064, 0xffe1ffe1, 
	0x00dd00dd, 0xfffcfffc, 0x00fa00fa, 0xffd1ffd1, 0x00dd00dd, 0x00760076, 0x000d000d, 0x00cc00cc, 
	0x004a004a, 0x00d000d0, 0xff51ff51, 0x005f005f, 0xff53ff53, 0x001a001a, 0xffdaffda, 0xfef4fef4, 
	0x004a004a, 0xfe4efe4e, 0x004b004b, 0xff26ff26, 0xfefefefe, 0x00890089, 0xfee4fee4, 0x00420042, 
	0xff08ff08, 0xfff6fff6, 0x00ba00ba, 0xffd6ffd6, 0x012a012a, 0x008b008b, 0x01670167, 0x009f009f, 
	0x01940194, 0x00ab00ab, 0x007c007c, 0x02be02be, 0xfff0fff0, 0x01cf01cf, 0x00510051, 0x00ea00ea, 
	0x01950195, 0xff22ff22, 0x01720172, 0xffaeffae, 0x00b200b2, 0xffb4ffb4, 0xfe99fe99, 0xffd8ffd8, 
	0xff23ff23, 0x00290029, 0xfedefede, 0xff8dff8d, 0xffc8ffc8, 0xff1bff1b, 0x00500050, 0xfefcfefc, 
	0x016e016e, 0x00120012, 0xff39ff39, 0x02050205, 0xfe54fe54, 0x03400340, 0x00de00de, 0xfffbfffb, 
	0x01c201c2, 0xfe47fe47, 0x04900490, 0xff32ff32, 0x004e004e, 0x00c200c2, 0xff18ff18, 0x01e301e3, 
	0xff0fff0f, 0x00e200e2, 0xfe25fe25, 0x00020002, 0xff48ff48, 0xfeeffeef, 0xfea4fea4, 0xfefafefa, 
	0x00300030, 0xfd8ffd8f, 0xff87ff87, 0xfe7afe7a, 0x00620062, 0xfe92fe92, 0x00ae00ae, 0xff23ff23, 
	0xfe62fe62, 0x02680268, 0xff19ff19, 0x019b019b, 0xff59ff59, 0x02320232, 0x022f022f, 0xff35ff35, 
	0x02080208, 0x00680068, 0x01470147, 0x01b301b3, 0x001c001c, 0xffd5ffd5, 0x00e700e7, 0x00970097, 
	0x007b007b, 0xfe37fe37, 0x010c010c, 0x00b900b9, 0xfe16fe16, 0xffdfffdf, 0xfdeffdef, 0x01010101, 
	0xfee6fee6, 0xff19ff19, 0xff8eff8e, 0xfd9efd9e, 0x01e901e9, 0xff21ff21, 0xfde4fde4, 0xffeeffee, 
	0x002d002d, 0xffd0ffd0, 0xffa5ffa5, 0xffb3ffb3, 0xff91ff91, 0x01520152, 0xffe2ffe2, 0xffb6ffb6, 
	0x01c701c7, 0xfe84fe84, 0x017a017a, 0x01140114, 0xfcbefcbe, 0x03d303d3, 0xff37ff37, 0xfe81fe81, 
	0x03130313, 0xfc67fc67, 0x021a021a, 0x01930193, 0xfcf0fcf0, 0x02360236, 0xfe92fe92, 0xfec4fec4, 
	0x02fe02fe, 0xfe32fe32, 0xff47ff47, 0x03b003b0, 0xfc7cfc7c, 0x00ec00ec, 0x03c203c2, 0xfa9bfa9b, 
	0x053f053f, 0xfee0fee0, 0xfd92fd92, 0x06180618, 0xf9d8f9d8, 0x04520452, 0x013f013f, 0xfca2fca2, 
	0x04120412, 0xfdd7fdd7, 0x00b400b4, 0x00bf00bf, 0x000f000f, 0xfdc4fdc4, 0x00df00df, 0x00330033, 
	0xfe00fe00, 0x02bf02bf, 0xfcb8fcb8, 0x00570057, 0x01010101, 0xfcb9fcb9, 0x01d401d4, 0xff8aff8a, 
	0xfd9bfd9b, 0x025b025b, 0xfdacfdac, 0xff48ff48, 0x026e026e, 0xfce3fce3, 0x01ec01ec, 0xff68ff68, 
	0xfeb5feb5, 0x00dc00dc, 0xff3dff3d, 0x00e600e6, 0xff83ff83, 0x009d009d, 0x00070007, 0x017c017c, 
	0xff99ff99, 0x01430143, 0x00980098, 0xffc6ffc6, 0x029e029e, 0xfd90fd90, 0x022d022d, 0xff47ff47, 
	0x01780178, 0x00630063, 0xfce4fce4, 0x050d050d, 0xfc02fc02, 0x018b018b, 0x003c003c, 0xfd16fd16, 
	0x04150415, 0xfcc6fcc6, 0x01b301b3, 0xff43ff43, 0xfeebfeeb, 0x02840284, 0x003d003d, 0x003b003b, 
	0xfec2fec2, 0x02080208, 0xfe82fe82, 0x01e301e3, 0x013c013c, 0xfeb9feb9, 0x01ac01ac, 0xfeb2feb2, 
	0x02c402c4, 0xfe45fe45, 0x00fb00fb, 0x03410341, 0xfc6cfc6c, 0x00ea00ea, 0xff1eff1e, 0x022a022a, 
	0x003d003d, 0xfd67fd67, 0x02ef02ef, 0xfe01fe01, 0x00a800a8, 0x00380038, 0xff89ff89, 0xffeeffee, 
	0x00a900a9, 0x00e900e9, 0xfbe2fbe2, 0x038f038f, 0xfe1efe1e, 0x02560256, 0xfe85fe85, 0xfd5bfd5b, 
	0x07650765, 0xf620f620, 0x06e306e3, 0xfe4dfe4d, 0xfb84fb84, 0x08930893, 0xf66ef66e, 0x06c506c5, 
	0xfdb1fdb1, 0xfddffddf, 0x05f305f3, 0xfa04fa04, 0x02fb02fb, 0x01a101a1, 0xfe17fe17, 0xffffffff, 
	0x01de01de, 0xfb95fb95, 0x058a058a, 0x000c000c, 0xfa26fa26, 0x07740774, 0xf852f852, 0x04340434, 
	0x01660166, 0xf99af99a, 0x08550855, 0xf8fbf8fb, 0x00700070, 0x03e403e4, 0xfa8efa8e, 0x05700570, 
	0xff23ff23, 0xfac9fac9, 0x04af04af, 0xfee2fee2, 0xfe82fe82, 0x03b403b4, 0xfa70fa70, 0x03b303b3, 
	0x00a900a9, 0xfb2ffb2f, 0x06a906a9, 0xfb33fb33, 0x01da01da, 0x01690169, 0xfc5bfc5b, 0x04120412, 
	0xfe96fe96, 0x00760076, 0xfee3fee3, 0x02a902a9, 0xfe28fe28, 0x00ad00ad, 0x01500150, 0xfe2efe2e, 
	0x04210421, 0xf9a6f9a6, 0x047e047e, 0xfec6fec6, 0xff18ff18, 0x04000400, 0xf982f982, 0x04410441, 
	0xfd44fd44, 0x02ae02ae, 0x00650065, 0xfbacfbac, 0x045e045e, 0xfd69fd69, 0x01da01da, 0xfff9fff9, 
	0xfe39fe39, 0x02a602a6, 0xfef9fef9, 0x00800080, 0x019d019d, 0xfcbffcbf, 0x04160416, 0xffc2ffc2, 
	0xfb7cfb7c, 0x06c506c5, 0xfc23fc23, 0x017e017e, 0x019a019a, 0xf925f925, 0x08e908e9, 0xfda4fda4, 
	0xfbd0fbd0, 0x062d062d, 0xf980f980, 0x03330333, 0x03fe03fe, 0xf7baf7ba, 0x042e042e, 0x007c007c, 
	0xfd1dfd1d, 0x04130413, 0xfb94fb94, 0xff5eff5e, 0x05df05df, 0xfb4afb4a, 0xfefdfefd, 0x04c304c3, 
	0xfa3dfa3d, 0x046c046c, 0x008a008a, 0xf853f853, 0x09c109c1, 0xfc4dfc4d, 0xfdfffdff, 0x054e054e, 
	0xf862f862, 0x07800780, 0x00bc00bc, 0xf8faf8fa, 0x06550655, 0xfe36fe36, 0xff17ff17, 0x05280528, 
	0xfa1bfa1b, 0x00db00db, 0x061a061a, 0xf7b3f7b3, 0x05a405a4, 0xff94ff94, 0xf959f959, 0x0b230b23, 
	0xf653f653, 0x00d300d3, 0x07390739, 0xf740f740, 0x06980698, 0xfd56fd56, 0xfc57fc57, 0x07380738, 
	0xfd01fd01, 0xfdcdfdcd, 0x03ab03ab, 0xfdc2fdc2, 0xfffafffa, 0x041b041b, 0xfa52fa52, 0x03880388, 
	0x03350335, 0xf82af82a, 0x06480648, 0xfe05fe05, 0xfdd0fdd0, 0x067b067b, 0xf8bbf8bb, 0x02d002d0, 
	0x01fa01fa, 0xfceffcef, 0x04240424, 0xfdeffdef, 0xfe71fe71, 0x02940294, 0xff92ff92, 0xfcc8fcc8, 
	0x062e062e, 0xfbfdfbfd, 0xfdbafdba, 0x06090609, 0xf884f884, 0x07200720, 0xfdfbfdfb, 0xfc3afc3a, 
	0x075f075f, 0xf7e9f7e9, 0x03d403d4, 0x02e502e5, 0xfaa2faa2, 0x04850485, 0xff65ff65, 0xfc35fc35, 
	0x05f405f4, 0xfe9afe9a, 0xfce2fce2, 0x06060606, 0xfb33fb33, 0x02230223, 0x015b015b, 0xfb07fb07, 
	0x063b063b, 0xfc8bfc8b, 0xff8cff8c, 0x04e604e6, 0xfbe5fbe5, 0xff86ff86, 0x029d029d, 0xff3cff3c, 
	0x00ce00ce, 0x01f801f8, 0xfcb9fcb9, 0x02940294, 0x002f002f, 0xff0eff0e, 0x03380338, 0xfcc4fcc4, 
	0x03d203d2, 0xfde7fde7, 0xfdb1fdb1, 0x04980498, 0xfddffddf, 0x00780078, 0xff34ff34, 0x01440144, 
	0x00160016, 0xff82ff82, 0x007c007c, 0xff28ff28, 0x02340234, 0xffe2ffe2, 0x00a400a4, 0xfdd0fdd0, 
	0x00810081, 0x00f200f2, 0xffffffff, 0x02540254, 0xfdbefdbe, 0x01140114, 0xfde7fde7, 0x00150015, 
	0x01ac01ac, 0xfeb5feb5, 0x030a030a, 0xfaeafaea, 0xff0cff0c, 0x03640364, 0xfe34fe34, 0x028c028c, 
	0xfec4fec4, 0xfcc4fcc4, 0x01710171, 0x012f012f, 0xff26ff26, 0xffefffef, 0xffe0ffe0, 0x016d016d, 
	0xffdfffdf, 0xfcdbfcdb, 0x04ed04ed, 0x00790079, 0xfd6dfd6d, 0x01a101a1, 0xff50ff50, 0x02c502c5, 
	0xffa9ffa9, 0xfdcafdca, 0xff65ff65, 0x03700370, 0x02e702e7, 0xfbc8fbc8, 0xfe82fe82, 0x02710271, 
	0x022a022a, 0xfcf3fcf3, 0x00600060, 0x014c014c, 0xfeeefeee, 0x01530153, 0xfd0dfd0d, 0x01ba01ba, 
	0x02760276, 0xffa9ffa9, 0xff4cff4c, 0xfbd0fbd0, 0x03710371, 0x03a703a7, 0xfca2fca2, 0xff31ff31, 
	0x00890089, 0x025c025c, 0x006f006f, 0xfdd4fdd4, 0x01c401c4, 0x00950095, 0x02630263, 0xff49ff49, 
	0xfccefcce, 0x05280528, 0x01290129, 0xfdb3fdb3, 0xffebffeb, 0xfff0fff0, 0x03dc03dc, 0x003a003a, 
	0xfb30fb30, 0x00d900d9, 0x01360136, 0xffc4ffc4, 0x00820082, 0xfcc2fcc2, 0x00f200f2, 0x01a501a5, 
	0xfdcafdca, 0xfed5fed5, 0x00f400f4, 0x03910391, 0xfcf2fcf2, 0xfc6dfc6d, 0x01c101c1, 0x01210121, 
	0x01cd01cd, 0xfc91fc91, 0xfecafeca, 0x04780478, 0xff2cff2c, 0xfed6fed6, 0xfefefefe, 0x01630163, 
	0x05400540, 0xfe5dfe5d, 0xfd48fd48, 0x02d102d1, 0x00c200c2, 0x01090109, 0x02560256, 0xfeebfeeb, 
	0x01960196, 0xff8cff8c, 0xfde1fde1, 0x02480248, 0xfffdfffd, 0x02400240, 0xfde4fde4, 0xfb67fb67, 
	0x03460346, 0xffecffec, 0x00800080, 0x00400040, 0xfbf5fbf5, 0x015d015d, 0x019d019d, 0xfe45fe45, 
	0xff3cff3c, 0xfefffeff, 0x02e902e9, 0x016d016d, 0xfb57fb57, 0x030c030c, 0x02160216, 0xfdd0fdd0, 
	0x017e017e, 0xff24ff24, 0x02e402e4, 0x00940094, 0xfc6ffc6f, 0x01060106, 0x01cc01cc, 0x038f038f, 
	0xfed8fed8, 0xfb22fb22, 0x033e033e, 0x03900390, 0xfccafcca, 0xfed8fed8, 0x01ae01ae, 0x02130213, 
	0x01100110, 0xfc97fc97, 0x01100110, 0x031e031e, 0x00110011, 0x00f700f7, 0xfcd1fcd1, 0x00a800a8, 
	0x03ed03ed, 0xfe13fe13, 0xff14ff14, 0x00c400c4, 0x02bd02bd, 0xfff6fff6, 0xfda2fda2, 0x02070207, 
	0x012b012b, 0x01b001b0, 0xffabffab, 0xfe06fe06, 0x03060306, 0x028a028a, 0xffbfffbf, 0xfeb0feb0, 
	0xffb6ffb6, 0x04d804d8, 0x01640164, 0xfabffabf, 0x01500150, 0x024a024a, 0xff94ff94, 0x00700070, 
	0xfd44fd44, 0x00c500c5, 0x01e201e2, 0xff67ff67, 0xfeb5feb5, 0xfdfffdff, 0x02110211, 0xffbdffbd, 
	0xfce7fce7, 0x00a400a4, 0x001f001f, 0x00c200c2, 0xfeb2feb2, 0xfe10fe10, 0x028b028b, 0x00040004, 
	0x00570057, 0xfe50fe50, 0xfe3dfe3d, 0x03350335, 0x00580058, 0xff4aff4a, 0xff4cff4c, 0x00510051, 
	0xffd1ffd1, 0x00490049, 0x00fe00fe, 0xfef5fef5, 0xfff2fff2, 0xff07ff07, 0x00850085, 0x00610061, 
	0x013d013d, 0x00820082, 0xfe41fe41, 0x02f002f0, 0x02170217, 0x02290229, 0x02080208, 0xfff9fff9, 
	0x02b802b8, 0x04360436, 0x03c103c1, 0x01b501b5, 0x01060106, 0x03130313, 0x04d504d5, 0x01340134, 
	0x01ba01ba, 0x038f038f, 0xfefcfefc, 0x01d801d8, 0x01ee01ee, 0x01500150, 0x01cb01cb, 0xfdd1fdd1, 
	0x00470047, 0xffd7ffd7, 0x009e009e, 0xffe2ffe2, 0xfcd6fcd6, 0xff64ff64, 0xff42ff42, 0xff3bff3b, 
	0xfce1fce1, 0xfea4fea4, 0x001d001d, 0xfda9fda9, 0xfe3afe3a, 0xfe91fe91, 0xfff8fff8, 0xfe07fe07, 
	0xfe92fe92, 0xfe93fe93, 0xff63ff63, 0xffd5ffd5, 0xfdbffdbf, 0x00890089, 0xfe5dfe5d, 0x00900090, 
	0x006e006e, 0xfdd4fdd4, 0x023a023a, 0xff93ff93, 0xff17ff17, 0x02310231, 0x037f037f, 0x04110411, 
	0x01e301e3, 0x017d017d, 0x06340634, 0x06890689, 0x03960396, 0x06630663, 0x03080308, 0x04ae04ae, 
	0x08fd08fd, 0x02dd02dd, 0x04b004b0, 0x053e053e, 0x02f702f7, 0x048f048f, 0x022e022e, 0x02ba02ba, 
	0x040a040a, 0xff47ff47, 0xff7aff7a, 0x028e028e, 0xfda9fda9, 0x004e004e, 0xfe37fe37, 0xf9a3f9a3, 
	0x01090109, 0xfd77fd77, 0xfc04fc04, 0xfbaafbaa, 0xfa29fa29, 0xff40ff40, 0xfc5afc5a, 0xfa9afa9a, 
	0xfd18fd18, 0xfd4bfd4b, 0xfbfefbfe, 0xfdf0fdf0, 0xfd22fd22, 0xfd83fd83, 0x00eb00eb, 0xfc3ffc3f, 
	0xfe87fe87, 0x012d012d, 0xff80ff80, 0x01d501d5, 0xfe66fe66, 0xfffafffa, 0x040f040f, 0x00b300b3, 
	0x02770277, 0x05590559, 0x05ab05ab, 0x073e073e, 0x066d066d, 0x076b076b, 0x0cee0cee, 0x0c1a0c1a, 
	0x08810881, 0x0bbe0bbe, 0x0ade0ade, 0x0d420d42, 0x0e0e0e0e, 0x07190719, 0x0ace0ace, 0x0aba0aba, 
	0x07f307f3, 0x08160816, 0x03b203b2, 0x057b057b, 0x047b047b, 0xfe7dfe7d, 0xff84ff84, 0xff0dff0d, 
	0xfb2cfb2c, 0xfbe2fbe2, 0xf8e2f8e2, 0xf718f718, 0xf9c3f9c3, 0xf64df64d, 0xf60bf60b, 0xf5e0f5e0, 
	0xf5c0f5c0, 0xf90af90a, 0xf53ef53e, 0xf5f8f5f8, 0xfa07fa07, 0xf7c8f7c8, 0xf906f906, 0xfb6dfb6d, 
	0xfab0fab0, 0xfcb7fcb7, 0xfe12fe12, 0xfdcefdce, 0xff5fff5f, 0xffc9ffc9, 0x02370237, 0x020f020f, 
	0xff85ff85, 0x03a803a8, 0x06190619, 0x05e905e9, 0x083e083e, 0x08510851, 0x08d508d5, 0x0dbb0dbb, 
	0x10231023, 0x0f390f39, 0x0e5d0e5d, 0x0fee0fee, 0x137b137b, 0x123f123f, 0x10c010c0, 0x10c410c4, 
	0x0ef80ef8, 0x0f0f0f0f, 0x0ed00ed0, 0x0b9a0b9a, 0x08fc08fc, 0x085f085f, 0x07150715, 0x03e603e6, 
	0x01020102, 0xff72ff72, 0xfc84fc84, 0xfae3fae3, 0xfa2ffa2f, 0xf720f720, 0xf4d3f4d3, 0xf3c3f3c3, 
	0xf449f449, 0xf378f378, 0xf219f219, 0xf2c4f2c4, 0xf27ef27e, 0xf2faf2fa, 0xf446f446, 0xf51ef51e, 
	0xf60ef60e, 0xf732f732, 0xf7a2f7a2, 0xf91df91d, 0xfbbcfbbc, 0xfc91fc91, 0xfcd7fcd7, 0xfd2afd2a, 
	0xfff2fff2, 0x02630263, 0x01380138, 0x01180118, 0x04090409, 0x08f908f9, 0x0acf0acf, 0x08d208d2, 
	0x09ec09ec, 0x10031003, 0x14161416, 0x13371337, 0x11ff11ff, 0x13321332, 0x16a716a7, 0x17a217a2, 
	0x155b155b, 0x13771377, 0x136a136a, 0x13dd13dd, 0x10de10de, 0x0db60db6, 0x0d780d78, 0x0b690b69, 
	0x06e306e3, 0x04a104a1, 0x04770477, 0x01a401a4, 0xfcf6fcf6, 0xfaa0faa0, 0xfa3dfa3d, 0xf946f946, 
	0xf6daf6da, 0xf317f317, 0xf176f176, 0xf3f2f3f2, 0xf4a9f4a9, 0xf0bbf0bb, 0xef0aef0a, 0xf2c9f2c9, 
	0xf4c6f4c6, 0xf253f253, 0xf1d9f1d9, 0xf4bef4be, 0xf691f691, 0xf72ef72e, 0xf826f826, 0xf8b8f8b8, 
	0xfa26fa26, 0xfc1dfc1d, 0xfc58fc58, 0xfcf4fcf4, 0xff6cff6c, 0x00000000, 0xfe78fe78, 0x01ba01ba, 
	0x09230923, 0x0b180b18, 0x080d080d, 0x0a280a28, 0x123c123c, 0x17db17db, 0x17a517a5, 0x15261526, 
	0x166b166b, 0x1ca41ca4, 0x205d205d, 0x1c791c79, 0x17a117a1, 0x19521952, 0x1c4c1c4c, 0x19971997, 
	0x14d514d5, 0x129a129a, 0x10d910d9, 0x0e1c0e1c, 0x0bb20bb2, 0x08e508e5, 0x04fa04fa, 0x00ee00ee, 
	0xfdb2fdb2, 0xfbc0fbc0, 0xfa66fa66, 0xf730f730, 0xf1f1f1f1, 0xef7def7d, 0xf15bf15b, 0xf1aaf1aa, 
	0xeda2eda2, 0xeabdeabd, 0xecbcecbc, 0xefbbefbb, 0xef7eef7e, 0xed96ed96, 0xee0dee0d, 0xf158f158, 
	0xf3fef3fe, 0xf417f417, 0xf420f420, 0xf600f600, 0xf7dff7df, 0xf8c7f8c7, 0xfa74fa74, 0xfca7fca7, 
	0xfcf8fcf8, 0xfcb8fcb8, 0x00530053, 0x07660766, 0x0b7e0b7e, 0x0a100a10, 0x0a530a53, 0x12831283, 
	0x1c361c36, 0x1d041d04, 0x18141814, 0x19991999, 0x22522252, 0x26d326d3, 0x22572257, 0x1d1e1d1e, 
	0x1e851e85, 0x228f228f, 0x212b212b, 0x1abc1abc, 0x16b916b9, 0x16dc16dc, 0x15411541, 0x103c103c, 
	0x0c900c90, 0x0a7c0a7c, 0x05cd05cd, 0x00500050, 0xfeb1feb1, 0xfe59fe59, 0xf9cbf9cb, 0xf2cef2ce, 
	0xefb9efb9, 0xf1cef1ce, 0xf329f329, 0xeee2eee2, 0xe940e940, 0xea04ea04, 0xef0eef0e, 0xef85ef85, 
	0xebb4ebb4, 0xeb5eeb5e, 0xeeedeeed, 0xf0fbf0fb, 0xf15cf15c, 0xf2aff2af, 0xf40bf40b, 0xf470f470, 
	0xf59cf59c, 0xf874f874, 0xfb1efb1e, 0xfb38fb38, 0xf9fbf9fb, 0xfd00fd00, 0x05890589, 0x0b180b18, 
	0x08d908d9, 0x08350835, 0x11311131, 0x1bad1bad, 0x1d0a1d0a, 0x18ed18ed, 0x19dd19dd, 0x21752175, 
	0x27372737, 0x24c024c0, 0x1efa1efa, 0x1ea51ea5, 0x22682268, 0x22212221, 0x1d371d37, 0x196d196d, 
	0x17b217b2, 0x152e152e, 0x12171217, 0x0fa70fa7, 0x0c7c0c7c, 0x07240724, 0x016d016d, 0xfee0fee0, 
	0xff0dff0d, 0xfc34fc34, 0xf48af48a, 0xef62ef62, 0xf14df14d, 0xf39cf39c, 0xeff3eff3, 0xea6fea6f, 
	0xe9efe9ef, 0xee1cee1c, 0xf0c9f0c9, 0xee67ee67, 0xeb9eeb9e, 0xee5fee5f, 0xf32df32d, 0xf3aaf3aa, 
	0xf2bff2bf, 0xf529f529, 0xf782f782, 0xf759f759, 0xf8aff8af, 0xfc30fc30, 0xfde9fde9, 0xfd47fd47, 
	0xfd02fd02, 0x003a003a, 0x07e607e6, 0x0d8b0d8b, 0x0b520b52, 0x0a2a0a2a, 0x13d813d8, 0x1e761e76, 
	0x1dca1dca, 0x194e194e, 0x1c141c14, 0x22e922e9, 0x26322632, 0x23c523c5, 0x1ed11ed1, 0x1e611e61, 
	0x22cf22cf, 0x22072207, 0x1aa61aa6, 0x17ba17ba, 0x19631963, 0x15ef15ef, 0x10171017, 0x0ecd0ecd, 
	0x0cc20cc2, 0x060e060e, 0x00c900c9, 0xfee6fee6, 0xfcc7fcc7, 0xf9a0f9a0, 0xf479f479, 0xee79ee79, 
	0xee51ee51, 0xf22cf22c, 0xef19ef19, 0xe7b9e7b9, 0xe86de86d, 0xee5dee5d, 0xeee3eee3, 0xebeaebea, 
	0xebb0ebb0, 0xede4ede4, 0xf11ff11f, 0xf37ef37e, 0xf2c2f2c2, 0xf2e2f2e2, 0xf6dcf6dc, 0xf8bff8bf, 
	0xf72ff72f, 0xf9b1f9b1, 0xff1fff1f, 0xff23ff23, 0xfc44fc44, 0xfea9fea9, 0x05770577, 0x0b000b00, 
	0x0c830c83, 0x0ba10ba1, 0x0eb70eb7, 0x181b181b, 0x1f0e1f0e, 0x1de61de6, 0x1c331c33, 0x20172017, 
	0x25692569, 0x279a279a, 0x26252625, 0x22bb22bb, 0x21d621d6, 0x246e246e, 0x24862486, 0x20342034, 
	0x1c7e1c7e, 0x1a7f1a7f, 0x18181818, 0x16231623, 0x13871387, 0x0dce0dce, 0x083f083f, 0x05960596, 
	0x02a302a3, 0xfeb3feb3, 0xfb77fb77, 0xf69df69d, 0xf102f102, 0xf027f027, 0xf18ef18e, 0xeea3eea3, 
	0xea3aea3a, 0xe967e967, 0xea97ea97, 0xec2fec2f, 0xed16ed16, 0xeaa0eaa0, 0xe8d2e8d2, 0xed7eed7e, 
	0xf228f228, 0xefd9efd9, 0xedd3edd3, 0xf1a6f1a6, 0xf4dbf4db, 0xf4a9f4a9, 0xf54ef54e, 0xf718f718, 
	0xf8c5f8c5, 0xfadbfadb, 0xfbf4fbf4, 0xfdd7fdd7, 0x04c004c0, 0x0af60af6, 0x099e099e, 0x09cb09cb, 
	0x13f113f1, 0x1d9b1d9b, 0x1d251d25, 0x19fb19fb, 0x1d151d15, 0x24f824f8, 0x2a7c2a7c, 0x27922792, 
	0x207a207a, 0x219b219b, 0x2a1e2a1e, 0x2ad62ad6, 0x21ba21ba, 0x1c671c67, 0x1e9e1e9e, 0x1fc51fc5, 
	0x1bb71bb7, 0x14dc14dc, 0x0ec30ec3, 0x0c090c09, 0x0a130a13, 0x04bc04bc, 0xfee8fee8, 0xfb9ffb9f, 
	0xf6edf6ed, 0xf104f104, 0xf052f052, 0xf27ff27f, 0xef0eef0e, 0xe818e818, 0xe683e683, 0xeb1beb1b, 
	0xeec7eec7, 0xec33ec33, 0xe68fe68f, 0xe71be71b, 0xef1aef1a, 0xf373f373, 0xef47ef47, 0xecbfecbf, 
	0xf239f239, 0xf82ff82f, 0xf83df83d, 0xf66bf66b, 0xf84bf84b, 0xfcc1fcc1, 0xfe85fe85, 0xfd19fd19, 
	0xff61ff61, 0x07840784, 0x0c700c70, 0x0a1b0a1b, 0x0aef0aef, 0x14fb14fb, 0x1e281e28, 0x1da91da9, 
	0x19ca19ca, 0x1ca01ca0, 0x25382538, 0x29742974, 0x24a324a3, 0x1f531f53, 0x224f224f, 0x27b327b3, 
	0x25782578, 0x1ede1ede, 0x1ca11ca1, 0x1dc51dc5, 0x1c671c67, 0x17cb17cb, 0x12571257, 0x0de80de8, 
	0x0b0b0b0b, 0x07870787, 0x01990199, 0xfc38fc38, 0xf9a1f9a1, 0xf6d2f6d2, 0xf26df26d, 0xef99ef99, 
	0xeebdeebd, 0xed26ed26, 0xeb4beb4b, 0xeac1eac1, 0xea71ea71, 0xea37ea37, 0xeb23eb23, 0xeb8ceb8c, 
	0xead0ead0, 0xec33ec33, 0xef60ef60, 0xefbfefbf, 0xeea8eea8, 0xf15af15a, 0xf5d1f5d1, 0xf6f3f6f3, 
	0xf668f668, 0xf7c9f7c9, 0xfaa6faa6, 0xfddbfddb, 0xffe0ffe0, 0xff47ff47, 0x00c300c3, 0x08be08be, 
	0x0fa00fa0, 0x0e720e72, 0x0e210e21, 0x16a516a5, 0x1f541f54, 0x20432043, 0x1ed21ed2, 0x20b520b5, 
	0x25222522, 0x295e295e, 0x290d290d, 0x24192419, 0x23262326, 0x28142814, 0x28382838, 0x21cb21cb, 
	0x1f031f03, 0x1fd11fd1, 0x1c6e1c6e, 0x17621762, 0x150c150c, 0x113e113e, 0x0ae10ae1, 0x06160616, 
	0x02390239, 0xfe44fe44, 0xfbdafbda, 0xf794f794, 0xf029f029, 0xedeaedea, 0xf1a9f1a9, 0xefeaefea, 
	0xe805e805, 0xe58ae58a, 0xe96ce96c, 0xeb3eeb3e, 0xe953e953, 0xe6c2e6c2, 0xe5dfe5df, 0xe8f3e8f3, 
	0xed22ed22, 0xec91ec91, 0xea98ea98, 0xedf2edf2, 0xf2c0f2c0, 0xf342f342, 0xf333f333, 0xf613f613, 
	0xf8e9f8e9, 0xfa25fa25, 0xfb22fb22, 0xfcdefcde, 0x00fb00fb, 0x06b306b3, 0x098c098c, 0x0a580a58, 
	0x0f500f50, 0x17a817a8, 0x1c691c69, 0x1cec1cec, 0x1e5e1e5e, 0x22ae22ae, 0x272a272a, 0x289b289b, 
	0x27452745, 0x272b272b, 0x295f295f, 0x29c829c8, 0x27802780, 0x26472647, 0x25c725c7, 0x229c229c, 
	0x1e491e49, 0x1bf91bf9, 0x19ff19ff, 0x154d154d, 0x0e530e53, 0x08330833, 0x05400540, 0x033c033c, 
	0xfda1fda1, 0xf5fff5ff, 0xf282f282, 0xf2c3f2c3, 0xf0a2f0a2, 0xeb7feb7f, 0xe83ee83e, 0xe882e882, 
	0xe931e931, 0xe790e790, 0xe4fbe4fb, 0xe54ee54e, 0xe862e862, 0xe95de95d, 0xe7d5e7d5, 0xe91ee91e, 
	0xedcaedca, 0xf09cf09c, 0xf0a0f0a0, 0xf1d4f1d4, 0xf541f541, 0xf81ff81f, 0xf8bff8bf, 0xf8e5f8e5, 
	0xfb66fb66, 0xff03ff03, 0xffebffeb, 0x00390039, 0x05930593, 0x0d200d20, 0x0f7b0f7b, 0x0f220f22, 
	0x13f313f3, 0x1cb61cb6, 0x21f021f0, 0x21882188, 0x203b203b, 0x23822382, 0x2a942a94, 0x2d802d80, 
	0x28e028e0, 0x24ff24ff, 0x28292829, 0x2c022c02, 0x298d298d, 0x238b238b, 0x1f221f22, 0x1d6e1d6e, 
	0x1cb71cb7, 0x193d193d, 0x116a116a, 0x0a490a49, 0x07db07db, 0x05dc05dc, 0x006b006b, 0xfab3fab3, 
	0xf758f758, 0xf4a3f4a3, 0xf1dff1df, 0xef9cef9c, 0xed29ed29, 0xeafeeafe, 0xea37ea37, 0xe95ce95c, 
	0xe7a9e7a9, 0xe780e780, 0xe8e2e8e2, 0xe8dae8da, 0xe839e839, 0xea1dea1d, 0xed2aed2a, 0xee7fee7f, 
	0xef2aef2a, 0xf0cff0cf, 0xf2c6f2c6, 0xf4e5f4e5, 0xf71ff71f, 0xf7def7de, 0xf79cf79c, 0xf959f959, 
	0xfcaffcaf, 0xfe3bfe3b, 0xfe70fe70, 0x01090109, 0x06a206a2, 0x0c230c23, 0x0eea0eea, 0x10051005, 
	0x13d713d7, 0x1ba31ba3, 0x216a216a, 0x20f320f3, 0x20472047, 0x25662566, 0x2b762b76, 0x2bef2bef, 
	0x29622962, 0x29302930, 0x2b142b14, 0x2bce2bce, 0x29942994, 0x253b253b, 0x216d216d, 0x1f181f18, 
	0x1c3e1c3e, 0x17f817f8, 0x132c132c, 0x0d3e0d3e, 0x06ab06ab, 0x02a902a9, 0x008e008e, 0xfbadfbad, 
	0xf491f491, 0xf045f045, 0xeecfeecf, 0xecc6ecc6, 0xe9a0e9a0, 0xe629e629, 0xe35de35d, 0xe369e369, 
	0xe585e585, 0xe565e565, 0xe35ee35e, 0xe3e0e3e0, 0xe6a4e6a4, 0xe8d0e8d0, 0xeafeeafe, 0xed43ed43, 
	0xedacedac, 0xee5fee5f, 0xf285f285, 0xf6e3f6e3, 0xf79bf79b, 0xf6d0f6d0, 0xf79cf79c, 0xfa77fa77, 
	0xfebafeba, 0x01110111, 0xff07ff07, 0xfeadfead, 0x06500650, 0x0f210f21, 0x0fd80fd8, 0x0db90db9, 
	0x12751275, 0x1bb01bb0, 0x21b821b8, 0x22e522e5, 0x223d223d, 0x243c243c, 0x2ad02ad0, 0x30093009, 
	0x2df62df6, 0x2a4b2a4b, 0x2c3c2c3c, 0x2f012f01, 0x2cc32cc3, 0x291f291f, 0x26a226a2, 0x22ca22ca, 
	0x1ed81ed8, 0x1c4a1c4a, 0x17801780, 0x10811081, 0x0b900b90, 0x06d206d2, 0xffc9ffc9, 0xfb35fb35, 
	0xf957f957, 0xf3aff3af, 0xec30ec30, 0xe9e5e9e5, 0xea18ea18, 0xe77ee77e, 0xe48ae48a, 0xe326e326, 
	0xe20be20b, 0xe318e318, 0xe591e591, 0xe481e481, 0xe2cfe2cf, 0xe68ae68a, 0xeacaeaca, 0xea47ea47, 
	0xeabceabc, 0xef03ef03, 0xf16ef16e, 0xf1e7f1e7, 0xf4def4de, 0xf81bf81b, 0xf8bdf8bd, 0xf9c9f9c9, 
	0xfc57fc57, 0xfe51fe51, 0x002d002d, 0x01c901c9, 0x03020302, 0x07c007c0, 0x0f400f40, 0x11981198, 
	0x0fd50fd5, 0x14ba14ba, 0x1fc61fc6, 0x257b257b, 0x24052405, 0x23c023c0, 0x28592859, 0x2eb82eb8, 
	0x32153215, 0x2fa52fa5, 0x2bbd2bbd, 0x2cb92cb9, 0x30093009, 0x2ef82ef8, 0x2a0c2a0c, 0x25772577, 
	0x21d021d0, 0x1ed71ed7, 0x1c081c08, 0x16a516a5, 0x0e770e77, 0x078b078b, 0x03290329, 0xfe75fe75, 
	0xf8b0f8b0, 0xf2ecf2ec, 0xed4aed4a, 0xe8c2e8c2, 0xe643e643, 0xe475e475, 0xe223e223, 0xdfc4dfc4, 
	0xddf0ddf0, 0xdda3dda3, 0xdf79df79, 0xe1b0e1b0, 0xe203e203, 0xe187e187, 0xe3bae3ba, 0xe8c1e8c1, 
	0xece2ece2, 0xedf7edf7, 0xee82ee82, 0xf1aaf1aa, 0xf642f642, 0xf96ef96e, 0xfae7fae7, 0xfc12fc12, 
	0xfd5bfd5b, 0xfee4fee4, 0x011a011a, 0x03180318, 0x04270427, 0x04850485, 0x05350535, 0x08ad08ad, 
	0x0eee0eee, 0x12af12af, 0x11ff11ff, 0x13e413e4, 0x1c141c14, 0x23b923b9, 0x253f253f, 0x24d324d3, 
	0x27912791, 0x2c952c95, 0x31233123, 0x325b325b, 0x2fa62fa6, 0x2db82db8, 0x2fc02fc0, 0x31853185, 
	0x2ebd2ebd, 0x29a629a6, 0x250d250d, 0x20d220d2, 0x1d351d35, 0x19801980, 0x12cb12cb, 0x09dc09dc, 
	0x02f502f5, 0xfe67fe67, 0xf960f960, 0xf369f369, 0xed7eed7e, 0xe79fe79f, 0xe333e333, 0xe16ee16e, 
	0xe021e021, 0xdd8ddd8d, 0xdac5dac5, 0xd95dd95d, 0xda0cda0c, 0xdcd3dcd3, 0xdf26df26, 0xde8dde8d, 
	0xde63de63, 0xe2c6e2c6, 0xe8fde8fd, 0xebf4ebf4, 0xec15ec15, 0xed9aed9a, 0xf21cf21c, 0xf727f727, 
	0xf9f9f9f9, 0xfabdfabd, 0xfc07fc07, 0xfeb9feb9, 0x01030103, 0x027f027f, 0x041f041f, 0x05700570, 
	0x059d059d, 0x06610661, 0x0a3f0a3f, 0x0fd60fd6, 0x13551355, 0x14571457, 0x170d170d, 0x1d581d58, 
	0x23d323d3, 0x27832783, 0x29842984, 0x2bf32bf3, 0x2f302f30, 0x32c532c5, 0x35003500, 0x34b634b6, 
	0x33613361, 0x32483248, 0x30e330e3, 0x2ed82ed8, 0x2c042c04, 0x27322732, 0x20b020b0, 0x1b401b40, 
	0x16db16db, 0x10781078, 0x08940894, 0x01ef01ef, 0xfc29fc29, 0xf57df57d, 0xee97ee97, 0xe93de93d, 
	0xe535e535, 0xe194e194, 0xdd6bdd6b, 0xd939d939, 0xd7aed7ae, 0xd8f7d8f7, 0xd984d984, 0xd7a3d7a3, 
	0xd71fd71f, 0xdaaedaae, 0xdf1adf1a, 0xe144e144, 0xe24be24b, 0xe46fe46f, 0xe891e891, 0xee11ee11, 
	0xf25af25a, 0xf3ecf3ec, 0xf54ef54e, 0xf8d6f8d6, 0xfcccfccc, 0xff7fff7f, 0x018e018e, 0x02ae02ae, 
	0x02630263, 0x02e802e8, 0x05eb05eb, 0x089c089c, 0x08a008a0, 0x076b076b, 0x08610861, 0x0e170e17, 
	0x15691569, 0x18321832, 0x171f171f, 0x1a4a1a4a, 0x23b623b6, 0x2b852b85, 0x2d872d87, 0x2d7f2d7f, 
	0x2f802f80, 0x34203420, 0x39323932, 0x3aa53aa5, 0x372e372e, 0x33933393, 0x336b336b, 0x33723372, 
	0x30243024, 0x2a3b2a3b, 0x23312331, 0x1c841c84, 0x17591759, 0x12141214, 0x0a4d0a4d, 0x019f019f, 
	0xfa69fa69, 0xf2f9f2f9, 0xeb2eeb2e, 0xe63ae63a, 0xe349e349, 0xddcfddcf, 0xd711d711, 0xd42ed42e, 
	0xd4fdd4fd, 0xd61cd61c, 0xd5f7d5f7, 0xd4d7d4d7, 0xd4b7d4b7, 0xd8bbd8bb, 0xdf10df10, 0xe210e210, 
	0xe2d7e2d7, 0xe673e673, 0xec21ec21, 0xf061f061, 0xf3f1f3f1, 0xf823f823, 0xfb18fb18, 0xfcabfcab, 
	0xff34ff34, 0x02710271, 0x04a904a9, 0x05760576, 0x04dc04dc, 0x041b041b, 0x04d204d2, 0x066e066e, 
	0x066f066f, 0x04c204c2, 0x048c048c, 0x077d077d, 0x0ca70ca7, 0x114c114c, 0x13d913d9, 0x15f715f7, 
	0x1ac81ac8, 0x22ee22ee, 0x2a862a86, 0x2e282e28, 0x2f412f41, 0x31ba31ba, 0x36b236b2, 0x3b3d3b3d, 
	0x3c173c17, 0x39953995, 0x37163716, 0x365f365f, 0x350b350b, 0x30a230a2, 0x2ab52ab5, 0x248e248e, 
	0x1d831d83, 0x15f115f1, 0x0eb80eb8, 0x07270727, 0xfe17fe17, 0xf4fcf4fc, 0xeceaecea, 0xe58be58b, 
	0xdfd6dfd6, 0xdb94db94, 0xd656d656, 0xd0cad0ca, 0xce93ce93, 0xcf36cf36, 0xcfeacfea, 0xd056d056, 
	0xd196d196, 0xd3ecd3ec, 0xd73cd73c, 0xdc42dc42, 0xe194e194, 0xe562e562, 0xe8c5e8c5, 0xed72ed72, 
	0xf307f307, 0xf7e9f7e9, 0xfbb4fbb4, 0xfe55fe55, 0x007d007d, 0x03450345, 0x06130613, 0x07d507d5, 
	0x083f083f, 0x081b081b, 0x07e807e8, 0x07ae07ae, 0x07df07df, 0x082a082a, 0x07d907d9, 0x07ec07ec, 
	0x09900990, 0x0c370c37, 0x10481048, 0x15d115d1, 0x1a7e1a7e, 0x1dae1dae, 0x21cb21cb, 0x28222822, 
	0x2e932e93, 0x33533353, 0x36153615, 0x37263726, 0x385a385a, 0x3ab03ab0, 0x3bc63bc6, 0x39283928, 
	0x352f352f, 0x32343234, 0x2e2f2e2f, 0x27f727f7, 0x21412141, 0x1aed1aed, 0x13bf13bf, 0x0b0b0b0b, 
	0x01aa01aa, 0xf8fef8fe, 0xf1dcf1dc, 0xeb7beb7b, 0xe3e9e3e9, 0xdb59db59, 0xd580d580, 0xd31fd31f, 
	0xd0b8d0b8, 0xcd3fcd3f, 0xcaffcaff, 0xcb06cb06, 0xcc2dcc2d, 0xce83ce83, 0xd212d212, 0xd55ed55e, 
	0xd8aed8ae, 0xdd5add5a, 0xe259e259, 0xe719e719, 0xecd1ecd1, 0xf299f299, 0xf6b0f6b0, 0xf9e3f9e3, 
	0xfdc2fdc2, 0x01f801f8, 0x05b305b3, 0x084e084e, 0x08f208f2, 0x08870887, 0x09a609a6, 0x0c1c0c1c, 
	0x0cb80cb8, 0x0b200b20, 0x09790979, 0x097e097e, 0x0b7c0b7c, 0x0d8c0d8c, 0x0ddf0ddf, 0x0d3a0d3a, 
	0x0eee0eee, 0x14501450, 0x1a7a1a7a, 0x1e2f1e2f, 0x1fe71fe7, 0x23032303, 0x28a428a4, 0x2ebc2ebc, 
	0x33013301, 0x349a349a, 0x34b034b0, 0x35a335a3, 0x37b737b7, 0x38213821, 0x35a335a3, 0x31c931c9, 
	0x2da12da1, 0x28d128d1, 0x23512351, 0x1d6d1d6d, 0x163f163f, 0x0d8f0d8f, 0x04c204c2, 0xfc87fc87, 
	0xf4f9f4f9, 0xedfbedfb, 0xe68fe68f, 0xdebedebe, 0xd87ad87a, 0xd48cd48c, 0xd1aad1aa, 0xced8ced8, 
	0xcc91cc91, 0xcc0dcc0d, 0xcd44cd44, 0xcf6ccf6c, 0xd1ffd1ff, 0xd4fed4fe, 0xd90cd90c, 0xde09de09, 
	0xe36be36b, 0xe871e871, 0xed5fed5f, 0xf2c7f2c7, 0xf821f821, 0xfd2afd2a, 0x013d013d, 0x045d045d, 
	0x06f406f4, 0x09a609a6, 0x0c950c95, 0x0e6d0e6d, 0x0ecb0ecb, 0x0e570e57, 0x0e590e59, 0x0ed80ed8, 
	0x0f210f21, 0x0ef90ef9, 0x0edc0edc, 0x0f720f72, 0x0fbf0fbf, 0x10021002, 0x10e110e1, 0x12191219, 
	0x138d138d, 0x15821582, 0x17ea17ea, 0x1a1e1a1e, 0x1d2e1d2e, 0x21102110, 0x23e223e2, 0x25962596, 
	0x27b027b0, 0x29e729e7, 0x2b202b20, 0x2bbd2bbd, 0x2b822b82, 0x2a352a35, 0x28402840, 0x26022602, 
	0x22d022d0, 0x1e831e83, 0x1a0f1a0f, 0x14dd14dd, 0x0ebe0ebe, 0x08930893, 0x02b702b7, 0xfcdffcdf, 
	0xf6f3f6f3, 0xf120f120, 0xeb71eb71, 0xe67ae67a, 0xe262e262, 0xdeeddeed, 0xdc11dc11, 0xd9e8d9e8, 
	0xd8acd8ac, 0xd87cd87c, 0xd90fd90f, 0xda36da36, 0xdbeadbea, 0xde3ede3e, 0xe151e151, 0xe4a4e4a4, 
	0xe804e804, 0xeb5feb5f, 0xef4eef4e, 0xf3c7f3c7, 0xf759f759, 0xfa37fa37, 0xfd48fd48, 0x00b200b2, 
	0x04070407, 0x06c906c9, 0x08890889, 0x09c309c3, 0x0ba10ba1, 0x0dbb0dbb, 0x0ebf0ebf, 0x0e9f0e9f, 
	0x0ed40ed4, 0x0f9a0f9a, 0x10621062, 0x10dc10dc, 0x10c110c1, 0x10911091, 0x10ac10ac, 0x11241124, 
	0x11431143, 0x11031103, 0x111f111f, 0x11401140, 0x11381138, 0x11271127, 0x11ce11ce, 0x139a139a, 
	0x15081508, 0x15291529, 0x151f151f, 0x15d815d8, 0x174f174f, 0x184c184c, 0x17641764, 0x15df15df, 
	0x15751575, 0x15a015a0, 0x14ba14ba, 0x123f123f, 0x0f710f71, 0x0cf00cf0, 0x0ad70ad7, 0x08fc08fc, 
	0x05bc05bc, 0x013e013e, 0xfdbafdba, 0xfb96fb96, 0xf928f928, 0xf58bf58b, 0xf219f219, 0xef95ef95, 
	0xee0bee0b, 0xed17ed17, 0xeb55eb55, 0xe9aae9aa, 0xe951e951, 0xea0cea0c, 0xeb21eb21, 0xeb79eb79, 
	0xebb3ebb3, 0xece4ece4, 0xef17ef17, 0xf1b9f1b9, 0xf3e8f3e8, 0xf5a4f5a4, 0xf799f799, 0xf9ecf9ec, 
	0xfc85fc85, 0xff2dff2d, 0x01a001a0, 0x03f403f4, 0x05ab05ab, 0x06fb06fb, 0x08be08be, 0x0a910a91, 
	0x0beb0beb, 0x0cb90cb9, 0x0d010d01, 0x0cf90cf9, 0x0da20da2, 0x0ed60ed6, 0x0ea40ea4, 0x0d3d0d3d, 
	0x0d140d14, 0x0e120e12, 0x0dd60dd6, 0x0c9d0c9d, 0x0be10be1, 0x0b840b84, 0x0b4a0b4a, 0x0b180b18, 
	0x0aff0aff, 0x0bae0bae, 0x0d140d14, 0x0dd10dd1, 0x0dbf0dbf, 0x0e680e68, 0x0fe30fe3, 0x10a310a3, 
	0x105b105b, 0x10331033, 0x10981098, 0x11261126, 0x11381138, 0x0fe40fe4, 0x0ddf0ddf, 0x0ceb0ceb, 
	0x0c970c97, 0x0b3b0b3b, 0x082f082f, 0x04db04db, 0x02b402b4, 0x01420142, 0xffc3ffc3, 0xfce8fce8, 
	0xf910f910, 0xf6a3f6a3, 0xf5e4f5e4, 0xf510f510, 0xf2dff2df, 0xf096f096, 0xefdaefda, 0xeff3eff3, 
	0xf041f041, 0xf0a2f0a2, 0xf089f089, 0xf104f104, 0xf2b0f2b0, 0xf42ef42e, 0xf558f558, 0xf711f711, 
	0xf91af91a, 0xfad3fad3, 0xfca0fca0, 0xfebafeba, 0x00930093, 0x02340234, 0x04060406, 0x05590559, 
	0x05dc05dc, 0x06e206e2, 0x08550855, 0x09300930, 0x094c094c, 0x08b608b6, 0x08450845, 0x09030903, 
	0x09f809f8, 0x09330933, 0x078e078e, 0x073f073f, 0x07aa07aa, 0x07850785, 0x06c106c1, 0x05a305a3, 
	0x05190519, 0x05630563, 0x06670667, 0x08040804, 0x090a090a, 0x09210921, 0x09870987, 0x0b540b54, 
	0x0dbf0dbf, 0x0f400f40, 0x0f750f75, 0x0fa10fa1, 0x10d610d6, 0x12a112a1, 0x13b713b7, 0x12ce12ce, 
	0x11671167, 0x113b113b, 0x11301130, 0x10021002, 0x0dc10dc1, 0x0b500b50, 0x095b095b, 0x07930793, 
	0x05010501, 0x01b101b1, 0xfed9fed9, 0xfd11fd11, 0xfb3dfb3d, 0xf884f884, 0xf5b8f5b8, 0xf3d7f3d7, 
	0xf329f329, 0xf2bff2bf, 0xf1def1de, 0xf0acf0ac, 0xf005f005, 0xf0a9f0a9, 0xf1d9f1d9, 0xf2a9f2a9, 
	0xf34ef34e, 0xf48bf48b, 0xf62df62d, 0xf7d1f7d1, 0xf9bdf9bd, 0xfbf5fbf5, 0xfdccfdcc, 0xff2cff2c, 
	0x009d009d, 0x01f601f6, 0x033a033a, 0x04450445, 0x04dc04dc, 0x04ed04ed, 0x04e904e9, 0x051a051a, 
	0x05330533, 0x059e059e, 0x05d005d0, 0x053b053b, 0x04c204c2, 0x04e304e3, 0x04b804b8, 0x03d303d3, 
	0x03570357, 0x03510351, 0x03770377, 0x03de03de, 0x04a704a7, 0x06430643, 0x084e084e, 0x09f109f1, 
	0x0aef0aef, 0x0c6c0c6c, 0x0ecb0ecb, 0x10a810a8, 0x11b411b4, 0x12e712e7, 0x14601460, 0x15881588, 
	0x16471647, 0x16151615, 0x152c152c, 0x14901490, 0x13e413e4, 0x12701270, 0x102c102c, 0x0dcc0dcc, 
	0x0ba80ba8, 0x096d096d, 0x06f506f5, 0x03fc03fc, 0x00ac00ac, 0xfdd4fdd4, 0xfbccfbcc, 0xf9e9f9e9, 
	0xf750f750, 0xf474f474, 0xf2b2f2b2, 0xf212f212, 0xf192f192, 0xf0d4f0d4, 0xf024f024, 0xf00af00a, 
	0xf0a8f0a8, 0xf197f197, 0xf279f279, 0xf36bf36b, 0xf4c0f4c0, 0xf62df62d, 0xf7aaf7aa, 0xf9b3f9b3, 
	0xfbb1fbb1, 0xfceffcef, 0xfe05fe05, 0xff67ff67, 0x00c200c2, 0x01ee01ee, 0x02d702d7, 0x038c038c, 
	0x04640464, 0x05190519, 0x05970597, 0x05e505e5, 0x05d805d8, 0x05ed05ed, 0x06260626, 0x06300630, 
	0x05c405c4, 0x05300530, 0x050f050f, 0x056f056f, 0x05d505d5, 0x05830583, 0x04c004c0, 0x04c104c1, 
	0x06ce06ce, 0x09460946, 0x09ec09ec, 0x0a150a15, 0x0b490b49, 0x0d860d86, 0x0fd50fd5, 0x110e110e, 
	0x11301130, 0x11c111c1, 0x136e136e, 0x14f914f9, 0x14f414f4, 0x13bd13bd, 0x12fc12fc, 0x12ba12ba, 
	0x127f127f, 0x115c115c, 0x0ecc0ecc, 0x0c320c32, 0x0a360a36, 0x07e907e9, 0x04bc04bc, 0x016b016b, 
	0xfe64fe64, 0xfbfefbfe, 0xf9e4f9e4, 0xf765f765, 0xf4eef4ee, 0xf324f324, 0xf252f252, 0xf158f158, 
	0xf021f021, 0xefc0efc0, 0xefeeefee, 0xf04bf04b, 0xf0d2f0d2, 0xf17af17a, 0xf27df27d, 0xf415f415, 
	0xf5ecf5ec, 0xf771f771, 0xf8aff8af, 0xfa54fa54, 0xfc64fc64, 0xfe5afe5a, 0xfff9fff9, 0x01350135, 
	0x02400240, 0x032e032e, 0x04410441, 0x05290529, 0x05860586, 0x05e205e2, 0x063f063f, 0x06550655, 
	0x062a062a, 0x06240624, 0x06270627, 0x059d059d, 0x04d904d9, 0x04530453, 0x04370437, 0x04110411, 
	0x03b403b4, 0x036c036c, 0x03be03be, 0x05870587, 0x077f077f, 0x088b088b, 0x09300930, 0x0a5c0a5c, 
	0x0cc60cc6, 0x0f090f09, 0x105c105c, 0x11621162, 0x12961296, 0x13fd13fd, 0x151a151a, 0x15701570, 
	0x14931493, 0x13741374, 0x13121312, 0x12a712a7, 0x10f710f7, 0x0e320e32, 0x0b850b85, 0x09460946, 
	0x072a072a, 0x049a049a, 0x00e800e8, 0xfd69fd69, 0xfb45fb45, 0xf94cf94c, 0xf71af71a, 0xf4b8f4b8, 
	0xf2c8f2c8, 0xf1d8f1d8, 0xf134f134, 0xf0adf0ad, 0xf008f008, 0xeff3eff3, 0xf08df08d, 0xf128f128, 
	0xf1e3f1e3, 0xf30ef30e, 0xf4e0f4e0, 0xf6adf6ad, 0xf884f884, 0xfa6ffa6f, 0xfc3ffc3f, 0xfe4ffe4f, 
	0xfffefffe, 0x01460146, 0x02740274, 0x03b903b9, 0x04eb04eb, 0x055d055d, 0x05890589, 0x05ab05ab, 
	0x05e505e5, 0x06630663, 0x063e063e, 0x05520552, 0x04800480, 0x04690469, 0x04a804a8, 0x04320432, 
	0x03140314, 0x02870287, 0x02a802a8, 0x02f702f7, 0x03710371, 0x04220422, 0x05be05be, 0x07c207c2, 
	0x09530953, 0x0a950a95, 0x0be20be2, 0x0ddd0ddd, 0x0fd40fd4, 0x10f210f2, 0x119e119e, 0x12b712b7, 
	0x14661466, 0x15b315b3, 0x15841584, 0x14411441, 0x13921392, 0x136f136f, 0x12f612f6, 0x113a113a, 
	0x0e5e0e5e, 0x0c080c08, 0x0a230a23, 0x08100810, 0x05590559, 0x01d401d4, 0xfeb0feb0, 0xfc1dfc1d, 
	0xf9e0f9e0, 0xf78bf78b, 0xf4d3f4d3, 0xf2b0f2b0, 0xf16ef16e, 0xf0ddf0dd, 0xf048f048, 0xef6eef6e, 
	0xef32ef32, 0xefbfefbf, 0xf08af08a, 0xf140f140, 0xf29df29d, 0xf465f465, 0xf604f604, 0xf75ef75e, 
	0xf8d6f8d6, 0xfb08fb08, 0xfcfdfcfd, 0xfe93fe93, 0xffd1ffd1, 0x01020102, 0x026d026d, 0x03530353, 
	0x03b003b0, 0x038e038e, 0x03c503c5, 0x04820482, 0x04b504b5, 0x044c044c, 0x03ce03ce, 0x03920392, 
	0x03be03be, 0x03ce03ce, 0x034c034c, 0x02fe02fe, 0x031e031e, 0x035f035f, 0x03650365, 0x031a031a, 
	0x036c036c, 0x05210521, 0x075d075d, 0x087a087a, 0x09230923, 0x0aa20aa2, 0x0ccb0ccb, 0x0f1c0f1c, 
	0x10b810b8, 0x11651165, 0x121c121c, 0x13641364, 0x14a314a3, 0x15131513, 0x14ba14ba, 0x14081408, 
	0x13361336, 0x126f126f, 0x113b113b, 0x0f050f05, 0x0c280c28, 0x09980998, 0x07950795, 0x05520552, 
	0x02ab02ab, 0x00000000, 0xfd8dfd8d, 0xfb69fb69, 0xf94ef94e, 0xf747f747, 0xf593f593, 0xf42bf42b, 
	0xf2c2f2c2, 0xf176f176, 0xf101f101, 0xf156f156, 0xf1b7f1b7, 0xf1e7f1e7, 0xf22df22d, 0xf33ef33e, 
	0xf4f6f4f6, 0xf679f679, 0xf7bdf7bd, 0xf8d4f8d4, 0xfa1dfa1d, 0xfbd4fbd4, 0xfd97fd97, 0xff0aff0a, 
	0xffdaffda, 0x00be00be, 0x01d201d2, 0x02a902a9, 0x03740374, 0x03a003a0, 0x03b203b2, 0x04240424, 
	0x046b046b, 0x047c047c, 0x04510451, 0x044a044a, 0x042f042f, 0x03b403b4, 0x03580358, 0x03410341, 
	0x033e033e, 0x036c036c, 0x03d703d7, 0x04600460, 0x05e305e3, 0x08090809, 0x09770977, 0x09f909f9, 
	0x0a800a80, 0x0c710c71, 0x0eb10eb1, 0x0fd50fd5, 0x10531053, 0x108c108c, 0x11641164, 0x12c412c4, 
	0x134a134a, 0x12aa12aa, 0x11921192, 0x10df10df, 0x106d106d, 0x0f900f90, 0x0dfe0dfe, 0x0bee0bee, 
	0x09ec09ec, 0x081a081a, 0x06180618, 0x03930393, 0x00e800e8, 0xfe5ffe5f, 0xfc06fc06, 0xf9b8f9b8, 
	0xf7a7f7a7, 0xf64cf64c, 0xf50bf50b, 0xf3ccf3cc, 0xf2fdf2fd, 0xf269f269, 0xf22af22a, 0xf255f255, 
	0xf22ef22e, 0xf22af22a, 0xf2fbf2fb, 0xf427f427, 0xf590f590, 0xf6b1f6b1, 0xf811f811, 0xf9d7f9d7, 
	0xfb66fb66, 0xfd09fd09, 0xfe4cfe4c, 0xff5aff5a, 0x003d003d, 0x00dd00dd, 0x01860186, 0x01de01de, 
	0x02510251, 0x03570357, 0x03f803f8, 0x03c003c0, 0x03700370, 0x03a903a9, 0x04480448, 0x04600460, 
	0x03fa03fa, 0x03bb03bb, 0x041a041a, 0x04ef04ef, 0x05690569, 0x05b105b1, 0x06e106e1, 0x08cf08cf, 
	0x09f009f0, 0x0a900a90, 0x0b5c0b5c, 0x0cb90cb9, 0x0e5f0e5f, 0x0f5f0f5f, 0x10211021, 0x10961096, 
	0x11401140, 0x12091209, 0x12241224, 0x11bb11bb, 0x10e410e4, 0x0fea0fea, 0x0ead0ead, 0x0d100d10, 
	0x0b6d0b6d, 0x09c109c1, 0x07b107b1, 0x059a059a, 0x03ab03ab, 0x017f017f, 0xff4aff4a, 0xfd44fd44, 
	0xfba9fba9, 0xfa3ffa3f, 0xf899f899, 0xf708f708, 0xf611f611, 0xf562f562, 0xf493f493, 0xf3d4f3d4, 
	0xf39bf39b, 0xf441f441, 0xf552f552, 0xf608f608, 0xf64af64a, 0xf6e9f6e9, 0xf838f838, 0xf989f989, 
	0xfa4cfa4c, 0xfaedfaed, 0xfbcefbce, 0xfceafcea, 0xfde4fde4, 0xfed7fed7, 0x001f001f, 0x00c400c4, 
	0x010d010d, 0x01750175, 0x02090209, 0x028b028b, 0x02d502d5, 0x03b403b4, 0x04580458, 0x04ab04ab, 
	0x04c804c8, 0x05220522, 0x06100610, 0x06930693, 0x06810681, 0x069a069a, 0x08a908a9, 0x0b560b56, 
	0x0c560c56, 0x0c080c08, 0x0c520c52, 0x0e3f0e3f, 0x10281028, 0x11481148, 0x11781178, 0x118e118e, 
	0x124f124f, 0x12bf12bf, 0x124c124c, 0x115a115a, 0x10a210a2, 0x0fe00fe0, 0x0ecb0ecb, 0x0d0e0d0e, 
	0x0b050b05, 0x09590959, 0x07650765, 0x04ea04ea, 0x02510251, 0x003d003d, 0xfea7fea7, 0xfcdbfcdb, 
	0xfac0fac0, 0xf8b8f8b8, 0xf70af70a, 0xf5e4f5e4, 0xf4f3f4f3, 0xf3fcf3fc, 0xf349f349, 0xf305f305, 
	0xf341f341, 0xf3a6f3a6, 0xf3dff3df, 0xf403f403, 0xf4a1f4a1, 0xf5bcf5bc, 0xf6c1f6c1, 0xf7aaf7aa, 
	0xf8d1f8d1, 0xfa41fa41, 0xfb61fb61, 0xfc6cfc6c, 0xfda5fda5, 0xfeeffeef, 0xffedffed, 0x00420042, 
	0x00b100b1, 0x01550155, 0x022f022f, 0x030e030e, 0x03d503d5, 0x047a047a, 0x05090509, 0x05a205a2, 
	0x05d705d7, 0x068e068e, 0x07440744, 0x085b085b, 0x0b230b23, 0x0e400e40, 0x106a106a, 0x10f110f1, 
	0x11981198, 0x13481348, 0x147c147c, 0x14db14db, 0x153f153f, 0x16951695, 0x18021802, 0x17fa17fa, 
	0x16c216c2, 0x15a415a4, 0x14531453, 0x12991299, 0x10b810b8, 0x0e860e86, 0x0c510c51, 0x09c409c4, 
	0x06f406f4, 0x03f403f4, 0x00a600a6, 0xfd92fd92, 0xfb16fb16, 0xf927f927, 0xf753f753, 0xf513f513, 
	0xf2ccf2cc, 0xf191f191, 0xf12af12a, 0xf0c8f0c8, 0xf022f022, 0xefccefcc, 0xf0a5f0a5, 0xf22cf22c, 
	0xf31ff31f, 0xf36ef36e, 0xf43ef43e, 0xf5e0f5e0, 0xf78df78d, 0xf8adf8ad, 0xf9fbf9fb, 0xfbe3fbe3, 
	0xfd87fd87, 0xfe9efe9e, 0xffafffaf, 0x00cd00cd, 0x01fb01fb, 0x03440344, 0x03dc03dc, 0x04110411, 
	0x04a104a1, 0x057b057b, 0x063f063f, 0x06a706a7, 0x07030703, 0x076a076a, 0x088d088d, 0x0a6b0a6b, 
	0x0d300d30, 0x11c211c2, 0x17311731, 0x1bb81bb8, 0x1e561e56, 0x1fbb1fbb, 0x20ac20ac, 0x212b212b, 
	0x21652165, 0x217c217c, 0x21e821e8, 0x22882288, 0x21f521f5, 0x1f8f1f8f, 0x1c0d1c0d, 0x17d017d0, 
	0x132c132c, 0x0e9f0e9f, 0x0a540a54, 0x06330633, 0x02370237, 0xfe79fe79, 0xfab5fab5, 0xf678f678, 
	0xf1ecf1ec, 0xee5cee5c, 0xebdeebde, 0xe99ae99a, 0xe82fe82f, 0xe7d9e7d9, 0xe7f3e7f3, 0xe856e856, 
	0xe8f5e8f5, 0xe983e983, 0xea4bea4b, 0xebffebff, 0xee87ee87, 0xf183f183, 0xf462f462, 0xf6e7f6e7, 
	0xf9c5f9c5, 0xfc9afc9a, 0xfe9bfe9b, 0x00070007, 0x015c015c, 0x02b402b4, 0x03fc03fc, 0x053c053c, 
	0x06540654, 0x07150715, 0x07980798, 0x08370837, 0x08cb08cb, 0x08dc08dc, 0x08bf08bf, 0x08ca08ca, 
	0x08ca08ca, 0x091c091c, 0x0a160a16, 0x0c440c44, 0x113a113a, 0x187a187a, 0x1f871f87, 0x24df24df, 
	0x292a292a, 0x2cd82cd8, 0x2e762e76, 0x2e102e10, 0x2d342d34, 0x2d232d23, 0x2d422d42, 0x2c492c49, 
	0x2a582a58, 0x277a277a, 0x23642364, 0x1d6f1d6f, 0x158d158d, 0x0ce60ce6, 0x04f804f8, 0xfe82fe82, 
	0xf8c8f8c8, 0xf348f348, 0xee7bee7b, 0xea3aea3a, 0xe5aae5aa, 0xe135e135, 0xdd7edd7e, 0xdab6dab6, 
	0xd950d950, 0xd941d941, 0xda61da61, 0xdccfdccf, 0xdfb6dfb6, 0xe232e232, 0xe507e507, 0xe886e886, 
	0xec21ec21, 0xef9fef9f, 0xf32af32a, 0xf774f774, 0xfc8cfc8c, 0x01290129, 0x04cd04cd, 0x080c080c, 
	0x0a8e0a8e, 0x0c300c30, 0x0ce40ce4, 0x0cb00cb0, 0x0c850c85, 0x0cf50cf5, 0x0d830d83, 0x0da40da4, 
	0x0de90de9, 0x0e360e36, 0x0dc80dc8, 0x0c800c80, 0x0ab20ab2, 0x08f108f1, 0x083d083d, 0x0a450a45, 
	0x10a510a5, 0x1a8c1a8c, 0x24442444, 0x2d5b2d5b, 0x35e335e3, 0x3a823a82, 0x3b513b51, 0x3ad53ad5, 
	0x39cc39cc, 0x38293829, 0x36bf36bf, 0x355d355d, 0x32f032f0, 0x2fa32fa3, 0x2a852a85, 0x22ce22ce, 
	0x190a190a, 0x0da40da4, 0x019e019e, 0xf6e3f6e3, 0xee98ee98, 0xe83de83d, 0xe32de32d, 0xdec4dec4, 
	0xdadddadd, 0xd786d786, 0xd42dd42d, 0xd0d3d0d3, 0xce65ce65, 0xcdfecdfe, 0xd021d021, 0xd486d486, 
	0xda28da28, 0xe029e029, 0xe632e632, 0xec05ec05, 0xf12ef12e, 0xf538f538, 0xf8b2f8b2, 0xfcb2fcb2, 
	0x014e014e, 0x05ea05ea, 0x0a4e0a4e, 0x0e7e0e7e, 0x12191219, 0x141c141c, 0x14151415, 0x12b612b6, 
	0x10e210e2, 0x0f1a0f1a, 0x0dc70dc7, 0x0d5b0d5b, 0x0d390d39, 0x0ccf0ccf, 0x0c380c38, 0x0b1c0b1c, 
	0x092e092e, 0x06de06de, 0x052f052f, 0x05870587, 0x0a080a08, 0x12a712a7, 0x1cc91cc9, 0x26d626d6, 
	0x306f306f, 0x38353835, 0x3bc23bc2, 0x3b193b19, 0x380f380f, 0x343e343e, 0x30f330f3, 0x2e5e2e5e, 
	0x2bb32bb3, 0x285c285c, 0x24be24be, 0x1fe11fe1, 0x17ed17ed, 0x0cf20cf2, 0x00df00df, 0xf5b5f5b5, 
	0xebbbebbb, 0xe31ae31a, 0xdcfadcfa, 0xd9d9d9d9, 0xd845d845, 0xd67dd67d, 0xd46ad46a, 0xd28ad28a, 
	0xd0ecd0ec, 0xd002d002, 0xd105d105, 0xd450d450, 0xd91cd91c, 0xdf6ddf6d, 0xe757e757, 0xeef8eef8, 
	0xf4cdf4cd, 0xf9aef9ae, 0xfe2dfe2d, 0x01b201b2, 0x04890489, 0x07ae07ae, 0x0b430b43, 0x0eea0eea, 
	0x12591259, 0x151d151d, 0x16b016b0, 0x16e716e7, 0x15a515a5, 0x12d812d8, 0x0fa20fa2, 0x0dae0dae, 
	0x0cdc0cdc, 0x0be90be9, 0x0b2e0b2e, 0x0b370b37, 0x0aa10aa1, 0x087f087f, 0x06640664, 0x06700670, 
	0x09fa09fa, 0x10ee10ee, 0x19651965, 0x22d922d9, 0x2da42da4, 0x37063706, 0x3bc43bc4, 0x3c9f3c9f, 
	0x3ba93ba9, 0x38a038a0, 0x33b733b7, 0x2ecb2ecb, 0x2aa92aa9, 0x27042704, 0x23862386, 0x1f301f30, 
	0x18c418c4, 0x0ff70ff7, 0x053b053b, 0xf9bdf9bd, 0xeec6eec6, 0xe4aee4ae, 0xdc0fdc0f, 0xd665d665, 
	0xd40ad40a, 0xd343d343, 0xd280d280, 0xd1dfd1df, 0xd1a0d1a0, 0xd148d148, 0xd0f6d0f6, 0xd1a4d1a4, 
	0xd41ad41a, 0xd889d889, 0xdededede, 0xe659e659, 0xedb4edb4, 0xf4bcf4bc, 0xfb20fb20, 0xff96ff96, 
	0x02600260, 0x05080508, 0x07dd07dd, 0x0aae0aae, 0x0df70df7, 0x11971197, 0x148c148c, 0x163c163c, 
	0x16d116d1, 0x166b166b, 0x14b314b3, 0x11d311d3, 0x0ef50ef5, 0x0cd40cd4, 0x0b180b18, 0x09c109c1, 
	0x092a092a, 0x08e908e9, 0x086c086c, 0x08a308a3, 0x0c130c13, 0x13a713a7, 0x1c8f1c8f, 0x24dd24dd, 
	0x2e4a2e4a, 0x37c637c6, 0x3cb53cb5, 0x3d703d70, 0x3dc63dc6, 0x3d023d02, 0x38e538e5, 0x331b331b, 
	0x2d992d99, 0x27ec27ec, 0x22192219, 0x1c641c64, 0x157a157a, 0x0c810c81, 0x025f025f, 0xf7d6f7d6, 
	0xecceecce, 0xe1c3e1c3, 0xd83dd83d, 0xd170d170, 0xcd3acd3a, 0xcb05cb05, 0xcac4cac4, 0xcc0ccc0c, 
	0xcdabcdab, 0xcf06cf06, 0xd09dd09d, 0xd2cfd2cf, 0xd5aad5aa, 0xd9cdd9cd, 0xdfa5dfa5, 0xe680e680, 
	0xed86ed86, 0xf4b3f4b3, 0xfbfafbfa, 0x02610261, 0x06fc06fc, 0x09fd09fd, 0x0c260c26, 0x0e1d0e1d, 
	0x102c102c, 0x12261226, 0x13d513d5, 0x152f152f, 0x16001600, 0x16211621, 0x15ab15ab, 0x149b149b, 
	0x12c212c2, 0x10051005, 0x0cbd0cbd, 0x0a010a01, 0x08880888, 0x07c007c0, 0x079b079b, 0x09690969, 
	0x0dfe0dfe, 0x14dd14dd, 0x1d131d13, 0x26072607, 0x2faf2faf, 0x38793879, 0x3d073d07, 0x3da53da5, 
	0x3dcd3dcd, 0x3d253d25, 0x39463946, 0x338a338a, 0x2d9e2d9e, 0x26f126f1, 0x1ff21ff2, 0x193d193d, 
	0x12151215, 0x09ec09ec, 0x00f800f8, 0xf795f795, 0xee07ee07, 0xe45ee45e, 0xdb87db87, 0xd4ccd4cc, 
	0xcfb0cfb0, 0xcb98cb98, 0xc92dc92d, 0xc8c3c8c3, 0xc9e7c9e7, 0xcc57cc57, 0xcf59cf59, 0xd271d271, 
	0xd658d658, 0xdb69db69, 0xe156e156, 0xe7a8e7a8, 0xede7ede7, 0xf42ff42f, 0xfb07fb07, 0x01cd01cd, 
	0x078e078e, 0x0c520c52, 0x100e100e, 0x12b812b8, 0x14c314c3, 0x165c165c, 0x17011701, 0x16da16da, 
	0x16b616b6, 0x16761676, 0x15191519, 0x12c412c4, 0x10da10da, 0x0f480f48, 0x0cd40cd4, 0x09650965, 
	0x06200620, 0x03d403d4, 0x02940294, 0x02340234, 0x03520352, 0x07100710, 0x0d790d79, 0x16151615, 
	0x1ff81ff8, 0x298c298c, 0x32023202, 0x38eb38eb, 0x3cac3cac, 0x3d593d59, 0x3d083d08, 0x3b543b54, 
	0x36a936a9, 0x2fef2fef, 0x28a128a1, 0x20d720d7, 0x18c218c2, 0x108a108a, 0x085a085a, 0x009a009a, 
	0xf8d0f8d0, 0xf053f053, 0xe7d5e7d5, 0xe020e020, 0xd917d917, 0xd2c7d2c7, 0xcd5fcd5f, 0xc948c948, 
	0xc745c745, 0xc7a5c7a5, 0xc9dcc9dc, 0xcd4fcd4f, 0xd1dfd1df, 0xd785d785, 0xddf9ddf9, 0xe4ade4ad, 
	0xeb63eb63, 0xf1d6f1d6, 0xf7cff7cf, 0xfd53fd53, 0x02600260, 0x06ac06ac, 0x0a600a60, 0x0e0a0e0a, 
	0x11811181, 0x146e146e, 0x166a166a, 0x17711771, 0x17e117e1, 0x17fe17fe, 0x17451745, 0x15661566, 
	0x12d412d4, 0x102f102f, 0x0dea0dea, 0x0ba10ba1, 0x092a092a, 0x06ee06ee, 0x05bf05bf, 0x059f059f, 
	0x067f067f, 0x08510851, 0x0a850a85, 0x0dbb0dbb, 0x13381338, 0x1a821a82, 0x21852185, 0x28512851, 
	0x30323032, 0x38a238a2, 0x3df43df4, 0x3eac3eac, 0x3e623e62, 0x3dd23dd2, 0x39753975, 0x30cc30cc, 
	0x270b270b, 0x1ccd1ccd, 0x12411241, 0x08b008b0, 0x00290029, 0xf87df87d, 0xf298f298, 0xee55ee55, 
	0xe929e929, 0xe2b8e2b8, 0xdc48dc48, 0xd683d683, 0xd0a1d0a1, 0xcad1cad1, 0xc6b9c6b9, 0xc515c515, 
	0xc5c0c5c0, 0xc8dec8de, 0xce97ce97, 0xd53dd53d, 0xdc84dc84, 0xe4b8e4b8, 0xed0eed0e, 0xf411f411, 
	0xf97df97d, 0xfe2cfe2c, 0x024d024d, 0x05f305f3, 0x09180918, 0x0c7b0c7b, 0x0fd90fd9, 0x12c512c5, 
	0x154c154c, 0x17831783, 0x18c718c7, 0x18cd18cd, 0x18191819, 0x164f164f, 0x136c136c, 0x0f860f86, 
	0x0bb00bb0, 0x08c608c6, 0x06aa06aa, 0x04db04db, 0x03a403a4, 0x03810381, 0x048a048a, 0x06880688, 
	0x086f086f, 0x0ae10ae1, 0x0f1c0f1c, 0x15501550, 0x1c581c58, 0x23da23da, 0x2c212c21, 0x34b734b7, 
	0x3b3a3b3a, 0x3d4e3d4e, 0x3d463d46, 0x3d8a3d8a, 0x3b4d3b4d, 0x339b339b, 0x294c294c, 0x1e7a1e7a, 
	0x12e912e9, 0x07bb07bb, 0xfe65fe65, 0xf736f736, 0xf1adf1ad, 0xed27ed27, 0xe862e862, 0xe35fe35f, 
	0xde6dde6d, 0xd9c6d9c6, 0xd4d0d4d0, 0xcf96cf96, 0xcb28cb28, 0xc8b6c8b6, 0xc8c4c8c4, 0xca9eca9e, 
	0xceb7ceb7, 0xd511d511, 0xdd1bdd1b, 0xe5bde5bd, 0xee89ee89, 0xf66ef66e, 0xfc9cfc9c, 0x01980198, 
	0x05d805d8, 0x097e097e, 0x0c0c0c0c, 0x0e510e51, 0x109b109b, 0x131f131f, 0x153b153b, 0x16d916d9, 
	0x18211821, 0x18911891, 0x18321832, 0x16af16af, 0x143a143a, 0x11161116, 0x0e680e68, 0x0c3b0c3b, 
	0x0a720a72, 0x08ac08ac, 0x077d077d, 0x07ad07ad, 0x08490849, 0x09360936, 0x0a6a0a6a, 0x0cdb0cdb, 
	0x10dd10dd, 0x16861686, 0x1d411d41, 0x24932493, 0x2c962c96, 0x35143514, 0x3b253b25, 0x3bf93bf9, 
	0x3b9d3b9d, 0x3bc83bc8, 0x389f389f, 0x30343034, 0x257c257c, 0x1a6c1a6c, 0x0f5c0f5c, 0x05400540, 
	0xfc1dfc1d, 0xf42df42d, 0xed97ed97, 0xe8a9e8a9, 0xe400e400, 0xdf48df48, 0xdafddafd, 0xd73bd73b, 
	0xd3a0d3a0, 0xcfb9cfb9, 0xcc7bcc7b, 0xca91ca91, 0xca9fca9f, 0xcc6ecc6e, 0xd01ed01e, 0xd550d550, 
	0xdbdddbdd, 0xe3a2e3a2, 0xebc1ebc1, 0xf352f352, 0xf9eaf9ea, 0xfff5fff5, 0x04c004c0, 0x088a088a, 
	0x0b8b0b8b, 0x0dd20dd2, 0x0f6d0f6d, 0x10e810e8, 0x12ee12ee, 0x150b150b, 0x16511651, 0x16a316a3, 
	0x16f816f8, 0x16ad16ad, 0x15ab15ab, 0x14251425, 0x123c123c, 0x10261026, 0x0e7d0e7d, 0x0d950d95, 
	0x0ce90ce9, 0x0c7d0c7d, 0x0c810c81, 0x0d5d0d5d, 0x0eb50eb5, 0x105a105a, 0x121d121d, 0x14ef14ef, 
	0x195d195d, 0x1ec91ec9, 0x24c524c5, 0x2af02af0, 0x310d310d, 0x35f035f0, 0x393a393a, 0x3a9e3a9e, 
	0x39623962, 0x34853485, 0x2d032d03, 0x24022402, 0x197d197d, 0x0e680e68, 0x03e803e8, 0xfa8dfa8d, 
	0xf212f212, 0xebc1ebc1, 0xe763e763, 0xe3c1e3c1, 0xe094e094, 0xde21de21, 0xdbbadbba, 0xd86bd86b, 
	0xd4f0d4f0, 0xd1efd1ef, 0xd00cd00c, 0xceeeceee, 0xcf84cf84, 0xd20cd20c, 0xd62ed62e, 0xdc08dc08, 
	0xe371e371, 0xeb7deb7d, 0xf2aef2ae, 0xf985f985, 0xffc9ffc9, 0x04f204f2, 0x08770877, 0x0b0b0b0b, 
	0x0cfe0cfe, 0x0e780e78, 0x0fcc0fcc, 0x10a010a0, 0x11561156, 0x11d311d3, 0x12ce12ce, 0x13661366, 
	0x13251325, 0x12a512a5, 0x123b123b, 0x11791179, 0x10221022, 0x0ef00ef0, 0x0e2d0e2d, 0x0e250e25, 
	0x0dc50dc5, 0x0daa0daa, 0x0e220e22, 0x0f010f01, 0x10361036, 0x11591159, 0x12f012f0, 0x15901590, 
	0x19481948, 0x1d471d47, 0x223f223f, 0x28192819, 0x2dfb2dfb, 0x328e328e, 0x359a359a, 0x37603760, 
	0x36773677, 0x324f324f, 0x2b372b37, 0x22172217, 0x17641764, 0x0c630c63, 0x01cd01cd, 0xf82bf82b, 
	0xf052f052, 0xea8aea8a, 0xe67de67d, 0xe380e380, 0xe199e199, 0xe023e023, 0xdeb2deb2, 0xdcbddcbd, 
	0xda78da78, 0xd844d844, 0xd62dd62d, 0xd4b8d4b8, 0xd4c6d4c6, 0xd6bfd6bf, 0xda31da31, 0xdf57df57, 
	0xe624e624, 0xedc8edc8, 0xf4faf4fa, 0xfbc8fbc8, 0x024c024c, 0x07820782, 0x0acc0acc, 0x0cd40cd4, 
	0x0e610e61, 0x0f2f0f2f, 0x0f8a0f8a, 0x10061006, 0x10b510b5, 0x11341134, 0x12031203, 0x13171317, 
	0x13af13af, 0x13b013b0, 0x138a138a, 0x132f132f, 0x122b122b, 0x11261126, 0x10511051, 0x0f8c0f8c, 
	0x0ef90ef9, 0x0f010f01, 0x0f290f29, 0x0f0c0f0c, 0x0f230f23, 0x0f950f95, 0x0ff80ff8, 0x102d102d, 
	0x11a611a6, 0x14341434, 0x17091709, 0x1abc1abc, 0x20532053, 0x26862686, 0x2b492b49, 0x2ecb2ecb, 
	0x315e315e, 0x31eb31eb, 0x2ef52ef5, 0x295f295f, 0x21da21da, 0x18981898, 0x0e5a0e5a, 0x04490449, 
	0xfb09fb09, 0xf2def2de, 0xed02ed02, 0xe95be95b, 0xe6e7e6e7, 0xe4d4e4d4, 0xe3ace3ac, 0xe2e4e2e4, 
	0xe116e116, 0xde7dde7d, 0xdbf6dbf6, 0xd99cd99c, 0xd760d760, 0xd69cd69c, 0xd778d778, 0xd9dbd9db, 
	0xde35de35, 0xe4c6e4c6, 0xec54ec54, 0xf366f366, 0xfaa4faa4, 0x01da01da, 0x074b074b, 0x0a650a65, 
	0x0cc10cc1, 0x0e810e81, 0x0f100f10, 0x0edf0edf, 0x0ef30ef3, 0x0fb90fb9, 0x10661066, 0x11591159, 
	0x12c712c7, 0x13f813f8, 0x14a714a7, 0x15371537, 0x15451545, 0x14641464, 0x13081308, 0x11b111b1, 
	0x10ab10ab, 0x0f610f61, 0x0e510e51, 0x0e2b0e2b, 0x0e290e29, 0x0dbe0dbe, 0x0d4b0d4b, 0x0cfc0cfc, 
	0x0d1c0d1c, 0x0e780e78, 0x10a910a9, 0x134a134a, 0x173d173d, 0x1d141d14, 0x23842384, 0x28d328d3, 
	0x2d2a2d2a, 0x308a308a, 0x31633163, 0x2ec72ec7, 0x29882988, 0x226a226a, 0x19a219a2, 0x0fd60fd6, 
	0x06150615, 0xfd8efd8e, 0xf684f684, 0xf120f120, 0xed85ed85, 0xeae8eae8, 0xe8d3e8d3, 0xe75de75d, 
	0xe5f0e5f0, 0xe34de34d, 0xdfcadfca, 0xdca3dca3, 0xda11da11, 0xd7b7d7b7, 0xd654d654, 0xd70dd70d, 
	0xd9bdd9bd, 0xde30de30, 0xe415e415, 0xeb09eb09, 0xf25ff25f, 0xf981f981, 0xfffcfffc, 0x05390539, 
	0x092e092e, 0x0c230c23, 0x0e350e35, 0x0f380f38, 0x0feb0feb, 0x10ed10ed, 0x12281228, 0x13671367, 
	0x14b714b7, 0x161f161f, 0x17151715, 0x17871787, 0x17501750, 0x16551655, 0x14b414b4, 0x12f012f0, 
	0x11791179, 0x10171017, 0x0ec40ec4, 0x0e030e03, 0x0dee0dee, 0x0dd40dd4, 0x0db10db1, 0x0dab0dab, 
	0x0dae0dae, 0x0df80df8, 0x0f300f30, 0x11871187, 0x146c146c, 0x18811881, 0x1e921e92, 0x25322532, 
	0x2abd2abd, 0x2f532f53, 0x32cf32cf, 0x33d133d1, 0x31543154, 0x2bda2bda, 0x24822482, 0x1bb31bb3, 
	0x11fe11fe, 0x08870887, 0x00060006, 0xf927f927, 0xf41ef41e, 0xf04af04a, 0xed1ded1d, 0xea3bea3b, 
	0xe777e777, 0xe446e446, 0xe04ce04c, 0xdbd5dbd5, 0xd7a4d7a4, 0xd44bd44b, 0xd241d241, 0xd1c6d1c6, 
	0xd32ed32e, 0xd703d703, 0xdc9ddc9d, 0xe308e308, 0xe9aee9ae, 0xf095f095, 0xf72df72d, 0xfc9bfc9b, 
	0x00f300f3, 0x04940494, 0x07aa07aa, 0x0a3c0a3c, 0x0cc70cc7, 0x0f240f24, 0x116f116f, 0x13df13df, 
	0x165a165a, 0x18591859, 0x196b196b, 0x19ea19ea, 0x19ba19ba, 0x18c918c9, 0x16e316e3, 0x14771477, 
	0x11f811f8, 0x0fe30fe3, 0x0e6e0e6e, 0x0d480d48, 0x0cb90cb9, 0x0cd50cd5, 0x0d500d50, 0x0d740d74, 
	0x0d4a0d4a, 0x0ca00ca0, 0x0b900b90, 0x0a7f0a7f, 0x0a360a36, 0x0bb60bb6, 0x0ec70ec7, 0x13741374, 
	0x1a061a06, 0x22272227, 0x2a212a21, 0x30d230d2, 0x35a935a9, 0x37bc37bc, 0x36383638, 0x31393139, 
	0x29c829c8, 0x20b120b1, 0x17401740, 0x0e360e36, 0x06560656, 0xfff2fff2, 0xfb03fb03, 0xf74ff74f, 
	0xf3f8f3f8, 0xf051f051, 0xec00ec00, 0xe70fe70f, 0xe173e173, 0xdbc8dbc8, 0xd678d678, 0xd25ed25e, 
	0xd041d041, 0xd041d041, 0xd281d281, 0xd692d692, 0xdc13dc13, 0xe281e281, 0xe948e948, 0xef90ef90, 
	0xf510f510, 0xf9d3f9d3, 0xfe03fe03, 0x01a201a2, 0x04ad04ad, 0x07d807d8, 0x0b560b56, 0x0efb0efb, 
	0x125d125d, 0x15501550, 0x17dd17dd, 0x19ba19ba, 0x1a781a78, 0x19da19da, 0x18271827, 0x15f415f4, 
	0x13751375, 0x10cb10cb, 0x0ea40ea4, 0x0d4d0d4d, 0x0cb50cb5, 0x0cf50cf5, 0x0e080e08, 0x0f1b0f1b, 
	0x0f920f92, 0x0f930f93, 0x0f280f28, 0x0dd00dd0, 0x0bdf0bdf, 0x0a340a34, 0x09550955, 0x0a740a74, 
	0x0de50de5, 0x13311331, 0x1a131a13, 0x22812281, 0x2b3f2b3f, 0x325f325f, 0x36f836f8, 0x38dc38dc, 
	0x37fe37fe, 0x34003400, 0x2d862d86, 0x25752575, 0x1d361d36, 0x15b615b6, 0x0edd0edd, 0x08d408d4, 
	0x039a039a, 0xfef8fef8, 0xfa14fa14, 0xf46af46a, 0xedbdedbd, 0xe65ce65c, 0xded6ded6, 0xd7e7d7e7, 
	0xd1f2d1f2, 0xcd82cd82, 0xcbb2cbb2, 0xcc79cc79, 0xcf86cf86, 0xd3fad3fa, 0xd927d927, 0xded0ded0, 
	0xe4aae4aa, 0xe9d7e9d7, 0xee05ee05, 0xf216f216, 0xf694f694, 0xfb49fb49, 0xffdfffdf, 0x04fb04fb, 
	0x0a600a60, 0x0f6e0f6e, 0x13ee13ee, 0x17ad17ad, 0x1a161a16, 0x1b281b28, 0x1b6d1b6d, 0x1a461a46, 
	0x17ed17ed, 0x15411541, 0x12c712c7, 0x105b105b, 0x0e530e53, 0x0d180d18, 0x0c790c79, 0x0c500c50, 
	0x0c6d0c6d, 0x0cbf0cbf, 0x0cb50cb5, 0x0c750c75, 0x0c190c19, 0x0b620b62, 0x0a3d0a3d, 0x091f091f, 
	0x089b089b, 0x08730873, 0x09390939, 0x0c140c14, 0x10cb10cb, 0x16361636, 0x1c671c67, 0x23712371, 
	0x2a172a17, 0x2ee72ee7, 0x31673167, 0x31c331c3, 0x2ff02ff0, 0x2c242c24, 0x26e826e8, 0x20e220e2, 
	0x1afa1afa, 0x15dd15dd, 0x11411141, 0x0cae0cae, 0x07e307e3, 0x03150315, 0xfda0fda0, 0xf6b0f6b0, 
	0xeee2eee2, 0xe773e773, 0xe0f4e0f4, 0xdb5adb5a, 0xd76bd76b, 0xd583d583, 0xd587d587, 0xd706d706, 
	0xd9aad9aa, 0xdcdadcda, 0xdfecdfec, 0xe323e323, 0xe688e688, 0xea2eea2e, 0xedd2edd2, 0xf1d7f1d7, 
	0xf662f662, 0xfb39fb39, 0x00250025, 0x05220522, 0x09bf09bf, 0x0d100d10, 0x0fd30fd3, 0x11fd11fd, 
	0x133c133c, 0x13aa13aa, 0x13e513e5, 0x13ed13ed, 0x13261326, 0x11f611f6, 0x10c610c6, 0x0f810f81, 
	0x0dbc0dbc, 0x0c690c69, 0x0bad0bad, 0x0b560b56, 0x0b740b74, 0x0c1d0c1d, 0x0d320d32, 0x0dc70dc7, 
	0x0ddb0ddb, 0x0d5a0d5a, 0x0c570c57, 0x0a900a90, 0x089c089c, 0x07160716, 0x06d006d0, 0x09080908, 
	0x0d0b0d0b, 0x12151215, 0x17ec17ec, 0x1e921e92, 0x244b244b, 0x27b327b3, 0x28e528e5, 0x28402840, 
	0x260f260f, 0x22cf22cf, 0x1fdd1fdd, 0x1d3e1d3e, 0x1aea1aea, 0x18f618f6, 0x17091709, 0x13f113f1, 
	0x0f460f46, 0x098f098f, 0x02760276, 0xfa88fa88, 0xf28ff28f, 0xeb85eb85, 0xe5ade5ad, 0xe15be15b, 
	0xdf0ddf0d, 0xde14de14, 0xddc8ddc8, 0xde23de23, 0xdef6def6, 0xdf8cdf8c, 0xe02ae02a, 0xe128e128, 
	0xe310e310, 0xe618e618, 0xea08ea08, 0xeedeeede, 0xf436f436, 0xf9d7f9d7, 0xff2aff2a, 0x03870387, 
	0x06d306d3, 0x097d097d, 0x0b960b96, 0x0d0a0d0a, 0x0e220e22, 0x0f520f52, 0x10921092, 0x112e112e, 
	0x112f112f, 0x10611061, 0x0eaf0eaf, 0x0cb30cb3, 0x0b030b03, 0x09600960, 0x07d107d1, 0x074c074c, 
	0x07d607d6, 0x08b408b4, 0x09450945, 0x098b098b, 0x09550955, 0x087e087e, 0x071d071d, 0x05610561, 
	0x040e040e, 0x03ab03ab, 0x045c045c, 0x05d005d0, 0x08a408a4, 0x0d270d27, 0x124b124b, 0x17191719, 
	0x1b3a1b3a, 0x1eee1eee, 0x21cb21cb, 0x235a235a, 0x23b723b7, 0x23742374, 0x23152315, 0x229d229d, 
	0x21e321e3, 0x207d207d, 0x1e711e71, 0x1bb41bb4, 0x17e717e7, 0x12b312b3, 0x0c5e0c5e, 0x05d705d7, 
	0xffa0ffa0, 0xf9cff9cf, 0xf429f429, 0xef5bef5b, 0xebf2ebf2, 0xe91fe91f, 0xe650e650, 0xe3d8e3d8, 
	0xe222e222, 0xe0bee0be, 0xe00ae00a, 0xe070e070, 0xe17be17b, 0xe36be36b, 0xe6d4e6d4, 0xeb41eb41, 
	0xef70ef70, 0xf35ef35e, 0xf797f797, 0xfbc2fbc2, 0xff62ff62, 0x02920292, 0x05640564, 0x07ce07ce, 
	0x0a340a34, 0x0c640c64, 0x0df20df2, 0x0ec90ec9, 0x0f0e0f0e, 0x0ee80ee8, 0x0e750e75, 0x0df00df0, 
	0x0d660d66, 0x0cd80cd8, 0x0c8c0c8c, 0x0c6d0c6d, 0x0c030c03, 0x0b590b59, 0x0a730a73, 0x09390939, 
	0x07da07da, 0x069a069a, 0x055d055d, 0x045e045e, 0x04050405, 0x040a040a, 0x040e040e, 0x04340434, 
	0x04d704d7, 0x05a405a4, 0x071e071e, 0x09b109b1, 0x0c9a0c9a, 0x0f8d0f8d, 0x12bd12bd, 0x164a164a, 
	0x195e195e, 0x1bb51bb5, 0x1d831d83, 0x1ec21ec2, 0x1f861f86, 0x1fd51fd5, 0x1f911f91, 0x1e6c1e6c, 
	0x1c931c93, 0x1a0d1a0d, 0x16ee16ee, 0x13051305, 0x0e8a0e8a, 0x0a1b0a1b, 0x05a205a2, 0x01230123, 
	0xfc96fc96, 0xf822f822, 0xf3bff3bf, 0xefadefad, 0xec23ec23, 0xe8a9e8a9, 0xe5ace5ac, 0xe3dde3dd, 
	0xe353e353, 0xe37ee37e, 0xe436e436, 0xe5bce5bc, 0xe7f0e7f0, 0xeaa3eaa3, 0xed6ced6c, 0xf04ef04e, 
	0xf34ef34e, 0xf69cf69c, 0xfa20fa20, 0xfd6efd6e, 0x008a008a, 0x034c034c, 0x05930593, 0x07260726, 
	0x084b084b, 0x090c090c, 0x096b096b, 0x09cf09cf, 0x0a570a57, 0x0ae40ae4, 0x0b2c0b2c, 0x0b780b78, 
	0x0b6e0b6e, 0x0afa0afa, 0x0a2e0a2e, 0x08f008f0, 0x07ad07ad, 0x06ba06ba, 0x06280628, 0x05790579, 
	0x05190519, 0x05450545, 0x05740574, 0x05160516, 0x04730473, 0x03eb03eb, 0x036a036a, 0x03480348, 
	0x03710371, 0x04ad04ad, 0x07720772, 0x0b0a0b0a, 0x0e3d0e3d, 0x10ee10ee, 0x13b813b8, 0x161d161d, 
	0x17c117c1, 0x18a218a2, 0x195d195d, 0x19ea19ea, 0x1aa01aa0, 0x1b621b62, 0x1b491b49, 0x1a351a35, 
	0x18931893, 0x16d816d8, 0x144d144d, 0x11071107, 0x0d640d64, 0x099c099c, 0x05da05da, 0x02540254, 
	0xfeb4feb4, 0xfa57fa57, 0xf670f670, 0xf384f384, 0xf0dcf0dc, 0xee0bee0b, 0xec04ec04, 0xeb00eb00, 
	0xea6aea6a, 0xea62ea62, 0xeacdeacd, 0xeb70eb70, 0xec47ec47, 0xede3ede3, 0xefbbefbb, 0xf188f188, 
	0xf3c5f3c5, 0xf648f648, 0xf8aef8ae, 0xfb05fb05, 0xfd9afd9a, 0xffb6ffb6, 0x010a010a, 0x024e024e, 
	0x03d403d4, 0x04f604f6, 0x05e005e0, 0x07020702, 0x080f080f, 0x08c308c3, 0x094b094b, 0x09ba09ba, 
	0x097a097a, 0x08f008f0, 0x08700870, 0x07a707a7, 0x06ae06ae, 0x06060606, 0x05970597, 0x04f004f0, 
	0x044d044d, 0x03f003f0, 0x03b303b3, 0x03420342, 0x02e002e0, 0x02960296, 0x02980298, 0x03270327, 
	0x03da03da, 0x04690469, 0x05470547, 0x07690769, 0x09cf09cf, 0x0b260b26, 0x0c4e0c4e, 0x0e820e82, 
	0x11431143, 0x13931393, 0x15791579, 0x16c416c4, 0x17951795, 0x18c018c0, 0x199e199e, 0x18b518b5, 
	0x16bf16bf, 0x15801580, 0x14981498, 0x12e412e4, 0x10a310a3, 0x0de10de1, 0x0aa70aa7, 0x07bb07bb, 
	0x04e804e8, 0x01020102, 0xfc9dfc9d, 0xf939f939, 0xf6b9f6b9, 0xf466f466, 0xf235f235, 0xf0a3f0a3, 
	0xef62ef62, 0xeed2eed2, 0xef04ef04, 0xeeb1eeb1, 0xee1eee1e, 0xee68ee68, 0xefb9efb9, 0xf10ff10f, 
	0xf24ef24e, 0xf3e1f3e1, 0xf5bcf5bc, 0xf7cff7cf, 0xf9cff9cf, 0xfb43fb43, 0xfc18fc18, 0xfd70fd70, 
	0xff3eff3e, 0x00ba00ba, 0x021b021b, 0x03b103b1, 0x053c053c, 0x06790679, 0x07750775, 0x07d207d2, 
	0x07930793, 0x07510751, 0x07610761, 0x07640764, 0x06f706f7, 0x06600660, 0x06070607, 0x05c005c0, 
	0x053a053a, 0x045e045e, 0x037b037b, 0x02db02db, 0x02700270, 0x02370237, 0x01e501e5, 0x01ac01ac, 
	0x01c401c4, 0x021b021b, 0x026c026c, 0x02cd02cd, 0x033c033c, 0x04390439, 0x069d069d, 0x08fd08fd, 
	0x0a420a42, 0x0b6a0b6a, 0x0df60df6, 0x10b810b8, 0x121e121e, 0x12d712d7, 0x13691369, 0x142a142a, 
	0x14ff14ff, 0x15891589, 0x14aa14aa, 0x13321332, 0x12b712b7, 0x127b127b, 0x10f810f8, 0x0e1b0e1b, 
	0x0b590b59, 0x08e808e8, 0x06ad06ad, 0x04120412, 0x00f100f1, 0xfdc7fdc7, 0xfb69fb69, 0xfa16fa16, 
	0xf83ff83f, 0xf5fdf5fd, 0xf453f453, 0xf37af37a, 0xf2eaf2ea, 0xf284f284, 0xf255f255, 0xf23bf23b, 
	0xf28cf28c, 0xf378f378, 0xf46df46d, 0xf4cef4ce, 0xf586f586, 0xf6ecf6ec, 0xf884f884, 0xfa01fa01, 
	0xfb90fb90, 0xfd23fd23, 0xfeb0feb0, 0x00a500a5, 0x027f027f, 0x03920392, 0x04060406, 0x05070507, 
	0x06460646, 0x06d806d8, 0x06f706f7, 0x070e070e, 0x07280728, 0x07300730, 0x07460746, 0x06a606a6, 
	0x05b005b0, 0x053a053a, 0x04fb04fb, 0x043e043e, 0x03210321, 0x024a024a, 0x018f018f, 0x01210121, 
	0x00cc00cc, 0x00360036, 0xffa2ffa2, 0xffd2ffd2, 0x005f005f, 0x007e007e, 0x009c009c, 0x00f400f4, 
	0x01f101f1, 0x03820382, 0x04e504e5, 0x05aa05aa, 0x06c706c7, 0x09210921, 0x0b900b90, 0x0d040d04, 
	0x0df10df1, 0x0f390f39, 0x10991099, 0x119e119e, 0x11ee11ee, 0x116e116e, 0x10d010d0, 0x10931093, 
	0x10531053, 0x0f2a0f2a, 0x0d830d83, 0x0c1f0c1f, 0x0aa80aa8, 0x08ec08ec, 0x06ee06ee, 0x04700470, 
	0x01bf01bf, 0xff9fff9f, 0xfe11fe11, 0xfc35fc35, 0xf9edf9ed, 0xf824f824, 0xf706f706, 0xf5fcf5fc, 
	0xf4cbf4cb, 0xf3cbf3cb, 0xf335f335, 0xf326f326, 0xf37df37d, 0xf430f430, 0xf519f519, 0xf5ddf5dd, 
	0xf6fff6ff, 0xf87ef87e, 0xf9e5f9e5, 0xfb05fb05, 0xfc11fc11, 0xfd4bfd4b, 0xfea6fea6, 0x00370037, 
	0x017f017f, 0x026b026b, 0x03880388, 0x04c704c7, 0x05860586, 0x06040604, 0x067d067d, 0x06810681, 
	0x063b063b, 0x060e060e, 0x05e705e7, 0x053a053a, 0x04640464, 0x03c403c4, 0x03430343, 0x02a102a1, 
	0x01960196, 0x00a000a0, 0xfff1fff1, 0xff8eff8e, 0xff20ff20, 0xfea9fea9, 0xfe5ffe5f, 0xfe6afe6a, 
	0xfe8cfe8c, 0xfe8ffe8f, 0xfed4fed4, 0xff30ff30, 0xff95ff95, 0xffd2ffd2, 0x00cc00cc, 0x02760276, 
	0x036f036f, 0x04210421, 0x058d058d, 0x07970797, 0x09380938, 0x0a5c0a5c, 0x0b600b60, 0x0cb50cb5, 
	0x0e2d0e2d, 0x0f470f47, 0x0fa10fa1, 0x0f600f60, 0x0f7c0f7c, 0x0f980f98, 0x0f2a0f2a, 0x0df90df9, 
	0x0c8a0c8a, 0x0b4f0b4f, 0x0a070a07, 0x08830883, 0x06710671, 0x04430443, 0x027b027b, 0x00f400f4, 
	0xff28ff28, 0xfd57fd57, 0xfbb4fbb4, 0xfa49fa49, 0xf93bf93b, 0xf834f834, 0xf738f738, 0xf61cf61c, 
	0xf58af58a, 0xf5a7f5a7, 0xf586f586, 0xf572f572, 0xf5dcf5dc, 0xf6c5f6c5, 0xf7baf7ba, 0xf887f887, 
	0xf9cef9ce, 0xfb4bfb4b, 0xfc66fc66, 0xfd58fd58, 0xfe9afe9a, 0x000e000e, 0x01240124, 0x02180218, 
	0x032d032d, 0x040f040f, 0x04ac04ac, 0x05400540, 0x05820582, 0x055e055e, 0x05320532, 0x04f304f3, 
	0x04a604a6, 0x041e041e, 0x03920392, 0x03150315, 0x02830283, 0x01ec01ec, 0x010e010e, 0x004e004e, 
	0xffaaffaa, 0xfeecfeec, 0xfe48fe48, 0xfdd3fdd3, 0xfd7bfd7b, 0xfd56fd56, 0xfd7dfd7d, 0xfd99fd99, 
	0xfdd6fdd6, 0xfe6ffe6f, 0xff18ff18, 0xff65ff65, 0xfff0fff0, 0x01630163, 0x02e902e9, 0x03bf03bf, 
	0x04710471, 0x06000600, 0x07e707e7, 0x09570957, 0x0a620a62, 0x0b3c0b3c, 0x0c6f0c6f, 0x0df70df7, 
	0x0efb0efb, 0x0f180f18, 0x0f2e0f2e, 0x0fc10fc1, 0x0fe30fe3, 0x0f2a0f2a, 0x0e500e50, 0x0d900d90, 
	0x0c280c28, 0x0aa60aa6, 0x09840984, 0x07b207b2, 0x05800580, 0x03960396, 0x01ee01ee, 0x00430043, 
	0xfe76fe76, 0xfcb6fcb6, 0xfb06fb06, 0xf9dff9df, 0xf913f913, 0xf808f808, 0xf6def6de, 0xf648f648, 
	0xf626f626, 0xf5e0f5e0, 0xf5e1f5e1, 0xf643f643, 0xf695f695, 0xf6d9f6d9, 0xf7e1f7e1, 0xf941f941, 
	0xf9dcf9dc, 0xfa66fa66, 0xfbb0fbb0, 0xfd56fd56, 0xfe8efe8e, 0xff7eff7e, 0x008a008a, 0x01990199, 
	0x02ef02ef, 0x041f041f, 0x04470447, 0x043b043b, 0x04e804e8, 0x053c053c, 0x04d304d3, 0x048b048b, 
	0x046f046f, 0x03e803e8, 0x036b036b, 0x03820382, 0x031b031b, 0x02100210, 0x01470147, 0x00c000c0, 
	0x005f005f, 0xffcfffcf, 0xfedafeda, 0xfdfdfdfd, 0xfdeefdee, 0xfe48fe48, 0xfdccfdcc, 0xfd0dfd0d, 
	0xfd50fd50, 0xfdedfded, 0xfde1fde1, 0xfdf2fdf2, 0xfea0fea0, 0xffa8ffa8, 0x00fe00fe, 0x02300230, 
	0x03530353, 0x04c704c7, 0x06d406d4, 0x08800880, 0x094d094d, 0x0a8d0a8d, 0x0c360c36, 0x0d680d68, 
	0x0df30df3, 0x0e940e94, 0x0f3a0f3a, 0x0f8a0f8a, 0x0fad0fad, 0x0f2c0f2c, 0x0e450e45, 0x0d690d69, 
	0x0c8f0c8f, 0x0b060b06, 0x090f090f, 0x077e077e, 0x05e405e4, 0x04120412, 0x024d024d, 0x008b008b, 
	0xfe8efe8e, 0xfce9fce9, 0xfb90fb90, 0xfa1efa1e, 0xf8b6f8b6, 0xf795f795, 0xf6e0f6e0, 0xf616f616, 
	0xf5dcf5dc, 0xf5f0f5f0, 0xf5b5f5b5, 0xf5c5f5c5, 0xf67bf67b, 0xf769f769, 0xf7ecf7ec, 0xf8dbf8db, 
	0xfa06fa06, 0xfb12fb12, 0xfc3ffc3f, 0xfd8ffd8f, 0xfeb2feb2, 0xff8fff8f, 0x00de00de, 0x01fc01fc, 
	0x02c302c3, 0x03820382, 0x044b044b, 0x049a049a, 0x048b048b, 0x04e804e8, 0x04d004d0, 0x04450445, 
	0x03950395, 0x03430343, 0x03080308, 0x02290229, 0x01430143, 0x00990099, 0x00180018, 0xff85ff85, 
	0xff20ff20, 0xfea1fea1, 0xfddefdde, 0xfd91fd91, 0xfde0fde0, 0xfddcfddc, 0xfd4cfd4c, 0xfd48fd48, 
	0xfdb7fdb7, 0xfe33fe33, 0xfecafeca, 0xff59ff59, 0xffc0ffc0, 0x00fb00fb, 0x031a031a, 0x04540454, 
	0x04f004f0, 0x068a068a, 0x08d308d3, 0x0a3b0a3b, 0x0b280b28, 0x0c7d0c7d, 0x0dbf0dbf, 0x0eb80eb8, 
	0x0f9e0f9e, 0x10341034, 0x10151015, 0x0fff0fff, 0x102e102e, 0x0fbe0fbe, 0x0ebe0ebe, 0x0dc50dc5, 
	0x0c8a0c8a, 0x0b030b03, 0x09b209b2, 0x083c083c, 0x06240624, 0x03eb03eb, 0x024e024e, 0x00d400d4, 
	0xfed8fed8, 0xfcccfccc, 0xfb31fb31, 0xf9e2f9e2, 0xf8d2f8d2, 0xf7cff7cf, 0xf699f699, 0xf5c8f5c8, 
	0xf59ff59f, 0xf583f583, 0xf54ff54f, 0xf554f554, 0xf5c4f5c4, 0xf69cf69c, 0xf784f784, 0xf852f852, 
	0xf951f951, 0xfa8afa8a, 0xfba9fba9, 0xfceffcef, 0xfe40fe40, 0xff48ff48, 0x00370037, 0x01530153, 
	0x02760276, 0x02de02de, 0x03670367, 0x04330433, 0x045e045e, 0x04240424, 0x04310431, 0x04790479, 
	0x03ed03ed, 0x03490349, 0x02ea02ea, 0x026f026f, 0x01c801c8, 0x01040104, 0x00500050, 0xff8eff8e, 
	0xff0aff0a, 0xfe8efe8e, 0xfe24fe24, 0xfdabfdab, 0xfd59fd59, 0xfd59fd59, 0xfd7afd7a, 0xfdd5fdd5, 
	0xfdf8fdf8, 0xfe0bfe0b, 0xfe81fe81, 0xff7eff7e, 0x00690069, 0x00e400e4, 0x017f017f, 0x03330333, 
	0x05600560, 0x065d065d, 0x070b070b, 0x08f608f6, 0x0b610b61, 0x0c7f0c7f, 0x0d000d00, 0x0e850e85, 
	0x10211021, 0x10981098, 0x10ce10ce, 0x11571157, 0x11841184, 0x111f111f, 0x108d108d, 0x0fdb0fdb, 
	0x0ed40ed4, 0x0daa0daa, 0x0c320c32, 0x0a630a63, 0x08af08af, 0x07200720, 0x05140514, 0x02cd02cd, 
	0x00f200f2, 0xff68ff68, 0xfd8efd8e, 0xfb63fb63, 0xfa1dfa1d, 0xf91bf91b, 0xf7c4f7c4, 0xf683f683, 
	0xf5b7f5b7, 0xf56ef56e, 0xf536f536, 0xf51af51a, 0xf4d8f4d8, 0xf512f512, 0xf62df62d, 0xf733f733, 
	0xf792f792, 0xf871f871, 0xf9fbf9fb, 0xfb23fb23, 0xfc3afc3a, 0xfdb1fdb1, 0xff03ff03, 0xffb5ffb5, 
	0x00c300c3, 0x02260226, 0x030b030b, 0x03660366, 0x03d103d1, 0x045b045b, 0x04b704b7, 0x04c904c9, 
	0x047a047a, 0x044b044b, 0x03ce03ce, 0x03610361, 0x02da02da, 0x02050205, 0x012c012c, 0x005e005e, 
	0xffe6ffe6, 0xff02ff02, 0xfe43fe43, 0xfdcafdca, 0xfd4bfd4b, 0xfccbfccb, 0xfcb0fcb0, 0xfcb2fcb2, 
	0xfc55fc55, 0xfc6cfc6c, 0xfd0ffd0f, 0xfdabfdab, 0xfd95fd95, 0xfe37fe37, 0xff84ff84, 0x004e004e, 
	0x00f500f5, 0x026d026d, 0x04a404a4, 0x05ef05ef, 0x06e806e8, 0x08b208b2, 0x0b0c0b0c, 0x0cc90cc9, 
	0x0dc20dc2, 0x0e960e96, 0x0ff20ff2, 0x11891189, 0x12061206, 0x11b711b7, 0x119f119f, 0x12191219, 
	0x11a411a4, 0x105c105c, 0x0f6d0f6d, 0x0e730e73, 0x0cd10cd1, 0x0ae40ae4, 0x09870987, 0x08020802, 
	0x05910591, 0x02fd02fd, 0x01820182, 0x002e002e, 0xfe0bfe0b, 0xfb97fb97, 0xfa18fa18, 0xf93ff93f, 
	0xf813f813, 0xf6c6f6c6, 0xf5aaf5aa, 0xf564f564, 0xf546f546, 0xf53ef53e, 0xf541f541, 0xf5c0f5c0, 
	0xf6aff6af, 0xf742f742, 0xf819f819, 0xf97bf97b, 0xfb20fb20, 0xfbe7fbe7, 0xfca1fca1, 0xfe3cfe3c, 
	0xfffbfffb, 0x00bf00bf, 0x011f011f, 0x023a023a, 0x03360336, 0x03bf03bf, 0x03df03df, 0x04010401, 
	0x041e041e, 0x04520452, 0x04220422, 0x03400340, 0x02d502d5, 0x02dc02dc, 0x01fd01fd, 0x00930093, 
	0x00450045, 0x00180018, 0xfee0fee0, 0xfd92fd92, 0xfdb8fdb8, 0xfdd0fdd0, 0xfcb4fcb4, 0xfc11fc11, 
	0xfc6cfc6c, 0xfcdbfcdb, 0xfcbcfcbc, 0xfcdefcde, 0xfd50fd50, 0xfe03fe03, 0xfed1fed1, 0xff98ff98, 
	0x00360036, 0x01470147, 0x02ba02ba, 0x033d033d, 0x048a048a, 0x071c071c, 0x08b508b5, 0x08c408c4, 
	0x0a430a43, 0x0d720d72, 0x0eea0eea, 0x0ebc0ebc, 0x0f850f85, 0x11781178, 0x125f125f, 0x12801280, 
	0x125b125b, 0x121e121e, 0x12131213, 0x11df11df, 0x11121112, 0x0f8d0f8d, 0x0e6c0e6c, 0x0d270d27, 
	0x0b750b75, 0x09cb09cb, 0x08260826, 0x062a062a, 0x03a403a4, 0x01d201d2, 0x00a300a3, 0xfecefece, 
	0xfc48fc48, 0xfa58fa58, 0xf9b1f9b1, 0xf8f8f8f8, 0xf751f751, 0xf5ecf5ec, 0xf5a5f5a5, 0xf5f7f5f7, 
	0xf5b5f5b5, 0xf53cf53c, 0xf5d1f5d1, 0xf6cbf6cb, 0xf721f721, 0xf7cdf7cd, 0xf952f952, 0xfa72fa72, 
	0xfb18fb18, 0xfbfefbfe, 0xfd92fd92, 0xfee7fee7, 0xffa6ffa6, 0x00570057, 0x00f800f8, 0x02110211, 
	0x02e502e5, 0x02d602d6, 0x02b802b8, 0x033d033d, 0x03670367, 0x02b002b0, 0x02460246, 0x02170217, 
	0x01670167, 0x006a006a, 0xfff2fff2, 0xff89ff89, 0xfeb0feb0, 0xfdd0fdd0, 0xfd30fd30, 0xfcd8fcd8, 
	0xfccffccf, 0xfc99fc99, 0xfbd0fbd0, 0xfb95fb95, 0xfc59fc59, 0xfd04fd04, 0xfcc9fcc9, 0xfce3fce3, 
	0xfe3cfe3c, 0xff35ff35, 0xff7eff7e, 0x00720072, 0x01ec01ec, 0x02ce02ce, 0x03570357, 0x052a052a, 
	0x07c007c0, 0x08f108f1, 0x09820982, 0x0b1d0b1d, 0x0d920d92, 0x0f350f35, 0x0fa50fa5, 0x10431043, 
	0x11661166, 0x12a112a1, 0x130c130c, 0x12991299, 0x12461246, 0x124d124d, 0x11a911a9, 0x107a107a, 
	0x0f970f97, 0x0e600e60, 0x0c5f0c5f, 0x0a4d0a4d, 0x09420942, 0x07dd07dd, 0x05160516, 0x02900290, 
	0x01230123, 0x00030003, 0xfdfafdfa, 0xfb8efb8e, 0xfa08fa08, 0xf95cf95c, 0xf890f890, 0xf727f727, 
	0xf5faf5fa, 0xf5ccf5cc, 0xf60ff60f, 0xf5def5de, 0xf5d1f5d1, 0xf68bf68b, 0xf74ff74f, 0xf7acf7ac, 
	0xf879f879, 0xfa23fa23, 0xfb4efb4e, 0xfbaefbae, 0xfc8afc8a, 0xfe21fe21, 0xff77ff77, 0x00090009, 
	0x00720072, 0x01290129, 0x02130213, 0x02640264, 0x02740274, 0x02bf02bf, 0x02c802c8, 0x026a026a, 
	0x02140214, 0x021b021b, 0x01980198, 0x00de00de, 0x00510051, 0xffdcffdc, 0xff68ff68, 0xfed7fed7, 
	0xfe61fe61, 0xfdcafdca, 0xfd9bfd9b, 0xfd5cfd5c, 0xfd1bfd1b, 0xfd25fd25, 0xfd62fd62, 0xfd76fd76, 
	0xfd89fd89, 0xfe62fe62, 0xff18ff18, 0xffafffaf, 0x00380038, 0x012a012a, 0x02290229, 0x02f402f4, 
	0x041f041f, 0x051d051d, 0x05ed05ed, 0x072d072d, 0x09c109c1, 0x0b650b65, 0x0b7b0b7b, 0x0c850c85, 
	0x0f5d0f5d, 0x11711171, 0x11451145, 0x11c211c2, 0x12e612e6, 0x13e313e3, 0x145e145e, 0x14451445, 
	0x13981398, 0x12b812b8, 0x12b412b4, 0x12161216, 0x109c109c, 0x0ed70ed7, 0x0d1f0d1f, 0x0b530b53, 
	0x09ef09ef, 0x088b088b, 0x059a059a, 0x02b702b7, 0x01490149, 0x008d008d, 0xfe39fe39, 0xfb34fb34, 
	0xf9d3f9d3, 0xf91df91d, 0xf7faf7fa, 0xf660f660, 0xf58cf58c, 0xf516f516, 0xf470f470, 0xf498f498, 
	0xf550f550, 0xf5a9f5a9, 0xf56ef56e, 0xf60ff60f, 0xf7c8f7c8, 0xf94df94d, 0xf9f9f9f9, 0xfa86fa86, 
	0xfbc4fbc4, 0xfd3ffd3f, 0xfee3fee3, 0xfff6fff6, 0x004f004f, 0x00c500c5, 0x01f801f8, 0x033d033d, 
	0x032d032d, 0x02ed02ed, 0x033d033d, 0x039b039b, 0x036a036a, 0x032b032b, 0x03250325, 0x02570257, 
	0x017f017f, 0x01490149, 0x01920192, 0x00da00da, 0xff66ff66, 0xfee6fee6, 0xff2dff2d, 0xff62ff62, 
	0xfe73fe73, 0xfd81fd81, 0xfd9efd9e, 0xfe84fe84, 0xfed7fed7, 0xfe5cfe5c, 0xfe69fe69, 0xff3fff3f, 
	0x00600060, 0x00ac00ac, 0x01110111, 0x02190219, 0x033d033d, 0x03be03be, 0x04270427, 0x06760676, 
	0x092c092c, 0x09e909e9, 0x097a097a, 0x0b7b0b7b, 0x0f3e0f3e, 0x10a410a4, 0x0fbf0fbf, 0x100b100b, 
	0x12651265, 0x13b613b6, 0x13601360, 0x12ca12ca, 0x12c712c7, 0x12861286, 0x11d111d1, 0x11011101, 
	0x0fc30fc3, 0x0e570e57, 0x0c5c0c5c, 0x0a780a78, 0x09020902, 0x07b607b6, 0x05170517, 0x01c901c9, 
	0x00790079, 0x00010001, 0xfdc6fdc6, 0xfa46fa46, 0xf914f914, 0xf950f950, 0xf81ff81f, 0xf5f7f5f7, 
	0xf526f526, 0xf567f567, 0xf4f6f4f6, 0xf4fff4ff, 0xf5a4f5a4, 0xf63ff63f, 0xf63af63a, 0xf6dbf6db, 
	0xf888f888, 0xfa23fa23, 0xfb1ffb1f, 0xfb40fb40, 0xfc29fc29, 0xfe3efe3e, 0x00680068, 0x00670067, 
	0xffd1ffd1, 0x01130113, 0x02f602f6, 0x035f035f, 0x02670267, 0x026b026b, 0x029d029d, 0x029f029f, 
	0x02760276, 0x022f022f, 0x01340134, 0xffefffef, 0xffeeffee, 0x00110011, 0xff67ff67, 0xfdc8fdc8, 
	0xfd0ffd0f, 0xfd19fd19, 0xfd42fd42, 0xfd36fd36, 0xfc87fc87, 0xfbf4fbf4, 0xfc36fc36, 0xfdaffdaf, 
	0xfe15fe15, 0xfdaffdaf, 0xfe2efe2e, 0xffbaffba, 0x00b700b7, 0x01380138, 0x029d029d, 0x03a903a9, 
	0x042b042b, 0x05210521, 0x06f706f7, 0x07e807e8, 0x08e508e5, 0x0b720b72, 0x0d5c0d5c, 0x0d310d31, 
	0x0de60de6, 0x117a117a, 0x13771377, 0x126c126c, 0x123e123e, 0x147e147e, 0x15a715a7, 0x14e814e8, 
	0x14901490, 0x143b143b, 0x13791379, 0x130b130b, 0x126b126b, 0x10261026, 0x0e0e0e0e, 0x0d2e0d2e, 
	0x0b670b67, 0x089d089d, 0x070f070f, 0x058f058f, 0x02100210, 0xff96ff96, 0xff94ff94, 0xfe08fe08, 
	0xf9d5f9d5, 0xf7edf7ed, 0xf8c3f8c3, 0xf7baf7ba, 0xf4fcf4fc, 0xf423f423, 0xf47ff47f, 0xf43bf43b, 
	0xf48ef48e, 0xf536f536, 0xf4def4de, 0xf517f517, 0xf747f747, 0xf8baf8ba, 0xf8caf8ca, 0xf9f3f9f3, 
	0xfbd1fbd1, 0xfc58fc58, 0xfd23fd23, 0xff98ff98, 0x00b600b6, 0xffd4ffd4, 0x006c006c, 0x03140314, 
	0x03cb03cb, 0x02770277, 0x02360236, 0x03110311, 0x02ec02ec, 0x02410241, 0x02320232, 0x015b015b, 
	0x00030003, 0xff9eff9e, 0xffdcffdc, 0xfeedfeed, 0xfdc1fdc1, 0xfd3bfd3b, 0xfc9cfc9c, 0xfc5cfc5c, 
	0xfcdefcde, 0xfcbefcbe, 0xfb14fb14, 0xfb26fb26, 0xfd29fd29, 0xfe07fe07, 0xfd3dfd3d, 0xfda8fda8, 
	0xff6dff6d, 0x005c005c, 0x01560156, 0x02640264, 0x033d033d, 0x043b043b, 0x06080608, 0x06c806c8, 
	0x07820782, 0x0b080b08, 0x0dd70dd7, 0x0cc70cc7, 0x0c410c41, 0x10fd10fd, 0x148c148c, 0x12bf12bf, 
	0x11481148, 0x13ca13ca, 0x15e215e2, 0x14e514e5, 0x144d144d, 0x140e140e, 0x12f312f3, 0x11c511c5, 
	0x11751175, 0x104c104c, 0x0dd70dd7, 0x0b9c0b9c, 0x095e095e, 0x07d507d5, 0x070d070d, 0x050a050a, 
	0x00840084, 0xfda8fda8, 0xfeadfead, 0xfe44fe44, 0xf9dff9df, 0xf691f691, 0xf77df77d, 0xf7d3f7d3, 
	0xf58af58a, 0xf44df44d, 0xf4aef4ae, 0xf428f428, 0xf3cbf3cb, 0xf5c1f5c1, 0xf71af71a, 0xf60af60a, 
	0xf620f620, 0xf8c3f8c3, 0xfad9fad9, 0xfb49fb49, 0xfc18fc18, 0xfceefcee, 0xfd8efd8e, 0xffb7ffb7, 
	0x01da01da, 0x01490149, 0x003b003b, 0x02180218, 0x03ba03ba, 0x02bb02bb, 0x02250225, 0x02bb02bb, 
	0x02130213, 0x01140114, 0x02170217, 0x01dc01dc, 0xff46ff46, 0xfe82fe82, 0x001c001c, 0xffb6ffb6, 
	0xfd6cfd6c, 0xfd38fd38, 0xfdb7fdb7, 0xfd0dfd0d, 0xfd20fd20, 0xfe30fe30, 0xfd75fd75, 0xfc82fc82, 
	0xfe99fe99, 0x00a700a7, 0xffe5ffe5, 0xff83ff83, 0x01a601a6, 0x03660366, 0x03e003e0, 0x05060506, 
	0x05fc05fc, 0x06000600, 0x07890789, 0x0b130b13, 0x0d760d76, 0x0d470d47, 0x0d590d59, 0x0f980f98, 
	0x132e132e, 0x15641564, 0x145e145e, 0x12b212b2, 0x141e141e, 0x18031803, 0x18611861, 0x14c514c5, 
	0x12bc12bc, 0x144f144f, 0x14e414e4, 0x12011201, 0x0f9e0f9e, 0x0dfe0dfe, 0x0b8b0b8b, 0x08fb08fb, 
	0x087d087d, 0x06c406c4, 0x01c301c3, 0xfe25fe25, 0xfdccfdcc, 0xfdc1fdc1, 0xfaaafaaa, 0xf75df75d, 
	0xf53bf53b, 0xf4b2f4b2, 0xf526f526, 0xf47df47d, 0xf257f257, 0xf0a0f0a0, 0xf222f222, 0xf379f379, 
	0xf391f391, 0xf3def3de, 0xf50af50a, 0xf582f582, 0xf64ff64f, 0xf9c3f9c3, 0xfbf0fbf0, 0xfb49fb49, 
	0xfadefade, 0xfe10fe10, 0x012b012b, 0x01990199, 0x01470147, 0x01910191, 0x02ce02ce, 0x04410441, 
	0x055c055c, 0x03f103f1, 0x02190219, 0x027d027d, 0x03cd03cd, 0x03030303, 0x00fb00fb, 0x00430043, 
	0xff93ff93, 0xfe95fe95, 0xfe82fe82, 0xfed5fed5, 0xfce6fce6, 0xfab8fab8, 0xfb99fb99, 0xfd96fd96, 
	0xfcd7fcd7, 0xfabefabe, 0xfaf2faf2, 0xfcdafcda, 0xfe48fe48, 0xfeabfeab, 0xff09ff09, 0xff4eff4e, 
	0x00740074, 0x02b902b9, 0x04f104f1, 0x056f056f, 0x04ea04ea, 0x060e060e, 0x098b098b, 0x0df80df8, 
	0x0f490f49, 0x0d740d74, 0x0d340d34, 0x128c128c, 0x17fb17fb, 0x169e169e, 0x128e128e, 0x13231323, 
	0x17b717b7, 0x19361936, 0x17001700, 0x13f113f1, 0x12831283, 0x13101310, 0x13981398, 0x11ba11ba, 
	0x0d4d0d4d, 0x0a1a0a1a, 0x08cf08cf, 0x08320832, 0x06500650, 0x02990299, 0xfe30fe30, 0xfb81fb81, 
	0xfbd0fbd0, 0xfb9cfb9c, 0xf86cf86c, 0xf403f403, 0xf2adf2ad, 0xf46cf46c, 0xf529f529, 0xf328f328, 
	0xf0b2f0b2, 0xf0b9f0b9, 0xf2bbf2bb, 0xf4d7f4d7, 0xf595f595, 0xf4a2f4a2, 0xf461f461, 0xf6faf6fa, 
	0xfb18fb18, 0xfca5fca5, 0xfb5bfb5b, 0xfb56fb56, 0xfe19fe19, 0x017c017c, 0x023d023d, 0x01350135, 
	0x00ae00ae, 0x021e021e, 0x04400440, 0x04500450, 0x02e602e6, 0x018c018c, 0x01ef01ef, 0x02490249, 
	0x021b021b, 0x01320132, 0xff72ff72, 0xfe36fe36, 0xfe37fe37, 0xff83ff83, 0xfe99fe99, 0xfc55fc55, 
	0xfb03fb03, 0xfc38fc38, 0xfe21fe21, 0xfe39fe39, 0xfd0bfd0b, 0xfb9ffb9f, 0xfd23fd23, 0xffe7ffe7, 
	0x01b001b0, 0x01240124, 0x00a300a3, 0x021e021e, 0x04970497, 0x07730773, 0x08150815, 0x074e074e, 
	0x07380738, 0x0b310b31, 0x10a310a3, 0x12311231, 0x0fcc0fcc, 0x0efb0efb, 0x142a142a, 0x195c195c, 
	0x19391939, 0x15a115a1, 0x15041504, 0x17c917c9, 0x19f319f3, 0x197c197c, 0x161a161a, 0x12f012f0, 
	0x124e124e, 0x13671367, 0x12051205, 0x0db80db8, 0x09570957, 0x06690669, 0x057f057f, 0x04f504f5, 
	0x01d301d3, 0xfbb1fbb1, 0xf7e8f7e8, 0xf8b3f8b3, 0xf905f905, 0xf592f592, 0xf16bf16b, 0xefeeefee, 
	0xf071f071, 0xf188f188, 0xf170f170, 0xef0eef0e, 0xed88ed88, 0xf006f006, 0xf38df38d, 0xf401f401, 
	0xf391f391, 0xf51ff51f, 0xf714f714, 0xf941f941, 0xfcc2fcc2, 0xfef1fef1, 0xfdcbfdcb, 0xfdf4fdf4, 
	0x02540254, 0x05e605e6, 0x05260526, 0x03540354, 0x04140414, 0x06900690, 0x082a082a, 0x072d072d, 
	0x04ac04ac, 0x040d040d, 0x058c058c, 0x059c059c, 0x034c034c, 0x01790179, 0x01260126, 0x00850085, 
	0xff9eff9e, 0xff31ff31, 0xfe4ffe4f, 0xfcf8fcf8, 0xfcabfcab, 0xfd69fd69, 0xfd21fd21, 0xfca1fca1, 
	0xfd56fd56, 0xfe2afe2a, 0xfe16fe16, 0xfea6fea6, 0x00ce00ce, 0x01d601d6, 0x01fd01fd, 0x03690369, 
	0x05ce05ce, 0x06a006a0, 0x07ce07ce, 0x0c7b0c7b, 0x10541054, 0x0f880f88, 0x0e2f0e2f, 0x12d612d6, 
	0x18e018e0, 0x195f195f, 0x16321632, 0x154f154f, 0x18311831, 0x1afb1afb, 0x1b2b1b2b, 0x171a171a, 
	0x12de12de, 0x12d612d6, 0x151a151a, 0x13ab13ab, 0x0db70db7, 0x08e508e5, 0x06d506d5, 0x06680668, 
	0x04950495, 0x00890089, 0xfb43fb43, 0xf7b4f7b4, 0xf72bf72b, 0xf6dbf6db, 0xf52af52a, 0xf153f153, 
	0xedf7edf7, 0xed90ed90, 0xf030f030, 0xf141f141, 0xee55ee55, 0xec5cec5c, 0xee98ee98, 0xf23ef23e, 
	0xf2fbf2fb, 0xf331f331, 0xf4fef4fe, 0xf6c3f6c3, 0xf820f820, 0xfb13fb13, 0xfee4fee4, 0xff98ff98, 
	0xfee9fee9, 0x00c500c5, 0x04810481, 0x06640664, 0x063b063b, 0x05f805f8, 0x06040604, 0x07330733, 
	0x08ac08ac, 0x08100810, 0x06000600, 0x05ca05ca, 0x067e067e, 0x04cb04cb, 0x031c031c, 0x04050405, 
	0x03cf03cf, 0x00620062, 0xfe99fe99, 0x00ab00ab, 0x016f016f, 0xff35ff35, 0xfda9fda9, 0xfe0bfe0b, 
	0xfe9ffe9f, 0xff87ff87, 0x00f000f0, 0x00730073, 0xff45ff45, 0x00980098, 0x03aa03aa, 0x04fd04fd, 
	0x05010501, 0x05a905a9, 0x064a064a, 0x08b508b5, 0x0e7a0e7a, 0x13001300, 0x10be10be, 0x0db50db5, 
	0x127d127d, 0x1ae11ae1, 0x1cf51cf5, 0x18321832, 0x14e514e5, 0x17291729, 0x1c611c61, 0x1e181e18, 
	0x192c192c, 0x126f126f, 0x11041104, 0x14291429, 0x14531453, 0x0ee70ee7, 0x07680768, 0x02850285, 
	0x021f021f, 0x03ab03ab, 0x00a900a9, 0xf7bdf7bd, 0xf119f119, 0xf236f236, 0xf52df52d, 0xf2b5f2b5, 
	0xecebeceb, 0xe919e919, 0xe929e929, 0xec45ec45, 0xef53ef53, 0xedc6edc6, 0xe966e966, 0xe9e4e9e4, 
	0xf064f064, 0xf53cf53c, 0xf4d5f4d5, 0xf456f456, 0xf6b5f6b5, 0xfa45fa45, 0xfe19fe19, 0x02430243, 
	0x040b040b, 0x03090309, 0x03bb03bb, 0x07ca07ca, 0x0b950b95, 0x0be50be5, 0x0a200a20, 0x08580858, 
	0x08d208d2, 0x0b840b84, 0x0c6f0c6f, 0x08f608f6, 0x04d704d7, 0x049b049b, 0x05ce05ce, 0x05260526, 
	0x02a902a9, 0xffccffcc, 0xfd93fd93, 0xfdc6fdc6, 0xff81ff81, 0xfe84fe84, 0xfb1efb1e, 0xf9d8f9d8, 
	0xfc10fc10, 0xfe0efe0e, 0xfe54fe54, 0xfde2fde2, 0xfd32fd32, 0xfde0fde0, 0x018e018e, 0x05800580, 
	0x04e304e3, 0x02a802a8, 0x06200620, 0x0e940e94, 0x13341334, 0x110a110a, 0x0f620f62, 0x13b213b2, 
	0x1a9f1a9f, 0x1e0b1e0b, 0x1cb51cb5, 0x19861986, 0x18991899, 0x1bfb1bfb, 0x1fe81fe8, 0x1e011e01, 
	0x16861686, 0x11861186, 0x13241324, 0x156a156a, 0x11781178, 0x08f608f6, 0x02b402b4, 0x01560156, 
	0x01880188, 0xff0eff0e, 0xf907f907, 0xf25af25a, 0xef0aef0a, 0xf014f014, 0xf11ef11e, 0xedccedcc, 
	0xe870e870, 0xe6d0e6d0, 0xe984e984, 0xec17ec17, 0xec4aec4a, 0xeb49eb49, 0xeae1eae1, 0xecd4ecd4, 
	0xf182f182, 0xf5b2f5b2, 0xf659f659, 0xf618f618, 0xf930f930, 0xfea7fea7, 0x02340234, 0x03040304, 
	0x03d203d2, 0x06280628, 0x08b508b5, 0x09d009d0, 0x0a0c0a0c, 0x0ad50ad5, 0x0bbd0bbd, 0x0b3e0b3e, 
	0x09d809d8, 0x09470947, 0x09480948, 0x088d088d, 0x071c071c, 0x056e056e, 0x035e035e, 0x01c601c6, 
	0x01bb01bb, 0x01cb01cb, 0x003a003a, 0xfe5afe5a, 0xfdfbfdfb, 0xfe41fe41, 0xfe76fe76, 0xff6aff6a, 
	0x00330033, 0xff36ff36, 0xfe81fe81, 0x010c010c, 0x04c104c1, 0x05970597, 0x04110411, 0x04240424, 
	0x081b081b, 0x0eb70eb7, 0x13bb13bb, 0x137c137c, 0x10bc10bc, 0x12a712a7, 0x1a641a64, 0x20882088, 
	0x1f761f76, 0x1a421a42, 0x17ae17ae, 0x1ab61ab6, 0x1fc01fc0, 0x1f9b1f9b, 0x17ee17ee, 0x0fef0fef, 
	0x0f190f19, 0x12071207, 0x10071007, 0x07f707f7, 0xffe0ffe0, 0xfba6fba6, 0xfa9efa9e, 0xf9c8f9c8, 
	0xf571f571, 0xedabedab, 0xe872e872, 0xe93ae93a, 0xeac6eac6, 0xe818e818, 0xe449e449, 0xe388e388, 
	0xe4d2e4d2, 0xe693e693, 0xe8dae8da, 0xea3cea3c, 0xea52ea52, 0xec53ec53, 0xf13ef13e, 0xf544f544, 
	0xf6e0f6e0, 0xf90af90a, 0xfd0cfd0c, 0x012e012e, 0x04960496, 0x07300730, 0x08a708a7, 0x0a3e0a3e, 
	0x0d5a0d5a, 0x10151015, 0x10031003, 0x0ebd0ebd, 0x0f140f14, 0x104d104d, 0x10011001, 0x0e190e19, 
	0x0c230c23, 0x0ade0ade, 0x0a0a0a0a, 0x09080908, 0x070f070f, 0x04590459, 0x02660266, 0x01c301c3, 
	0x01130113, 0xff9fff9f, 0xfe5afe5a, 0xfda4fda4, 0xfd16fd16, 0xfd4dfd4d, 0xfe65fe65, 0xfe8afe8a, 
	0xfd5bfd5b, 0xfd9bfd9b, 0x00760076, 0x02fe02fe, 0x02be02be, 0x01c201c2, 0x043c043c, 0x0af20af2, 
	0x11311131, 0x12191219, 0x0fb50fb5, 0x10b310b3, 0x16f716f7, 0x1d4c1d4c, 0x1e9a1e9a, 0x1b5e1b5e, 
	0x18541854, 0x19681968, 0x1ce41ce4, 0x1d091d09, 0x18051805, 0x12791279, 0x10111011, 0x0ed70ed7, 
	0x0bbc0bbc, 0x06cd06cd, 0x01a001a0, 0xfd28fd28, 0xf995f995, 0xf659f659, 0xf291f291, 0xee5fee5f, 
	0xeb39eb39, 0xe9fae9fa, 0xe931e931, 0xe743e743, 0xe597e597, 0xe66fe66f, 0xe881e881, 0xe938e938, 
	0xe9a2e9a2, 0xec0dec0d, 0xef7def7d, 0xf226f226, 0xf4b9f4b9, 0xf7cdf7cd, 0xfa8dfa8d, 0xfd89fd89, 
	0x01f001f0, 0x06150615, 0x07c307c3, 0x08a708a7, 0x0ba10ba1, 0x0f910f91, 0x11611161, 0x11371137, 
	0x115e115e, 0x12221222, 0x127d127d, 0x12731273, 0x11c011c0, 0x0fa00fa0, 0x0d910d91, 0x0d840d84, 
	0x0d4e0d4e, 0x0a180a18, 0x06430643, 0x053d053d, 0x05470547, 0x03610361, 0x006f006f, 0xfe53fe53, 
	0xfd33fd33, 0xfd06fd06, 0xfd1afd1a, 0xfbcbfbcb, 0xf9c9f9c9, 0xf9c0f9c0, 0xfb78fb78, 0xfc3bfc3b, 
	0xfbbbfbbb, 0xfc0afc0a, 0xfe71fe71, 0x02e402e4, 0x07f307f3, 0x0b120b12, 0x0bff0bff, 0x0dff0dff, 
	0x12a912a9, 0x17071707, 0x18c218c2, 0x19961996, 0x1b201b20, 0x1c1c1c1c, 0x1ba31ba3, 0x1a8e1a8e, 
	0x18fb18fb, 0x169d169d, 0x148a148a, 0x12aa12aa, 0x0e980e98, 0x087e087e, 0x03f203f2, 0x01890189, 
	0xfe1dfe1d, 0xf92bf92b, 0xf4e5f4e5, 0xf153f153, 0xedf0edf0, 0xec23ec23, 0xeb61eb61, 0xe90ae90a, 
	0xe662e662, 0xe704e704, 0xe9bfe9bf, 0xeab7eab7, 0xea59ea59, 0xeba1eba1, 0xeeeeeeee, 0xf2b4f2b4, 
	0xf5dbf5db, 0xf802f802, 0xfa30fa30, 0xfdcbfdcb, 0x01b001b0, 0x03d303d3, 0x05770577, 0x09090909, 
	0x0d270d27, 0x0ed60ed6, 0x0e820e82, 0x0ec20ec2, 0x106c106c, 0x12741274, 0x133b133b, 0x11a011a0, 
	0x0eee0eee, 0x0e020e02, 0x0ecc0ecc, 0x0e110e11, 0x0b0c0b0c, 0x086a086a, 0x071a071a, 0x05910591, 
	0x03b603b6, 0x025a025a, 0x00a100a1, 0xfe5efe5e, 0xfd88fd88, 0xfe11fe11, 0xfd22fd22, 0xfac0fac0, 
	0xfa38fa38, 0xfbe3fbe3, 0xfcc4fcc4, 0xfc31fc31, 0xfc00fc00, 0xfcc1fcc1, 0xfebbfebb, 0x031f031f, 
	0x08610861, 0x0aef0aef, 0x0b930b93, 0x0e2d0e2d, 0x12331233, 0x147d147d, 0x15db15db, 0x18281828, 
	0x19931993, 0x19091909, 0x18721872, 0x17ab17ab, 0x151c151c, 0x12a412a4, 0x11eb11eb, 0x0ff80ff8, 
	0x0aef0aef, 0x05df05df, 0x02b202b2, 0xff8cff8c, 0xfb97fb97, 0xf7e9f7e9, 0xf482f482, 0xf13bf13b, 
	0xef08ef08, 0xedb3edb3, 0xebb7ebb7, 0xe987e987, 0xe970e970, 0xeb7deb7d, 0xed02ed02, 0xed14ed14, 
	0xedfcedfc, 0xf0ddf0dd, 0xf401f401, 0xf680f680, 0xf924f924, 0xfbbffbbf, 0xfdfcfdfc, 0x00db00db, 
	0x03fe03fe, 0x05b705b7, 0x06ee06ee, 0x096a096a, 0x0bae0bae, 0x0c290c29, 0x0c630c63, 0x0d420d42, 
	0x0da20da2, 0x0d820d82, 0x0d4b0d4b, 0x0c310c31, 0x0aa20aa2, 0x09fe09fe, 0x096f096f, 0x07c907c9, 
	0x06210621, 0x05070507, 0x03990399, 0x023a023a, 0x01890189, 0x006a006a, 0xfea7fea7, 0xfddcfddc, 
	0xfe1afe1a, 0xfdb8fdb8, 0xfc90fc90, 0xfbfefbfe, 0xfc9afc9a, 0xfdb8fdb8, 0xfe47fe47, 0xfdfffdff, 
	0xfe19fe19, 0x003f003f, 0x049e049e, 0x09520952, 0x0c1d0c1d, 0x0d490d49, 0x0f790f79, 0x134c134c, 
	0x16271627, 0x16fb16fb, 0x17ce17ce, 0x19591959, 0x1a1f1a1f, 0x19811981, 0x17da17da, 0x15771577, 
	0x13651365, 0x11fe11fe, 0x0f5e0f5e, 0x0acc0acc, 0x06910691, 0x03d003d0, 0x00cf00cf, 0xfca7fca7, 
	0xf85ef85e, 0xf4e4f4e4, 0xf2b3f2b3, 0xf18ff18f, 0xefe5efe5, 0xed18ed18, 0xeb2ceb2c, 0xeb9ceb9c, 
	0xed14ed14, 0xee04ee04, 0xeea0eea0, 0xef9cef9c, 0xf151f151, 0xf3dbf3db, 0xf68bf68b, 0xf875f875, 
	0xfa18fa18, 0xfcbdfcbd, 0x000c000c, 0x02440244, 0x02fb02fb, 0x03cd03cd, 0x05e505e5, 0x08760876, 
	0x0a1f0a1f, 0x0aa40aa4, 0x0ad60ad6, 0x0b610b61, 0x0c140c14, 0x0c280c28, 0x0b510b51, 0x0a5f0a5f, 
	0x0a410a41, 0x0a870a87, 0x09bc09bc, 0x07930793, 0x05c405c4, 0x058a058a, 0x059f059f, 0x04610461, 
	0x02800280, 0x01740174, 0x010f010f, 0x007e007e, 0xffbeffbe, 0xfee5fee5, 0xfe07fe07, 0xfdeafdea, 
	0xfebffebf, 0xff1fff1f, 0xfe87fe87, 0xfefefefe, 0x02080208, 0x060f060f, 0x08d608d6, 0x0aa00aa0, 
	0x0cd00cd0, 0x0f590f59, 0x11661166, 0x12c512c5, 0x13721372, 0x13a013a0, 0x14461446, 0x15401540, 
	0x14721472, 0x11681168, 0x0ee00ee0, 0x0df40df4, 0x0c240c24, 0x08510851, 0x04aa04aa, 0x025f025f, 
	0x00190019, 0xfce6fce6, 0xf92bf92b, 0xf5adf5ad, 0xf34cf34c, 0xf24df24d, 0xf1a0f1a0, 0xf05ff05f, 
	0xef23ef23, 0xeefceefc, 0xf004f004, 0xf167f167, 0xf265f265, 0xf354f354, 0xf501f501, 0xf735f735, 
	0xf926f926, 0xfaddfadd, 0xfc9efc9e, 0xfe34fe34, 0xffe8ffe8, 0x02090209, 0x03950395, 0x03d103d1, 
	0x041f041f, 0x05bb05bb, 0x07890789, 0x08300830, 0x08320832, 0x089a089a, 0x09470947, 0x09790979, 
	0x08e508e5, 0x08080808, 0x078c078c, 0x07980798, 0x07930793, 0x06b606b6, 0x051c051c, 0x03f203f2, 
	0x03ce03ce, 0x03920392, 0x024e024e, 0x01000100, 0x00aa00aa, 0x009a009a, 0x000c000c, 0xff4dff4d, 
	0xfe9cfe9c, 0xfe28fe28, 0xfe77fe77, 0xff36ff36, 0xff98ff98, 0x00710071, 0x02fe02fe, 0x06320632, 
	0x08940894, 0x0ac30ac3, 0x0d5a0d5a, 0x0f500f50, 0x10521052, 0x11381138, 0x11ea11ea, 0x11fe11fe, 
	0x121a121a, 0x123d123d, 0x11401140, 0x0f560f56, 0x0daf0daf, 0x0bc90bc9, 0x08b308b3, 0x059a059a, 
	0x03af03af, 0x01cf01cf, 0xfef3fef3, 0xfc19fc19, 0xfa0afa0a, 0xf82ef82e, 0xf657f657, 0xf503f503, 
	0xf420f420, 0xf382f382, 0xf385f385, 0xf40af40a, 0xf467f467, 0xf4cff4cf, 0xf60bf60b, 0xf7ebf7eb, 
	0xf98cf98c, 0xfab4fab4, 0xfbd4fbd4, 0xfd32fd32, 0xfeacfeac, 0xfffdfffd, 0x01050105, 0x01ee01ee, 
	0x02d602d6, 0x03940394, 0x04050405, 0x04590459, 0x04de04de, 0x05b805b8, 0x069f069f, 0x07230723, 
	0x07340734, 0x07200720, 0x070c070c, 0x06da06da, 0x066c066c, 0x05cc05cc, 0x05570557, 0x05570557, 
	0x05450545, 0x04830483, 0x03910391, 0x031d031d, 0x02b002b0, 0x01eb01eb, 0x016f016f, 0x01450145, 
	0x00b300b3, 0xffefffef, 0xffa3ffa3, 0xff91ff91, 0xffb3ffb3, 0x00c800c8, 0x02930293, 0x04200420, 
	0x05af05af, 0x07d107d1, 0x09d909d9, 0x0b2a0b2a, 0x0c1a0c1a, 0x0cb20cb2, 0x0cb10cb1, 0x0c9c0c9c, 
	0x0ce40ce4, 0x0ce60ce6, 0x0c1d0c1d, 0x0aeb0aeb, 0x09a809a8, 0x08250825, 0x063b063b, 0x04090409, 
	0x01b401b4, 0xff7aff7a, 0xfdbcfdbc, 0xfc71fc71, 0xfaf7faf7, 0xf920f920, 0xf7baf7ba, 0xf732f732, 
	0xf6caf6ca, 0xf621f621, 0xf5e9f5e9, 0xf653f653, 0xf6c6f6c6, 0xf74bf74b, 0xf83ff83f, 0xf93ff93f, 
	0xfa0afa0a, 0xfb1cfb1c, 0xfc6efc6e, 0xfd57fd57, 0xfe00fe00, 0xff12ff12, 0x003e003e, 0x00cf00cf, 
	0x01050105, 0x019c019c, 0x027e027e, 0x03210321, 0x03950395, 0x04390439, 0x04d004d0, 0x05130513, 
	0x056c056c, 0x06080608, 0x064b064b, 0x06140614, 0x05ff05ff, 0x05f805f8, 0x05650565, 0x04960496, 
	0x042f042f, 0x03f203f2, 0x03770377, 0x02c402c4, 0x01d701d7, 0x00c600c6, 0x00050005, 0xffc3ffc3, 
	0xff9aff9a, 0xff49ff49, 0xfefffeff, 0xff31ff31, 0x00290029, 0x01990199, 0x030b030b, 0x049e049e, 
	0x06820682, 0x08300830, 0x09420942, 0x09ff09ff, 0x0a940a94, 0x0af10af1, 0x0b290b29, 0x0b1b0b1b, 
	0x0a8c0a8c, 0x09c809c8, 0x09380938, 0x08950895, 0x07890789, 0x063c063c, 0x04ce04ce, 0x033e033e, 
	0x01b501b5, 0x00390039, 0xfe9afe9a, 0xfcfcfcfc, 0xfbb5fbb5, 0xfad2fad2, 0xfa32fa32, 0xf9cdf9cd, 
	0xf9a3f9a3, 0xf98ff98f, 0xf990f990, 0xf9c3f9c3, 0xfa3cfa3c, 0xfae0fae0, 0xfb79fb79, 0xfc22fc22, 
	0xfd06fd06, 0xfdf3fdf3, 0xfebdfebd, 0xffacffac, 0x00a900a9, 0x01280128, 0x014c014c, 0x01b101b1, 
	0x02530253, 0x02a802a8, 0x02c202c2, 0x02ee02ee, 0x03190319, 0x03510351, 0x03c003c0, 0x043b043b, 
	0x04720472, 0x046f046f, 0x04830483, 0x04a104a1, 0x047b047b, 0x04180418, 0x03c403c4, 0x03850385, 
	0x03180318, 0x02950295, 0x024d024d, 0x020d020d, 0x01740174, 0x00e200e2, 0x00c000c0, 0x00ae00ae, 
	0x00750075, 0x007d007d, 0x010d010d, 0x01dc01dc, 0x02c702c7, 0x03f103f1, 0x05080508, 0x05cb05cb, 
	0x067f067f, 0x07370737, 0x078e078e, 0x077d077d, 0x07450745, 0x06f106f1, 0x06800680, 0x06080608, 
	0x05930593, 0x04f504f5, 0x04320432, 0x03780378, 0x02b602b6, 0x01d401d4, 0x00ce00ce, 0xffa1ffa1, 
	0xfe6ffe6f, 0xfd6dfd6d, 0xfca6fca6, 0xfbcffbcf, 0xfaf8faf8, 0xfa8efa8e, 0xfa81fa81, 0xfaa7faa7, 
	0xfaddfadd, 0xfb23fb23, 0xfb79fb79, 0xfbe0fbe0, 0xfc83fc83, 0xfd53fd53, 0xfe02fe02, 0xfe7cfe7c, 
	0xff07ff07, 0xffa9ffa9, 0x00510051, 0x00f700f7, 0x01920192, 0x01f201f2, 0x01fe01fe, 0x02180218, 
	0x02480248, 0x025f025f, 0x02530253, 0x02360236, 0x02250225, 0x02250225, 0x02580258, 0x029f029f, 
	0x02ba02ba, 0x02c402c4, 0x02da02da, 0x02dd02dd, 0x02d802d8, 0x02fa02fa, 0x030c030c, 0x02b402b4, 
	0x02330233, 0x01f601f6, 0x01cc01cc, 0x018b018b, 0x01790179, 0x01a201a2, 0x01e101e1, 0x02660266, 
	0x03490349, 0x04380438, 0x04e904e9, 0x05740574, 0x05ec05ec, 0x05fc05fc, 0x05ab05ab, 0x057b057b, 
	0x05750575, 0x05310531, 0x04ca04ca, 0x04a204a2, 0x04890489, 0x04270427, 0x039f039f, 0x03300330, 
	0x029d029d, 0x01bc01bc, 0x00ce00ce, 0x000a000a, 0xff43ff43, 0xfe85fe85, 0xfdf9fdf9, 0xfd5efd5e, 
	0xfcccfccc, 0xfc8afc8a, 0xfc7dfc7d, 0xfc6cfc6c, 0xfc5efc5e, 0xfc7ffc7f, 0xfcbbfcbb, 0xfceefcee, 
	0xfd27fd27, 0xfd73fd73, 0xfdecfdec, 0xfea2fea2, 0xff55ff55, 0xffc9ffc9, 0x00070007, 0x005c005c, 
	0x00e200e2, 0x01680168, 0x01c901c9, 0x01fa01fa, 0x01ea01ea, 0x01e501e5, 0x02500250, 0x02d002d0, 
	0x02db02db, 0x029d029d, 0x028a028a, 0x02790279, 0x02480248, 0x021f021f, 0x01fc01fc, 0x01f401f4, 
	0x021a021a, 0x02490249, 0x02240224, 0x01b801b8, 0x01710171, 0x018b018b, 0x01f101f1, 0x02680268, 
	0x02f402f4, 0x039b039b, 0x04620462, 0x053e053e, 0x06220622, 0x06d206d2, 0x06fa06fa, 0x06d606d6, 
	0x06ac06ac, 0x06720672, 0x06190619, 0x05a705a7, 0x050d050d, 0x046a046a, 0x04170417, 0x04050405, 
	0x03940394, 0x02a402a4, 0x01d501d5, 0x01320132, 0x006f006f, 0xffc8ffc8, 0xff37ff37, 0xfe6afe6a, 
	0xfdb4fdb4, 0xfd8bfd8b, 0xfd78fd78, 0xfd03fd03, 0xfcaafcaa, 0xfcb6fcb6, 0xfcc9fcc9, 0xfce7fce7, 
	0xfd2efd2e, 0xfd58fd58, 0xfd42fd42, 0xfd3bfd3b, 0xfd95fd95, 0xfdf9fdf9, 0xfe38fe38, 0xfe7afe7a, 
	0xfed9fed9, 0xff2dff2d, 0xff53ff53, 0xff9eff9e, 0x000e000e, 0x00660066, 0x00ae00ae, 0x01080108, 
	0x01410141, 0x016a016a, 0x01be01be, 0x01f801f8, 0x01f601f6, 0x01f501f5, 0x02450245, 0x02a502a5, 
	0x02cf02cf, 0x02c902c9, 0x029c029c, 0x024b024b, 0x02110211, 0x021f021f, 0x02280228, 0x028d028d, 
	0x03630363, 0x043d043d, 0x050c050c, 0x05d405d4, 0x06930693, 0x07110711, 0x07530753, 0x07560756, 
	0x07430743, 0x07200720, 0x06d706d7, 0x06800680, 0x06160616, 0x05a305a3, 0x05110511, 0x047c047c, 
	0x03e803e8, 0x03290329, 0x02590259, 0x01bf01bf, 0x01160116, 0x00430043, 0xffa6ffa6, 0xff28ff28, 
	0xfe88fe88, 0xfdcbfdcb, 0xfd6ffd6f, 0xfd64fd64, 0xfd3afd3a, 0xfcf4fcf4, 0xfcdefcde, 0xfcd5fcd5, 
	0xfc99fc99, 0xfcc2fcc2, 0xfd21fd21, 0xfd52fd52, 0xfd91fd91, 0xfe15fe15, 0xfe95fe95, 0xfe9ffe9f, 
	0xfed0fed0, 0xff8eff8e, 0x003d003d, 0x00780078, 0x00cd00cd, 0x01340134, 0x01420142, 0x01630163, 
	0x019d019d, 0x01890189, 0x01520152, 0x01730173, 0x018c018c, 0x01490149, 0x01230123, 0x01730173, 
	0x01dd01dd, 0x02030203, 0x023a023a, 0x02a202a2, 0x03500350, 0x04220422, 0x04d704d7, 0x05870587, 
	0x06540654, 0x07560756, 0x08260826, 0x08660866, 0x083b083b, 0x080b080b, 0x08180818, 0x080d080d, 
	0x07920792, 0x06fb06fb, 0x069b069b, 0x064f064f, 0x06030603, 0x05ab05ab, 0x05100510, 0x04240424, 
	0x035a035a, 0x02b902b9, 0x01c601c6, 0x00ae00ae, 0xffb7ffb7, 0xfeb6feb6, 0xfddbfddb, 0xfd8afd8a, 
	0xfd6efd6e, 0xfd2afd2a, 0xfcd0fcd0, 0xfc81fc81, 0xfc2afc2a, 0xfbb3fbb3, 0xfb62fb62, 0xfb4bfb4b, 
	0xfb6cfb6c, 0xfbc7fbc7, 0xfc42fc42, 0xfcaefcae, 0xfcd3fcd3, 0xfce9fce9, 0xfd23fd23, 0xfd72fd72, 
	0xfdacfdac, 0xfdf0fdf0, 0xfe3afe3a, 0xfe71fe71, 0xfed4fed4, 0xff6bff6b, 0x00100010, 0x00990099, 
	0x01260126, 0x01c301c3, 0x02320232, 0x02670267, 0x027b027b, 0x027a027a, 0x02830283, 0x02d202d2, 
	0x03310331, 0x035e035e, 0x03ce03ce, 0x04ed04ed, 0x06300630, 0x073a073a, 0x08640864, 0x09890989, 
	0x0a670a67, 0x0b1e0b1e, 0x0b990b99, 0x0b910b91, 0x0b330b33, 0x0b030b03, 0x0abe0abe, 0x09e609e6, 
	0x08f008f0, 0x08340834, 0x07830783, 0x06a406a4, 0x059b059b, 0x04a804a8, 0x038d038d, 0x02560256, 
	0x016a016a, 0x009d009d, 0xff8cff8c, 0xfe72fe72, 0xfd9ffd9f, 0xfcc1fcc1, 0xfbccfbcc, 0xfb06fb06, 
	0xfa88fa88, 0xfa4bfa4b, 0xfa51fa51, 0xfa6ffa6f, 0xfa8ffa8f, 0xfac0fac0, 0xfb14fb14, 0xfb8afb8a, 
	0xfbe3fbe3, 0xfc4ffc4f, 0xfceefcee, 0xfd7efd7e, 0xfe08fe08, 0xfe97fe97, 0xff1fff1f, 0xffc1ffc1, 
	0x006b006b, 0x00d600d6, 0x01140114, 0x01650165, 0x01c101c1, 0x01e401e4, 0x01ca01ca, 0x01c301c3, 
	0x01fa01fa, 0x022b022b, 0x02580258, 0x02970297, 0x02f902f9, 0x03540354, 0x03d003d0, 0x05180518, 
	0x06a306a3, 0x08580858, 0x0a510a51, 0x0c390c39, 0x0dd80dd8, 0x0edd0edd, 0x0f730f73, 0x0f620f62, 
	0x0ef60ef6, 0x0e870e87, 0x0ddf0ddf, 0x0d070d07, 0x0c420c42, 0x0b860b86, 0x0a830a83, 0x09460946, 
	0x07d207d2, 0x067f067f, 0x050b050b, 0x03550355, 0x01a301a3, 0xffd7ffd7, 0xfe81fe81, 0xfd94fd94, 
	0xfc84fc84, 0xfb77fb77, 0xfac5fac5, 0xfa62fa62, 0xf9ddf9dd, 0xf942f942, 0xf8e1f8e1, 0xf88af88a, 
	0xf84df84d, 0xf84af84a, 0xf892f892, 0xf903f903, 0xf95ff95f, 0xfa0cfa0c, 0xfad3fad3, 0xfb6bfb6b, 
	0xfbf5fbf5, 0xfc6ffc6f, 0xfce3fce3, 0xfd84fd84, 0xfe62fe62, 0xff39ff39, 0x002b002b, 0x010e010e, 
	0x01de01de, 0x02920292, 0x02e902e9, 0x031d031d, 0x03350335, 0x03540354, 0x03940394, 0x03e003e0, 
	0x04810481, 0x05bd05bd, 0x07560756, 0x090e090e, 0x0b0e0b0e, 0x0d530d53, 0x0f6d0f6d, 0x11051105, 
	0x12221222, 0x12d312d3, 0x12f512f5, 0x12a912a9, 0x12081208, 0x11041104, 0x0fea0fea, 0x0eba0eba, 
	0x0db70db7, 0x0c850c85, 0x0aea0aea, 0x09650965, 0x07b907b9, 0x05e505e5, 0x03b603b6, 0x01850185, 
	0xff84ff84, 0xfd64fd64, 0xfb64fb64, 0xf9b4f9b4, 0xf867f867, 0xf74bf74b, 0xf6a9f6a9, 0xf653f653, 
	0xf635f635, 0xf679f679, 0xf6daf6da, 0xf743f743, 0xf79af79a, 0xf807f807, 0xf8a3f8a3, 0xf949f949, 
	0xf9e0f9e0, 0xfaa0faa0, 0xfb76fb76, 0xfc1cfc1c, 0xfcc9fcc9, 0xfd94fd94, 0xfe47fe47, 0xfeddfedd, 
	0xff84ff84, 0x003a003a, 0x00e200e2, 0x01860186, 0x022a022a, 0x02cc02cc, 0x03770377, 0x03f903f9, 
	0x04910491, 0x052d052d, 0x062b062b, 0x085d085d, 0x0b010b01, 0x0d910d91, 0x107d107d, 0x13db13db, 
	0x16691669, 0x17fb17fb, 0x19351935, 0x19b319b3, 0x19861986, 0x18be18be, 0x17cc17cc, 0x16861686, 
	0x14f114f1, 0x136f136f, 0x11a111a1, 0x0f7b0f7b, 0x0d0b0d0b, 0x0ab10ab1, 0x08260826, 0x05510551, 
	0x02cd02cd, 0x00890089, 0xfe2afe2a, 0xfbc2fbc2, 0xf984f984, 0xf779f779, 0xf5d7f5d7, 0xf492f492, 
	0xf39ff39f, 0xf318f318, 0xf2d0f2d0, 0xf2b2f2b2, 0xf2e0f2e0, 0xf377f377, 0xf44bf44b, 0xf4f4f4f4, 
	0xf599f599, 0xf653f653, 0xf701f701, 0xf7a7f7a7, 0xf85df85d, 0xf990f990, 0xfaecfaec, 0xfc3bfc3b, 
	0xfda2fda2, 0xff22ff22, 0x00790079, 0x017e017e, 0x026b026b, 0x03380338, 0x03e203e2, 0x04530453, 
	0x05040504, 0x05ae05ae, 0x06ab06ab, 0x09040904, 0x0bb50bb5, 0x0e2f0e2f, 0x11131113, 0x14681468, 
	0x17491749, 0x19a519a5, 0x1b8d1b8d, 0x1c9b1c9b, 0x1d031d03, 0x1cc11cc1, 0x1c021c02, 0x1ae11ae1, 
	0x195a195a, 0x17a517a5, 0x15b215b2, 0x13641364, 0x10ae10ae, 0x0db80db8, 0x0a9f0a9f, 0x072b072b, 
	0x03b303b3, 0x008f008f, 0xfd72fd72, 0xfa6afa6a, 0xf7c8f7c8, 0xf55af55a, 0xf2f6f2f6, 0xf13ef13e, 
	0xf022f022, 0xef39ef39, 0xee9eee9e, 0xee83ee83, 0xeee7eee7, 0xef3def3d, 0xefc8efc8, 0xf0dcf0dc, 
	0xf20cf20c, 0xf332f332, 0xf4bdf4bd, 0xf64cf64c, 0xf770f770, 0xf8d8f8d8, 0xfa87fa87, 0xfbf5fbf5, 
	0xfcfafcfa, 0xfe62fe62, 0x00330033, 0x01850185, 0x02870287, 0x03920392, 0x04990499, 0x055b055b, 
	0x05e005e0, 0x06780678, 0x07a707a7, 0x09ef09ef, 0x0d2c0d2c, 0x10e510e5, 0x14ea14ea, 0x19171917, 
	0x1ceb1ceb, 0x1fd91fd9, 0x21882188, 0x224f224f, 0x228e228e, 0x22162216, 0x20fa20fa, 0x1f8a1f8a, 
	0x1dc81dc8, 0x1be21be2, 0x1a141a14, 0x17d217d2, 0x14cf14cf, 0x117e117e, 0x0df90df9, 0x0a120a12, 
	0x05c705c7, 0x01b101b1, 0xfe0efe0e, 0xfa88fa88, 0xf74af74a, 0xf42ef42e, 0xf141f141, 0xeebeeebe, 
	0xeccaecca, 0xeb87eb87, 0xea7dea7d, 0xe9efe9ef, 0xea2aea2a, 0xeacceacc, 0xeb71eb71, 0xec56ec56, 
	0xedacedac, 0xef0cef0c, 0xf05af05a, 0xf1c8f1c8, 0xf3acf3ac, 0xf598f598, 0xf7b7f7b7, 0xfa1afa1a, 
	0xfc5afc5a, 0xfe8efe8e, 0x00900090, 0x02900290, 0x042e042e, 0x05930593, 0x07040704, 0x08400840, 
	0x09580958, 0x0ad20ad2, 0x0dbf0dbf, 0x121a121a, 0x17121712, 0x1c371c37, 0x21c821c8, 0x27172717, 
	0x2ae72ae7, 0x2ce02ce0, 0x2d7d2d7d, 0x2d082d08, 0x2b282b28, 0x285a285a, 0x257d257d, 0x22b222b2, 
	0x1f961f96, 0x1c8a1c8a, 0x19521952, 0x15241524, 0x109a109a, 0x0c190c19, 0x070e070e, 0x01810181, 
	0xfc6dfc6d, 0xf7f0f7f0, 0xf3a3f3a3, 0xefa4efa4, 0xec81ec81, 0xea1aea1a, 0xe7d7e7d7, 0xe62de62d, 
	0xe572e572, 0xe50ae50a, 0xe4e2e4e2, 0xe5bce5bc, 0xe71de71d, 0xe876e876, 0xea6cea6c, 0xece0ece0, 
	0xef12ef12, 0xf133f133, 0xf3abf3ab, 0xf603f603, 0xf801f801, 0xfa25fa25, 0xfc93fc93, 0xfeebfeeb, 
	0x01320132, 0x03980398, 0x05ca05ca, 0x07770777, 0x08d108d1, 0x0a060a06, 0x0b1c0b1c, 0x0c4b0c4b, 
	0x0eaf0eaf, 0x133c133c, 0x18eb18eb, 0x1f091f09, 0x25ec25ec, 0x2cd52cd5, 0x31f431f4, 0x35043504, 
	0x364f364f, 0x35273527, 0x325c325c, 0x2ef02ef0, 0x2ad22ad2, 0x26252625, 0x21f021f0, 0x1e571e57, 
	0x1a011a01, 0x14df14df, 0x0fa80fa8, 0x09f209f2, 0x03490349, 0xfc60fc60, 0xf64bf64b, 0xf139f139, 
	0xec94ec94, 0xe8ece8ec, 0xe685e685, 0xe4bce4bc, 0xe331e331, 0xe203e203, 0xe166e166, 0xe102e102, 
	0xe149e149, 0xe29ee29e, 0xe4e9e4e9, 0xe7b7e7b7, 0xeac6eac6, 0xee39ee39, 0xf176f176, 0xf43bf43b, 
	0xf6c0f6c0, 0xf90ef90e, 0xfb30fb30, 0xfd9afd9a, 0x004d004d, 0x030c030c, 0x057c057c, 0x07840784, 
	0x09360936, 0x0a680a68, 0x0ae50ae5, 0x0af90af9, 0x0bc20bc2, 0x0d3c0d3c, 0x114e114e, 0x18781878, 
	0x20512051, 0x28c428c4, 0x31b931b9, 0x39633963, 0x3ccc3ccc, 0x3d7f3d7f, 0x3d1a3d1a, 0x39763976, 
	0x33ff33ff, 0x2e262e26, 0x284f284f, 0x22f722f7, 0x1e091e09, 0x19191919, 0x12e512e5, 0x0bf40bf4, 
	0x05220522, 0xfe15fe15, 0xf68af68a, 0xefa8efa8, 0xea8aea8a, 0xe67de67d, 0xe359e359, 0xe13ce13c, 
	0xdfbbdfbb, 0xdea8dea8, 0xde38de38, 0xde74de74, 0xdef6def6, 0xe077e077, 0xe392e392, 0xe78ce78c, 
	0xeb6feb6f, 0xef3def3d, 0xf338f338, 0xf6b2f6b2, 0xf979f979, 0xfbe1fbe1, 0xfdfffdff, 0x001a001a, 
	0x02710271, 0x04d704d7, 0x06ed06ed, 0x08b208b2, 0x0a9a0a9a, 0x0baf0baf, 0x0b6c0b6c, 0x0b4a0b4a, 
	0x0bd30bd3, 0x0c3d0c3d, 0x0d920d92, 0x12f112f1, 0x1af71af7, 0x233c233c, 0x2c1a2c1a, 0x34f334f3, 
	0x3b853b85, 0x3d9d3d9d, 0x3df03df0, 0x3cd53cd5, 0x38893889, 0x335d335d, 0x2da62da6, 0x27142714, 
	0x208d208d, 0x1aa01aa0, 0x14121412, 0x0be60be6, 0x03d903d9, 0xfcbbfcbb, 0xf5a9f5a9, 0xeecbeecb, 
	0xe999e999, 0xe5e8e5e8, 0xe2f5e2f5, 0xe0eae0ea, 0xdf40df40, 0xddbdddbd, 0xdd51dd51, 0xde05de05, 
	0xdf66df66, 0xe1d1e1d1, 0xe5a1e5a1, 0xea82ea82, 0xef34ef34, 0xf325f325, 0xf6a6f6a6, 0xf9cef9ce, 
	0xfc3efc3e, 0xfdedfded, 0xffafffaf, 0x01820182, 0x03890389, 0x06240624, 0x08470847, 0x09760976, 
	0x0a250a25, 0x0a450a45, 0x09e909e9, 0x09550955, 0x08fc08fc, 0x09a409a4, 0x0c290c29, 0x11c711c7, 
	0x1a181a18, 0x22b822b8, 0x2afa2afa, 0x33073307, 0x39593959, 0x3c7b3c7b, 0x3c8a3c8a, 0x3a553a55, 
	0x370c370c, 0x333d333d, 0x2e3f2e3f, 0x28252825, 0x214f214f, 0x19f819f8, 0x12571257, 0x09e209e2, 
	0x00fd00fd, 0xf95af95a, 0xf3a7f3a7, 0xee9bee9b, 0xea1dea1d, 0xe749e749, 0xe5b0e5b0, 0xe3eae3ea, 
	0xe20fe20f, 0xe150e150, 0xe176e176, 0xe298e298, 0xe546e546, 0xe8e2e8e2, 0xec8eec8e, 0xf093f093, 
	0xf4f3f4f3, 0xf83df83d, 0xfa37fa37, 0xfc0dfc0d, 0xfddefdde, 0xff41ff41, 0x010e010e, 0x03110311, 
	0x04c504c5, 0x068a068a, 0x07e707e7, 0x08510851, 0x07c507c5, 0x070a070a, 0x06910691, 0x06510651, 
	0x06b006b0, 0x07be07be, 0x0b1b0b1b, 0x126f126f, 0x1bd91bd9, 0x25642564, 0x2e242e24, 0x36803680, 
	0x3bfe3bfe, 0x3cae3cae, 0x3cf03cf0, 0x3bb53bb5, 0x387c387c, 0x34d734d7, 0x2ec72ec7, 0x275a275a, 
	0x1f031f03, 0x15bc15bc, 0x0bb90bb9, 0x016f016f, 0xf84ff84f, 0xf160f160, 0xeca9eca9, 0xe8c5e8c5, 
	0xe52de52d, 0xe215e215, 0xdf86df86, 0xdd1cdd1c, 0xdb11db11, 0xda95da95, 0xdc56dc56, 0xdfa9dfa9, 
	0xe409e409, 0xe8eee8ee, 0xed92ed92, 0xf1acf1ac, 0xf571f571, 0xf946f946, 0xfc92fc92, 0xfffafffa, 
	0x040e040e, 0x07cb07cb, 0x09f309f3, 0x0ae80ae8, 0x0bda0bda, 0x0c630c63, 0x0c610c61, 0x0c9c0c9c, 
	0x0d0d0d0d, 0x0d190d19, 0x0d690d69, 0x0d510d51, 0x0cb90cb9, 0x0c640c64, 0x0e110e11, 0x14c814c8, 
	0x1efb1efb, 0x28c728c7, 0x31cd31cd, 0x3a403a40, 0x3dab3dab, 0x3de23de2, 0x3e2d3e2d, 0x3bc23bc2, 
	0x383c383c, 0x346b346b, 0x2ebb2ebb, 0x26252625, 0x1b801b80, 0x106c106c, 0x053c053c, 0xfaa9faa9, 
	0xf1f8f1f8, 0xec68ec68, 0xe8a2e8a2, 0xe532e532, 0xe197e197, 0xde1ede1e, 0xdb41db41, 0xd9a9d9a9, 
	0xd9e2d9e2, 0xdb6bdb6b, 0xde84de84, 0xe2eee2ee, 0xe7ace7ac, 0xeb42eb42, 0xee46ee46, 0xf208f208, 
	0xf5f8f5f8, 0xfa34fa34, 0xff1aff1a, 0x03d303d3, 0x07a007a0, 0x0a6f0a6f, 0x0b690b69, 0x0adf0adf, 
	0x0a680a68, 0x0a640a64, 0x0ab30ab3, 0x0bcb0bcb, 0x0cc10cc1, 0x0caf0caf, 0x0bd30bd3, 0x0a370a37, 
	0x09010901, 0x09190919, 0x0c3f0c3f, 0x151b151b, 0x21e021e0, 0x2cd12cd1, 0x35263526, 0x3b963b96, 
	0x3d7f3d7f, 0x3db93db9, 0x3e263e26, 0x3d813d81, 0x3ca13ca1, 0x3a103a10, 0x33b533b5, 0x28a628a6, 
	0x1af61af6, 0x0e680e68, 0x03f603f6, 0xfb07fb07, 0xf405f405, 0xef68ef68, 0xeb11eb11, 0xe56be56b, 
	0xdfb6dfb6, 0xdb9edb9e, 0xda1fda1f, 0xdb70db70, 0xde16de16, 0xe0a5e0a5, 0xe399e399, 0xe6c7e6c7, 
	0xe966e966, 0xeb89eb89, 0xef03ef03, 0xf456f456, 0xf9f5f9f5, 0xff12ff12, 0x030e030e, 0x06680668, 
	0x08e808e8, 0x0a400a40, 0x0abc0abc, 0x0a900a90, 0x0aac0aac, 0x0af00af0, 0x0ae00ae0, 0x0a2d0a2d, 
	0x09500950, 0x08500850, 0x06db06db, 0x057d057d, 0x05340534, 0x069f069f, 0x0ac10ac1, 0x14151415, 
	0x20002000, 0x295b295b, 0x30c030c0, 0x37e237e2, 0x3bc43bc4, 0x3c503c50, 0x3cb23cb2, 0x3d193d19, 
	0x3ce93ce9, 0x395d395d, 0x30f130f1, 0x24c824c8, 0x17fb17fb, 0x0d6f0d6f, 0x03ef03ef, 0xfb5bfb5b, 
	0xf44cf44c, 0xee3bee3b, 0xe85ae85a, 0xe289e289, 0xdd96dd96, 0xdac8dac8, 0xda8bda8b, 0xdb82db82, 
	0xdcc4dcc4, 0xde46de46, 0xe086e086, 0xe35ce35c, 0xe697e697, 0xea6eea6e, 0xeebdeebd, 0xf395f395, 
	0xf8b0f8b0, 0xfd1efd1e, 0x00a400a4, 0x043e043e, 0x084a084a, 0x0b9a0b9a, 0x0cff0cff, 0x0dd10dd1, 
	0x0eda0eda, 0x0f3a0f3a, 0x0f580f58, 0x0f7e0f7e, 0x0f630f63, 0x0ef90ef9, 0x0dc60dc6, 0x0c160c16, 
	0x0b0a0b0a, 0x0c8b0c8b, 0x14c214c2, 0x21752175, 0x2b542b54, 0x316e316e, 0x36953695, 0x3aea3aea, 
	0x3c5a3c5a, 0x3cbe3cbe, 0x3ca53ca5, 0x3cd33cd3, 0x3bff3bff, 0x33363336, 0x25b525b5, 0x18dc18dc, 
	0x0e8b0e8b, 0x067c067c, 0xfd5ffd5f, 0xf501f501, 0xee9dee9d, 0xe81ae81a, 0xe04ae04a, 0xdae6dae6, 
	0xda05da05, 0xdb32db32, 0xdc5fdc5f, 0xdc9edc9e, 0xdd1cdd1c, 0xde6dde6d, 0xe1d3e1d3, 0xe631e631, 
	0xe97de97d, 0xed00ed00, 0xf256f256, 0xf6e0f6e0, 0xf8e4f8e4, 0xfc5afc5a, 0x012b012b, 0x054f054f, 
	0x081b081b, 0x09ba09ba, 0x09e309e3, 0x097b097b, 0x0a8b0a8b, 0x0bb50bb5, 0x0c490c49, 0x0c1f0c1f, 
	0x0b1a0b1a, 0x087c087c, 0x06380638, 0x064e064e, 0x08020802, 0x0c830c83, 0x15bf15bf, 0x216d216d, 
	0x295f295f, 0x2e252e25, 0x32e932e9, 0x392a392a, 0x3ddc3ddc, 0x3dfe3dfe, 0x3dd63dd6, 0x3dbd3dbd, 
	0x39f139f1, 0x30eb30eb, 0x266e266e, 0x1ccf1ccf, 0x15391539, 0x0ed00ed0, 0x04830483, 0xf8d5f8d5, 
	0xf0adf0ad, 0xeb1feb1f, 0xe5fae5fa, 0xe2c8e2c8, 0xe17ae17a, 0xe02fe02f, 0xde9bde9b, 0xdc2fdc2f, 
	0xda9ada9a, 0xdce7dce7, 0xe26de26d, 0xe6dce6dc, 0xe966e966, 0xebb2ebb2, 0xeef7eef7, 0xf33bf33b, 
	0xf805f805, 0xfd6efd6e, 0x02f002f0, 0x07a707a7, 0x09c709c7, 0x09b009b0, 0x093d093d, 0x0a010a01, 
	0x0bcc0bcc, 0x0d2b0d2b, 0x0d030d03, 0x0b1f0b1f, 0x093c093c, 0x07180718, 0x049e049e, 0x04300430, 
	0x059d059d, 0x070f070f, 0x0a4e0a4e, 0x12221222, 0x1c581c58, 0x246a246a, 0x2a112a11, 0x2f6b2f6b, 
	0x36313631, 0x3bd83bd8, 0x3c943c94, 0x3c253c25, 0x3b1c3b1c, 0x36873687, 0x2e862e86, 0x24c224c2, 
	0x1c131c13, 0x14cc14cc, 0x0e1b0e1b, 0x063b063b, 0xfd39fd39, 0xf540f540, 0xef1cef1c, 0xe9c3e9c3, 
	0xe3fbe3fb, 0xdee6dee6, 0xdb99db99, 0xd964d964, 0xd769d769, 0xd688d688, 0xd74bd74b, 0xd98ad98a, 
	0xdc71dc71, 0xdf98df98, 0xe402e402, 0xe9c4e9c4, 0xeff3eff3, 0xf600f600, 0xfbdafbda, 0x00c700c7, 
	0x059a059a, 0x0a950a95, 0x0e440e44, 0x10501050, 0x119e119e, 0x13341334, 0x149f149f, 0x14b614b6, 
	0x13351335, 0x115f115f, 0x0fbb0fbb, 0x0e9f0e9f, 0x0da50da5, 0x0cff0cff, 0x0fdc0fdc, 0x18471847, 
	0x21e821e8, 0x267e267e, 0x28672867, 0x2cd52cd5, 0x34903490, 0x3adf3adf, 0x3c533c53, 0x3bcd3bcd, 
	0x39353935, 0x34013401, 0x2d342d34, 0x25452545, 0x1e301e30, 0x18cf18cf, 0x128f128f, 0x08300830, 
	0xfd0cfd0c, 0xf66af66a, 0xf2bbf2bb, 0xee31ee31, 0xe7c8e7c8, 0xe0a9e0a9, 0xdac7dac7, 0xd6fcd6fc, 
	0xd411d411, 0xd252d252, 0xd318d318, 0xd4e0d4e0, 0xd5c2d5c2, 0xd6c8d6c8, 0xdabbdabb, 0xe1dfe1df, 
	0xe982e982, 0xef2bef2b, 0xf33ff33f, 0xf7abf7ab, 0xfc80fc80, 0x01b901b9, 0x07150715, 0x0b2b0b2b, 
	0x0d540d54, 0x0e7f0e7f, 0x0f150f15, 0x0f2f0f2f, 0x105b105b, 0x11db11db, 0x11b111b1, 0x104a104a, 
	0x0ef50ef5, 0x0ddf0ddf, 0x0edc0edc, 0x15341534, 0x1f141f14, 0x26102610, 0x286d286d, 0x2af32af3, 
	0x301e301e, 0x37a437a4, 0x3da43da4, 0x3e823e82, 0x3c563c56, 0x380f380f, 0x329e329e, 0x2c822c82, 
	0x26362636, 0x21452145, 0x1c0e1c0e, 0x14361436, 0x09dd09dd, 0x00ed00ed, 0xfb46fb46, 0xf717f717, 
	0xf230f230, 0xeb6eeb6e, 0xe40ce40c, 0xdd79dd79, 0xd8b7d8b7, 0xd56ad56a, 0xd3abd3ab, 0xd31cd31c, 
	0xd355d355, 0xd462d462, 0xd61cd61c, 0xdaf3daf3, 0xe19be19b, 0xe825e825, 0xeeaeeeae, 0xf391f391, 
	0xf7b9f7b9, 0xfcedfced, 0x02d102d1, 0x074b074b, 0x09f209f2, 0x0c040c04, 0x0d240d24, 0x0d830d83, 
	0x0e780e78, 0x0fca0fca, 0x104a104a, 0x0fe60fe6, 0x0eb20eb2, 0x0d460d46, 0x0c730c73, 0x0d380d38, 
	0x113b113b, 0x186e186e, 0x1fda1fda, 0x24302430, 0x269d269d, 0x2b6b2b6b, 0x33be33be, 0x3b283b28, 
	0x3d4d3d4d, 0x3b1a3b1a, 0x37913791, 0x33d933d9, 0x2f5c2f5c, 0x2a5c2a5c, 0x26172617, 0x21f821f8, 
	0x1b3e1b3e, 0x10ba10ba, 0x06890689, 0x01340134, 0xfe88fe88, 0xf949f949, 0xf092f092, 0xe723e723, 
	0xdf7ddf7d, 0xda32da32, 0xd5ded5de, 0xd245d245, 0xcfc2cfc2, 0xce52ce52, 0xcdc6cdc6, 0xcdd3cdd3, 
	0xd0b9d0b9, 0xd75dd75d, 0xdf71df71, 0xe571e571, 0xe88fe88f, 0xecbbecbb, 0xf353f353, 0xfaa4faa4, 
	0x00a000a0, 0x04b004b0, 0x07b507b5, 0x0a120a12, 0x0cba0cba, 0x0fc30fc3, 0x12b712b7, 0x15ea15ea, 
	0x17d317d3, 0x16641664, 0x15201520, 0x16cf16cf, 0x180d180d, 0x19941994, 0x1fca1fca, 0x26e226e2, 
	0x28c228c2, 0x28dc28dc, 0x2cae2cae, 0x33ab33ab, 0x39e839e8, 0x3bf73bf7, 0x397c397c, 0x35b435b4, 
	0x33653365, 0x309c309c, 0x2bcc2bcc, 0x27d527d5, 0x24a124a1, 0x1d0b1d0b, 0x12311231, 0x0a9e0a9e, 
	0x070b070b, 0x03980398, 0xfd94fd94, 0xf475f475, 0xeb1beb1b, 0xe465e465, 0xdea0dea0, 0xd8f8d8f8, 
	0xd463d463, 0xd137d137, 0xced9ced9, 0xcc70cc70, 0xcc4ecc4e, 0xd079d079, 0xd66fd66f, 0xda26da26, 
	0xdd0ddd0d, 0xe223e223, 0xe842e842, 0xeedceedc, 0xf499f499, 0xf83af83a, 0xfc97fc97, 0x02170217, 
	0x05bd05bd, 0x08580858, 0x0c3e0c3e, 0x10251025, 0x11a511a5, 0x11da11da, 0x12d012d0, 0x14311431, 
	0x152a152a, 0x15581558, 0x14be14be, 0x15f015f0, 0x1cbf1cbf, 0x24db24db, 0x27292729, 0x27262726, 
	0x2bac2bac, 0x33533353, 0x38ba38ba, 0x39e439e4, 0x38073807, 0x35cb35cb, 0x337c337c, 0x30133013, 
	0x2c782c78, 0x29cb29cb, 0x26ba26ba, 0x1fc61fc6, 0x15781578, 0x0e460e46, 0x0c820c82, 0x09310931, 
	0x00ab00ab, 0xf641f641, 0xece4ece4, 0xe61ce61c, 0xe17ce17c, 0xdc4adc4a, 0xd66bd66b, 0xd350d350, 
	0xd1dad1da, 0xcff2cff2, 0xd00dd00d, 0xd454d454, 0xda72da72, 0xdeaadeaa, 0xe0e6e0e6, 0xe332e332, 
	0xe82ce82c, 0xef3eef3e, 0xf4cbf4cb, 0xf7bef7be, 0xfa68fa68, 0xfe24fe24, 0x02110211, 0x06170617, 
	0x097b097b, 0x0bca0bca, 0x0e040e04, 0x0fee0fee, 0x105e105e, 0x10dd10dd, 0x12741274, 0x12491249, 
	0x10a210a2, 0x12771277, 0x19871987, 0x208c208c, 0x234d234d, 0x24702470, 0x28382838, 0x2f722f72, 
	0x37213721, 0x3a7c3a7c, 0x37d237d2, 0x34483448, 0x33da33da, 0x33a233a2, 0x31613161, 0x2e6e2e6e, 
	0x294a294a, 0x205e205e, 0x18921892, 0x14d214d2, 0x10e510e5, 0x0a120a12, 0x01dc01dc, 0xf85bf85b, 
	0xeed7eed7, 0xe916e916, 0xe556e556, 0xdfd7dfd7, 0xd959d959, 0xd443d443, 0xd19bd19b, 0xd11bd11b, 
	0xd26cd26c, 0xd488d488, 0xd665d665, 0xd804d804, 0xdadcdadc, 0xe024e024, 0xe606e606, 0xeb00eb00, 
	0xef86ef86, 0xf34bf34b, 0xf6e9f6e9, 0xfc00fc00, 0x01a401a4, 0x05d005d0, 0x086c086c, 0x0a140a14, 
	0x0b3e0b3e, 0x0cdd0cdd, 0x0ee60ee6, 0x0fe90fe9, 0x0f7a0f7a, 0x0eb90eb9, 0x0e970e97, 0x0f950f95, 
	0x13731373, 0x1a901a90, 0x20542054, 0x21be21be, 0x23ad23ad, 0x2aaa2aaa, 0x33403340, 0x38413841, 
	0x39653965, 0x38fc38fc, 0x38723872, 0x38ef38ef, 0x3a0d3a0d, 0x38263826, 0x32213221, 0x2c102c10, 
	0x272c272c, 0x21252125, 0x1aea1aea, 0x14c114c1, 0x0c0a0c0a, 0x01cf01cf, 0xf8b2f8b2, 0xf09bf09b, 
	0xea09ea09, 0xe4c4e4c4, 0xdddaddda, 0xd623d623, 0xd1b8d1b8, 0xd04ed04e, 0xcf32cf32, 0xce30ce30, 
	0xce22ce22, 0xcf6dcf6d, 0xd202d202, 0xd563d563, 0xd960d960, 0xde10de10, 0xe34de34d, 0xe87ae87a, 
	0xed4fed4f, 0xf2eaf2ea, 0xfa13fa13, 0x00e200e2, 0x05110511, 0x07880788, 0x0a770a77, 0x0def0def, 
	0x10691069, 0x11141114, 0x108c108c, 0x0fdc0fdc, 0x0fdf0fdf, 0x10ad10ad, 0x11c711c7, 0x14581458, 
	0x19b419b4, 0x1f111f11, 0x21462146, 0x233f233f, 0x291d291d, 0x30e530e5, 0x36283628, 0x37b137b1, 
	0x37673767, 0x385d385d, 0x3b393b39, 0x3c243c24, 0x38a038a0, 0x34093409, 0x315a315a, 0x2e0b2e0b, 
	0x27d527d5, 0x21202120, 0x1b381b38, 0x13681368, 0x09920992, 0x00d000d0, 0xf941f941, 0xf1cbf1cb, 
	0xeabaeaba, 0xe2b4e2b4, 0xda74da74, 0xd63ed63e, 0xd477d477, 0xd018d018, 0xcbc6cbc6, 0xcb8bcb8b, 
	0xccfdccfd, 0xce50ce50, 0xd0eed0ee, 0xd499d499, 0xd8a9d8a9, 0xddacddac, 0xe32de32d, 0xe838e838, 
	0xed6fed6f, 0xf399f399, 0xf962f962, 0xfd84fd84, 0x017a017a, 0x064d064d, 0x0a8c0a8c, 0x0d770d77, 
	0x0f3a0f3a, 0x101f101f, 0x11571157, 0x12a512a5, 0x12c412c4, 0x12321232, 0x11941194, 0x12661266, 
	0x17371737, 0x1d8b1d8b, 0x20232023, 0x20c720c7, 0x24b224b2, 0x2bb62bb6, 0x325c325c, 0x366c366c, 
	0x380d380d, 0x393e393e, 0x3aee3aee, 0x3c573c57, 0x3c503c50, 0x3a9e3a9e, 0x387e387e, 0x35133513, 
	0x2e9a2e9a, 0x27ec27ec, 0x232a232a, 0x1d0a1d0a, 0x140f140f, 0x0a5e0a5e, 0x01260126, 0xf929f929, 
	0xf224f224, 0xe9e4e9e4, 0xe0afe0af, 0xd934d934, 0xd42fd42f, 0xcff1cff1, 0xcb44cb44, 0xc87ac87a, 
	0xc98bc98b, 0xcb57cb57, 0xcc1fcc1f, 0xce78ce78, 0xd25fd25f, 0xd60dd60d, 0xda76da76, 0xdfd4dfd4, 
	0xe4a0e4a0, 0xe92ee92e, 0xee20ee20, 0xf302f302, 0xf85cf85c, 0xfe51fe51, 0x03400340, 0x062f062f, 
	0x08e208e2, 0x0d380d38, 0x10f610f6, 0x121a121a, 0x13201320, 0x14461446, 0x13611361, 0x134b134b, 
	0x17091709, 0x1c0c1c0c, 0x1f641f64, 0x20a620a6, 0x22242224, 0x27792779, 0x2f432f43, 0x34eb34eb, 
	0x37193719, 0x373d373d, 0x38493849, 0x3b2a3b2a, 0x3d203d20, 0x3c9c3c9c, 0x39af39af, 0x35ad35ad, 
	0x32903290, 0x2ee22ee2, 0x29062906, 0x22622262, 0x1adc1adc, 0x11d711d7, 0x093e093e, 0x01e201e2, 
	0xfa2dfa2d, 0xf146f146, 0xe792e792, 0xdee5dee5, 0xd997d997, 0xd667d667, 0xd215d215, 0xcccbcccb, 
	0xc97ec97e, 0xc9a1c9a1, 0xcbd4cbd4, 0xce34ce34, 0xcfc2cfc2, 0xd14cd14c, 0xd582d582, 0xdc32dc32, 
	0xe219e219, 0xe6c9e6c9, 0xeba7eba7, 0xf0a6f0a6, 0xf65cf65c, 0xfce3fce3, 0x01f301f3, 0x05790579, 
	0x093b093b, 0x0c610c61, 0x0e890e89, 0x10d710d7, 0x12bd12bd, 0x139d139d, 0x13ac13ac, 0x12e912e9, 
	0x12301230, 0x13c713c7, 0x186e186e, 0x1c221c22, 0x1beb1beb, 0x1c531c53, 0x21c021c0, 0x29812981, 
	0x2f682f68, 0x32013201, 0x32293229, 0x33a633a6, 0x380b380b, 0x3ae03ae0, 0x397c397c, 0x36bf36bf, 
	0x34cf34cf, 0x324a324a, 0x2e1e2e1e, 0x29e129e1, 0x250a250a, 0x1d491d49, 0x14cb14cb, 0x0da50da5, 
	0x05d905d9, 0xfdaefdae, 0xf668f668, 0xedf1edf1, 0xe4b4e4b4, 0xde93de93, 0xdaa1daa1, 0xd5a2d5a2, 
	0xd0cfd0cf, 0xcd77cd77, 0xcb94cb94, 0xcc41cc41, 0xce58ce58, 0xcf80cf80, 0xd095d095, 0xd3b3d3b3, 
	0xd8c1d8c1, 0xddf6ddf6, 0xe2b5e2b5, 0xe7cce7cc, 0xecfcecfc, 0xf1c1f1c1, 0xf716f716, 0xfcdafcda, 
	0x014f014f, 0x04b404b4, 0x079c079c, 0x09b809b8, 0x0c780c78, 0x0f730f73, 0x0f940f94, 0x0e0f0e0f, 
	0x0e9c0e9c, 0x10731073, 0x10801080, 0x0f570f57, 0x109c109c, 0x14e214e2, 0x18961896, 0x1a7f1a7f, 
	0x1d5e1d5e, 0x232d232d, 0x2ad42ad4, 0x30783078, 0x32623262, 0x349c349c, 0x39193919, 0x3c903c90, 
	0x3d5b3d5b, 0x3bf33bf3, 0x397b397b, 0x37ea37ea, 0x361d361d, 0x31143114, 0x29be29be, 0x22b422b4, 
	0x1b931b93, 0x138d138d, 0x0b210b21, 0x02980298, 0xfa94fa94, 0xf28cf28c, 0xe8f9e8f9, 0xe020e020, 
	0xdae3dae3, 0xd6eed6ee, 0xd192d192, 0xcc9fcc9f, 0xca60ca60, 0xca67ca67, 0xcb55cb55, 0xcc44cc44, 
	0xcd6fcd6f, 0xd06ed06e, 0xd5b4d5b4, 0xdb2edb2e, 0xdf53df53, 0xe351e351, 0xe8ade8ad, 0xeec5eec5, 
	0xf480f480, 0xf9aff9af, 0xfd9bfd9b, 0x004d004d, 0x03890389, 0x075e075e, 0x0a3b0a3b, 0x0c1b0c1b, 
	0x0d3d0d3d, 0x0d250d25, 0x0cf30cf3, 0x0e830e83, 0x10841084, 0x10381038, 0x0f520f52, 0x119b119b, 
	0x164c164c, 0x1a301a30, 0x1cfd1cfd, 0x202e202e, 0x24e724e7, 0x2b812b81, 0x31ae31ae, 0x34e034e0, 
	0x36f636f6, 0x3a093a09, 0x3c943c94, 0x3d7e3d7e, 0x3cec3cec, 0x3ae03ae0, 0x37d837d8, 0x34303430, 
	0x2fb12fb1, 0x29f229f2, 0x23132313, 0x1bb81bb8, 0x13e313e3, 0x0be10be1, 0x04a804a8, 0xfd85fd85, 
	0xf463f463, 0xea13ea13, 0xe26be26b, 0xddacddac, 0xd836d836, 0xd1c2d1c2, 0xccb5ccb5, 0xc97bc97b, 
	0xc81fc81f, 0xc8aac8aa, 0xc948c948, 0xc987c987, 0xcb9acb9a, 0xcfe8cfe8, 0xd4d3d4d3, 0xd9dbd9db, 
	0xdf2ddf2d, 0xe43ce43c, 0xe979e979, 0xf032f032, 0xf711f711, 0xfc25fc25, 0x00200020, 0x03bc03bc, 
	0x07640764, 0x0b900b90, 0x0ec50ec5, 0x0f7f0f7f, 0x0edf0edf, 0x0f580f58, 0x11311131, 0x12091209, 
	0x108c108c, 0x0e900e90, 0x0e8c0e8c, 0x11201120, 0x15671567, 0x185a185a, 0x18831883, 0x1add1add, 
	0x22132213, 0x29342934, 0x2d0c2d0c, 0x2f402f40, 0x32463246, 0x36493649, 0x39b839b8, 0x3bed3bed, 
	0x3b9c3b9c, 0x38f438f4, 0x36f636f6, 0x35633563, 0x32283228, 0x2d532d53, 0x26602660, 0x1dc41dc4, 
	0x16961696, 0x10cd10cd, 0x090e090e, 0xff49ff49, 0xf5b5f5b5, 0xed21ed21, 0xe5b7e5b7, 0xdf55df55, 
	0xd924d924, 0xd1f5d1f5, 0xcb7fcb7f, 0xc942c942, 0xc931c931, 0xc7ccc7cc, 0xc6ffc6ff, 0xc870c870, 
	0xcae3cae3, 0xcea9cea9, 0xd449d449, 0xd992d992, 0xddbcddbc, 0xe328e328, 0xea03ea03, 0xf04cf04c, 
	0xf5c5f5c5, 0xfadefade, 0xfee4fee4, 0x023b023b, 0x06c306c3, 0x0aed0aed, 0x0c360c36, 0x0cdb0cdb, 
	0x0e5c0e5c, 0x0f340f34, 0x0f570f57, 0x0f450f45, 0x0e700e70, 0x0d490d49, 0x0d730d73, 0x0e920e92, 
	0x0ed50ed5, 0x0fcb0fcb, 0x14371437, 0x19241924, 0x1afb1afb, 0x1e831e83, 0x26a826a8, 0x2d632d63, 
	0x30dc30dc, 0x33df33df, 0x36ba36ba, 0x3a073a07, 0x3ced3ced, 0x3d1e3d1e, 0x3a8e3a8e, 0x38083808, 
	0x37ba37ba, 0x35133513, 0x2d6a2d6a, 0x26632663, 0x20ad20ad, 0x18dd18dd, 0x10ad10ad, 0x08810881, 
	0xfea2fea2, 0xf583f583, 0xee48ee48, 0xe58ae58a, 0xdc03dc03, 0xd63ed63e, 0xd2ccd2cc, 0xcd28cd28, 
	0xc7b6c7b6, 0xc6d2c6d2, 0xc789c789, 0xc713c713, 0xc838c838, 0xcb46cb46, 0xce6cce6c, 0xd293d293, 
	0xd7d6d7d6, 0xdc45dc45, 0xe07ae07a, 0xe6ede6ed, 0xed88ed88, 0xf1baf1ba, 0xf668f668, 0xfc25fc25, 
	0x00690069, 0x04320432, 0x083e083e, 0x0ad60ad6, 0x0c320c32, 0x0dfa0dfa, 0x0f560f56, 0x0ee20ee2, 
	0x0e1e0e1e, 0x0e0e0e0e, 0x0d780d78, 0x0cb10cb1, 0x0d420d42, 0x0d8b0d8b, 0x0c830c83, 0x0e5a0e5a, 
	0x13df13df, 0x17e117e1, 0x19bd19bd, 0x1d501d50, 0x23552355, 0x29ca29ca, 0x2f632f63, 0x32e132e1, 
	0x343a343a, 0x37093709, 0x3bd43bd4, 0x3db63db6, 0x3b923b92, 0x38de38de, 0x37363736, 0x34fe34fe, 
	0x31043104, 0x2bab2bab, 0x24322432, 0x1bbb1bbb, 0x14f014f0, 0x0dfe0dfe, 0x04f804f8, 0xfbacfbac, 
	0xf2d2f2d2, 0xe9f4e9f4, 0xe28de28d, 0xdd46dd46, 0xd760d760, 0xd03ad03a, 0xcb97cb97, 0xca52ca52, 
	0xc97cc97c, 0xc876c876, 0xc885c885, 0xc9c4c9c4, 0xcca1cca1, 0xd18cd18c, 0xd64ad64a, 0xd970d970, 
	0xddd1ddd1, 0xe512e512, 0xebcbebcb, 0xf00cf00c, 0xf4caf4ca, 0xfae0fae0, 0xffe3ffe3, 0x03cb03cb, 
	0x074e074e, 0x09c209c2, 0x0bcb0bcb, 0x0dcc0dcc, 0x0e340e34, 0x0d9b0d9b, 0x0e4b0e4b, 0x0ef80ef8, 
	0x0db70db7, 0x0c640c64, 0x0d2c0d2c, 0x0eec0eec, 0x0f440f44, 0x0ef70ef7, 0x101c101c, 0x12e412e4, 
	0x17961796, 0x1c4d1c4d, 0x1e111e11, 0x20402040, 0x266c266c, 0x2cba2cba, 0x2f672f67, 0x30643064, 
	0x32b232b2, 0x35e135e1, 0x37573757, 0x36023602, 0x332c332c, 0x30a230a2, 0x2e3f2e3f, 0x29fe29fe, 
	0x23a823a8, 0x1d3d1d3d, 0x17001700, 0x0f880f88, 0x073e073e, 0xffafffaf, 0xf88ff88f, 0xf0b3f0b3, 
	0xe8c5e8c5, 0xe21de21d, 0xdcdddcdd, 0xd8aed8ae, 0xd4a6d4a6, 0xd035d035, 0xcd76cd76, 0xcde9cde9, 
	0xcf1ccf1c, 0xcf20cf20, 0xcf91cf91, 0xd256d256, 0xd6c2d6c2, 0xda9dda9d, 0xddfeddfe, 0xe2aee2ae, 
	0xe81fe81f, 0xed3bed3b, 0xf1fef1fe, 0xf64df64d, 0xfb01fb01, 0xffedffed, 0x035f035f, 0x05d705d7, 
	0x08be08be, 0x0ba60ba6, 0x0d230d23, 0x0d8a0d8a, 0x0e8d0e8d, 0x0f800f80, 0x0fa40fa4, 0x0fee0fee, 
	0x0ff40ff4, 0x0fc40fc4, 0x106a106a, 0x11391139, 0x11661166, 0x11821182, 0x12661266, 0x13ad13ad, 
	0x14c514c5, 0x16c316c3, 0x199b199b, 0x1b681b68, 0x1cd71cd7, 0x1fba1fba, 0x231a231a, 0x259f259f, 
	0x272f272f, 0x27ef27ef, 0x28db28db, 0x2a462a46, 0x2a9d2a9d, 0x28f728f7, 0x267b267b, 0x24432443, 
	0x21762176, 0x1d5e1d5e, 0x18aa18aa, 0x13991399, 0x0e370e37, 0x08ac08ac, 0x03050305, 0xfd43fd43, 
	0xf74ff74f, 0xf1cff1cf, 0xed10ed10, 0xe870e870, 0xe415e415, 0xe066e066, 0xdd4add4a, 0xdaecdaec, 
	0xd994d994, 0xd8e7d8e7, 0xd891d891, 0xd931d931, 0xdac2dac2, 0xdce4dce4, 0xdf9ddf9d, 0xe266e266, 
	0xe5b0e5b0, 0xe9a6e9a6, 0xed89ed89, 0xf184f184, 0xf56bf56b, 0xf949f949, 0xfd41fd41, 0x008d008d, 
	0x03710371, 0x06800680, 0x092d092d, 0x0b150b15, 0x0cb30cb3, 0x0e5e0e5e, 0x0f7f0f7f, 0x10081008, 
	0x10521052, 0x105c105c, 0x10ad10ad, 0x10bb10bb, 0x0fe00fe0, 0x0f060f06, 0x0ea00ea0, 0x0e3c0e3c, 
	0x0dbe0dbe, 0x0d5e0d5e, 0x0d000d00, 0x0ca70ca7, 0x0cd20cd2, 0x0de70de7, 0x0fcd0fcd, 0x118c118c, 
	0x12b812b8, 0x144d144d, 0x16a716a7, 0x19561956, 0x1b771b77, 0x1c641c64, 0x1d1e1d1e, 0x1e121e12, 
	0x1ec21ec2, 0x1ec91ec9, 0x1db31db3, 0x1bc71bc7, 0x19d819d8, 0x17fb17fb, 0x15231523, 0x11781178, 
	0x0dc80dc8, 0x099d099d, 0x05410541, 0x01230123, 0xfcb5fcb5, 0xf813f813, 0xf39ff39f, 0xef79ef79, 
	0xebf9ebf9, 0xe971e971, 0xe743e743, 0xe4a8e4a8, 0xe302e302, 0xe330e330, 0xe3afe3af, 0xe3e2e3e2, 
	0xe484e484, 0xe670e670, 0xe8f3e8f3, 0xeb3aeb3a, 0xee1eee1e, 0xf143f143, 0xf45bf45b, 0xf7baf7ba, 
	0xfac2fac2, 0xfdd1fdd1, 0x014e014e, 0x046b046b, 0x068c068c, 0x081b081b, 0x0a180a18, 0x0c080c08, 
	0x0d190d19, 0x0d810d81, 0x0d8c0d8c, 0x0dd60dd6, 0x0e1b0e1b, 0x0da30da3, 0x0cba0cba, 0x0bcc0bcc, 
	0x0b140b14, 0x0a910a91, 0x09c309c3, 0x087c087c, 0x07880788, 0x07020702, 0x06240624, 0x05420542, 
	0x04d504d5, 0x047e047e, 0x04870487, 0x057b057b, 0x07130713, 0x08a908a9, 0x0a400a40, 0x0c850c85, 
	0x0f3d0f3d, 0x11ef11ef, 0x14611461, 0x16401640, 0x17c917c9, 0x19561956, 0x1ac31ac3, 0x1b071b07, 
	0x1a5d1a5d, 0x19f819f8, 0x18ed18ed, 0x16e816e8, 0x14aa14aa, 0x11da11da, 0x0eaa0eaa, 0x0b540b54, 
	0x077f077f, 0x03a103a1, 0x000f000f, 0xfc51fc51, 0xf854f854, 0xf4e6f4e6, 0xf258f258, 0xeffdeffd, 
	0xed7eed7e, 0xeb4feb4f, 0xea17ea17, 0xe9abe9ab, 0xe9c7e9c7, 0xea43ea43, 0xeab2eab2, 0xebc6ebc6, 
	0xedecedec, 0xf048f048, 0xf282f282, 0xf4acf4ac, 0xf6f7f6f7, 0xf978f978, 0xfc19fc19, 0xfed7fed7, 
	0x00dc00dc, 0x02620262, 0x04600460, 0x05ff05ff, 0x070f070f, 0x08070807, 0x08960896, 0x08f808f8, 
	0x094c094c, 0x09620962, 0x093a093a, 0x08ba08ba, 0x083e083e, 0x07d007d0, 0x06a606a6, 0x05560556, 
	0x04df04df, 0x04580458, 0x03360336, 0x02470247, 0x01c201c2, 0x01700170, 0x01890189, 0x01d201d2, 
	0x01f001f0, 0x02ac02ac, 0x04880488, 0x06640664, 0x08090809, 0x0a650a65, 0x0d1c0d1c, 0x0f8d0f8d, 
	0x11ad11ad, 0x13df13df, 0x16111611, 0x179a179a, 0x18c018c0, 0x19891989, 0x199d199d, 0x199a199a, 
	0x19331933, 0x17671767, 0x15011501, 0x12b812b8, 0x10241024, 0x0d2a0d2a, 0x09c509c5, 0x060e060e, 
	0x02530253, 0xff16ff16, 0xfc29fc29, 0xf93af93a, 0xf66ff66f, 0xf3e3f3e3, 0xf1f1f1f1, 0xf096f096, 
	0xef9eef9e, 0xeef0eef0, 0xeeb0eeb0, 0xeeb8eeb8, 0xef28ef28, 0xf065f065, 0xf1f9f1f9, 0xf36df36d, 
	0xf4adf4ad, 0xf653f653, 0xf872f872, 0xfa9efa9e, 0xfc90fc90, 0xfe02fe02, 0xff52ff52, 0x00c700c7, 
	0x02490249, 0x034e034e, 0x03f903f9, 0x04b004b0, 0x052b052b, 0x058b058b, 0x06160616, 0x06640664, 
	0x060a060a, 0x05a605a6, 0x05570557, 0x04dd04dd, 0x04770477, 0x04090409, 0x031c031c, 0x02380238, 
	0x020e020e, 0x01c601c6, 0x01590159, 0x01370137, 0x010f010f, 0x01200120, 0x01740174, 0x01f501f5, 
	0x02d402d4, 0x04320432, 0x06170617, 0x081d081d, 0x0a190a19, 0x0ca40ca4, 0x0f5b0f5b, 0x11741174, 
	0x13551355, 0x15471547, 0x16f116f1, 0x18241824, 0x19051905, 0x194b194b, 0x191c191c, 0x18e818e8, 
	0x18111811, 0x16481648, 0x145e145e, 0x12751275, 0x0fd60fd6, 0x0cb10cb1, 0x098a098a, 0x068d068d, 
	0x03a403a4, 0x00820082, 0xfd56fd56, 0xfa2efa2e, 0xf746f746, 0xf532f532, 0xf363f363, 0xf159f159, 
	0xefbeefbe, 0xeed8eed8, 0xee92ee92, 0xeeb6eeb6, 0xeedceedc, 0xef48ef48, 0xf039f039, 0xf1c7f1c7, 
	0xf38df38d, 0xf51df51d, 0xf6bef6be, 0xf860f860, 0xfa1afa1a, 0xfc03fc03, 0xfda6fda6, 0xfeeffeef, 
	0x00050005, 0x011e011e, 0x02450245, 0x033c033c, 0x03f203f2, 0x046b046b, 0x04d104d1, 0x05260526, 
	0x05560556, 0x05580558, 0x050a050a, 0x04be04be, 0x04450445, 0x03870387, 0x03120312, 0x02800280, 
	0x01b101b1, 0x01320132, 0x00d200d2, 0x00620062, 0x00200020, 0x00080008, 0x000e000e, 0x005f005f, 
	0x01310131, 0x02660266, 0x03ea03ea, 0x05ef05ef, 0x08460846, 0x0ae70ae7, 0x0db40db4, 0x10671067, 
	0x12e912e9, 0x151d151d, 0x173f173f, 0x19151915, 0x1a471a47, 0x1b001b00, 0x1b7f1b7f, 0x1b991b99, 
	0x1b091b09, 0x19e819e8, 0x181b181b, 0x15f915f9, 0x13af13af, 0x10d510d5, 0x0d870d87, 0x0a150a15, 
	0x06ba06ba, 0x03a203a2, 0x007f007f, 0xfd20fd20, 0xf9ecf9ec, 0xf74ff74f, 0xf531f531, 0xf31af31a, 
	0xf130f130, 0xefb9efb9, 0xeecaeeca, 0xee55ee55, 0xedf8edf8, 0xedf4edf4, 0xee7fee7f, 0xef5aef5a, 
	0xf050f050, 0xf159f159, 0xf2d1f2d1, 0xf4c9f4c9, 0xf691f691, 0xf82bf82b, 0xf9ecf9ec, 0xfbc3fbc3, 
	0xfda3fda3, 0xff37ff37, 0x009a009a, 0x01c501c5, 0x02de02de, 0x03f303f3, 0x04bc04bc, 0x05570557, 
	0x05a305a3, 0x05c705c7, 0x05bf05bf, 0x05790579, 0x05190519, 0x04a104a1, 0x03f903f9, 0x03310331, 
	0x029c029c, 0x01fe01fe, 0x01440144, 0x00a900a9, 0x00370037, 0xffccffcc, 0xffa2ffa2, 0xffb0ffb0, 
	0xffa6ffa6, 0xffdaffda, 0x00710071, 0x01480148, 0x02430243, 0x03c203c2, 0x05ae05ae, 0x07a207a2, 
	0x09e409e4, 0x0ca50ca5, 0x0fa00fa0, 0x12301230, 0x14631463, 0x16971697, 0x18931893, 0x1a1c1a1c, 
	0x1b391b39, 0x1bcf1bcf, 0x1be61be6, 0x1b721b72, 0x1a761a76, 0x19211921, 0x175a175a, 0x150f150f, 
	0x12331233, 0x0f450f45, 0x0c570c57, 0x093f093f, 0x06250625, 0x02eb02eb, 0xffd6ffd6, 0xfcfdfcfd, 
	0xfa3efa3e, 0xf7acf7ac, 0xf566f566, 0xf366f366, 0xf1caf1ca, 0xf09af09a, 0xefd7efd7, 0xef83ef83, 
	0xef67ef67, 0xefaaefaa, 0xf042f042, 0xf11cf11c, 0xf21bf21b, 0xf341f341, 0xf497f497, 0xf608f608, 
	0xf7a7f7a7, 0xf93bf93b, 0xfac5fac5, 0xfc4cfc4c, 0xfdcffdcf, 0xff55ff55, 0x00b400b4, 0x01d001d0, 
	0x02c102c1, 0x03840384, 0x04200420, 0x04950495, 0x04be04be, 0x04ae04ae, 0x04690469, 0x04190419, 
	0x03990399, 0x02e102e1, 0x022e022e, 0x01820182, 0x00d500d5, 0x00170017, 0xff5bff5b, 0xfebcfebc, 
	0xfe70fe70, 0xfe44fe44, 0xfe1bfe1b, 0xfe1cfe1c, 0xfe6bfe6b, 0xff0bff0b, 0xffd2ffd2, 0x00c000c0, 
	0x01ea01ea, 0x03ba03ba, 0x06000600, 0x08640864, 0x0af20af2, 0x0daf0daf, 0x10a810a8, 0x13831383, 
	0x15fa15fa, 0x180a180a, 0x19d619d6, 0x1b4d1b4d, 0x1c4e1c4e, 0x1cc61cc6, 0x1cc71cc7, 0x1c631c63, 
	0x1b7a1b7a, 0x1a1f1a1f, 0x184d184d, 0x16091609, 0x13771377, 0x109a109a, 0x0d740d74, 0x0a3b0a3b, 
	0x070f070f, 0x03e603e6, 0x009c009c, 0xfd55fd55, 0xfa57fa57, 0xf785f785, 0xf4f2f4f2, 0xf2a9f2a9, 
	0xf0bdf0bd, 0xef47ef47, 0xee49ee49, 0xedb5edb5, 0xed64ed64, 0xed77ed77, 0xee0dee0d, 0xeeefeeef, 
	0xefe0efe0, 0xf112f112, 0xf295f295, 0xf44df44d, 0xf625f625, 0xf810f810, 0xfa21fa21, 0xfc30fc30, 
	0xfe1cfe1c, 0xffe2ffe2, 0x01880188, 0x030b030b, 0x043a043a, 0x05100510, 0x05a505a5, 0x06160616, 
	0x06760676, 0x06780678, 0x06160616, 0x05890589, 0x05020502, 0x04550455, 0x035a035a, 0x025f025f, 
	0x01650165, 0x00840084, 0xffb8ffb8, 0xff08ff08, 0xfe69fe69, 0xfddcfddc, 0xfd90fd90, 0xfd6efd6e, 
	0xfd71fd71, 0xfd85fd85, 0xfdfefdfe, 0xfeb2feb2, 0xff7aff7a, 0x00750075, 0x01cb01cb, 0x03a503a5, 
	0x05ad05ad, 0x080c080c, 0x0a8f0a8f, 0x0d340d34, 0x10001000, 0x12be12be, 0x15421542, 0x17591759, 
	0x193d193d, 0x1acf1acf, 0x1c0d1c0d, 0x1cca1cca, 0x1cff1cff, 0x1cae1cae, 0x1beb1beb, 0x1ad21ad2, 
	0x19121912, 0x16cf16cf, 0x14261426, 0x11521152, 0x0e510e51, 0x0b210b21, 0x07cb07cb, 0x04560456, 
	0x01070107, 0xfdd7fdd7, 0xfab1fab1, 0xf792f792, 0xf4def4de, 0xf28ff28f, 0xf068f068, 0xee9dee9d, 
	0xed73ed73, 0xecc3ecc3, 0xec47ec47, 0xec32ec32, 0xec9cec9c, 0xed7fed7f, 0xee97ee97, 0xefeaefea, 
	0xf196f196, 0xf37df37d, 0xf59df59d, 0xf7def7de, 0xfa24fa24, 0xfc5dfc5d, 0xfe7cfe7c, 0x005e005e, 
	0x02180218, 0x03a403a4, 0x04f504f5, 0x05ed05ed, 0x06780678, 0x06ec06ec, 0x07430743, 0x07520752, 
	0x06f806f8, 0x065c065c, 0x05bd05bd, 0x04e904e9, 0x03e103e1, 0x02b202b2, 0x01850185, 0x00760076, 
	0xff57ff57, 0xfe54fe54, 0xfd81fd81, 0xfcc9fcc9, 0xfc33fc33, 0xfbe3fbe3, 0xfbe7fbe7, 0xfc27fc27, 
	0xfca0fca0, 0xfd56fd56, 0xfe61fe61, 0xff97ff97, 0x00f000f0, 0x02740274, 0x04510451, 0x06980698, 
	0x09010901, 0x0ba50ba5, 0x0e6b0e6b, 0x11581158, 0x14441444, 0x16ed16ed, 0x19471947, 0x1b331b33, 
	0x1cc71cc7, 0x1df01df0, 0x1ea31ea3, 0x1ed01ed0, 0x1e6c1e6c, 0x1d851d85, 0x1c211c21, 0x1a501a50, 
	0x18041804, 0x15411541, 0x122d122d, 0x0ece0ece, 0x0b620b62, 0x07f107f1, 0x04660466, 0x00dc00dc, 
	0xfd68fd68, 0xfa27fa27, 0xf716f716, 0xf452f452, 0xf1def1de, 0xefc9efc9, 0xee09ee09, 0xecc0ecc0, 
	0xec1cec1c, 0xebe9ebe9, 0xec1aec1a, 0xec77ec77, 0xed56ed56, 0xee9dee9d, 0xf030f030, 0xf1f4f1f4, 
	0xf3b1f3b1, 0xf5cdf5cd, 0xf803f803, 0xfa5cfa5c, 0xfc96fc96, 0xfe97fe97, 0x00970097, 0x025f025f, 
	0x03dc03dc, 0x05200520, 0x06350635, 0x06ca06ca, 0x07180718, 0x07350735, 0x07190719, 0x06a706a7, 
	0x05d005d0, 0x04f204f2, 0x03e503e5, 0x02c102c1, 0x01840184, 0x00200020, 0xfee5fee5, 0xfdcefdce, 
	0xfccafcca, 0xfbccfbcc, 0xfb0ffb0f, 0xfab1fab1, 0xfa72fa72, 0xfa6cfa6c, 0xfaa9faa9, 0xfb2efb2e, 
	0xfbccfbcc, 0xfc86fc86, 0xfd7ffd7f, 0xfea8fea8, 0x00270027, 0x01c101c1, 0x035f035f, 0x050e050e, 
	0x07830783, 0x0ab90ab9, 0x0db70db7, 0x10861086, 0x13a013a0, 0x17271727, 0x1a491a49, 0x1ce41ce4, 
	0x1f021f02, 0x20bf20bf, 0x22432243, 0x23362336, 0x23922392, 0x23432343, 0x22b422b4, 0x219c219c, 
	0x1fd01fd0, 0x1dad1dad, 0x1b211b21, 0x17ef17ef, 0x14451445, 0x10b310b3, 0x0cf00cf0, 0x08e608e6, 
	0x04d804d8, 0x011c011c, 0xfd86fd86, 0xfa08fa08, 0xf6d5f6d5, 0xf3cdf3cd, 0xf135f135, 0xef00ef00, 
	0xed1ded1d, 0xeb9beb9b, 0xea9cea9c, 0xea10ea10, 0xe9d4e9d4, 0xea1cea1c, 0xeafbeafb, 0xec2aec2a, 
	0xeda8eda8, 0xefb0efb0, 0xf1eef1ee, 0xf45cf45c, 0xf6f9f6f9, 0xf9acf9ac, 0xfc22fc22, 0xfe6cfe6c, 
	0x00d700d7, 0x03110311, 0x04e504e5, 0x065e065e, 0x07a907a9, 0x08aa08aa, 0x096f096f, 0x09b709b7, 
	0x097f097f, 0x09120912, 0x088f088f, 0x07bc07bc, 0x066b066b, 0x05170517, 0x03a803a8, 0x02390239, 
	0x00b300b3, 0xff3dff3d, 0xfdd4fdd4, 0xfc7dfc7d, 0xfb79fb79, 0xfa83fa83, 0xf9cdf9cd, 0xf965f965, 
	0xf979f979, 0xf9acf9ac, 0xfa38fa38, 0xfb12fb12, 0xfbe4fbe4, 0xfce5fce5, 0xfe39fe39, 0xffe4ffe4, 
	0x01260126, 0x02c302c3, 0x049a049a, 0x06590659, 0x086f086f, 0x0b6b0b6b, 0x0e980e98, 0x10b610b6, 
	0x13431343, 0x166e166e, 0x197d197d, 0x1b911b91, 0x1d421d42, 0x1ed51ed5, 0x1fd21fd2, 0x20a520a5, 
	0x20bd20bd, 0x201f201f, 0x1ec01ec0, 0x1d7d1d7d, 0x1b9c1b9c, 0x18f418f4, 0x16361636, 0x12f412f4, 
	0x0f530f53, 0x0b950b95, 0x08740874, 0x04a304a3, 0x00910091, 0xfd22fd22, 0xfa1efa1e, 0xf72bf72b, 
	0xf432f432, 0xf1dbf1db, 0xefa4efa4, 0xee23ee23, 0xed28ed28, 0xec67ec67, 0xebc8ebc8, 0xebcfebcf, 
	0xec98ec98, 0xedb2edb2, 0xef52ef52, 0xf0fcf0fc, 0xf2e5f2e5, 0xf4fff4ff, 0xf7c4f7c4, 0xfa7ffa7f, 
	0xfcb5fcb5, 0xfedffedf, 0x013e013e, 0x039b039b, 0x054c054c, 0x06b706b7, 0x07b607b6, 0x087f087f, 
	0x08f508f5, 0x09540954, 0x09230923, 0x08740874, 0x07d007d0, 0x07070707, 0x06280628, 0x04a804a8, 
	0x03530353, 0x02030203, 0x00d500d5, 0xff9dff9d, 0xfe7afe7a, 0xfd83fd83, 0xfc7afc7a, 0xfc13fc13, 
	0xfbd1fbd1, 0xfbb6fbb6, 0xfb66fb66, 0xfbaffbaf, 0xfc5ffc5f, 0xfd20fd20, 0xfe12fe12, 0xfed6fed6, 
	0xffe5ffe5, 0x01160116, 0x02c002c0, 0x03f103f1, 0x05020502, 0x06660666, 0x07c707c7, 0x08fc08fc, 
	0x0aa70aa7, 0x0d8b0d8b, 0x0fce0fce, 0x11341134, 0x12f812f8, 0x15e415e4, 0x187d187d, 0x19f919f9, 
	0x1b081b08, 0x1c1d1c1d, 0x1d851d85, 0x1e871e87, 0x1ebf1ebf, 0x1e061e06, 0x1d5e1d5e, 0x1c971c97, 
	0x1b3c1b3c, 0x197a197a, 0x17571757, 0x14981498, 0x11401140, 0x0e360e36, 0x0b320b32, 0x07be07be, 
	0x03ac03ac, 0xfff5fff5, 0xfcd6fcd6, 0xfa1bfa1b, 0xf73cf73c, 0xf3fef3fe, 0xf18af18a, 0xeff6eff6, 
	0xeee3eee3, 0xedaeedae, 0xece9ece9, 0xecc8ecc8, 0xed2aed2a, 0xee19ee19, 0xef82ef82, 0xf136f136, 
	0xf2b7f2b7, 0xf4aaf4aa, 0xf724f724, 0xf9d7f9d7, 0xfc0bfc0b, 0xfdcafdca, 0xff97ff97, 0x01a101a1, 
	0x03bc03bc, 0x05220522, 0x05fb05fb, 0x06af06af, 0x07640764, 0x07cd07cd, 0x07cc07cc, 0x07390739, 
	0x06480648, 0x058a058a, 0x05140514, 0x044c044c, 0x030c030c, 0x01e901e9, 0x00f700f7, 0x00490049, 
	0xffc3ffc3, 0xff23ff23, 0xfe14fe14, 0xfd79fd79, 0xfdadfdad, 0xfdf2fdf2, 0xfe1dfe1d, 0xfe6afe6a, 
	0xff26ff26, 0x00090009, 0x015f015f, 0x02ad02ad, 0x03940394, 0x04480448, 0x05310531, 0x065f065f, 
	0x073a073a, 0x07c807c8, 0x07e007e0, 0x082b082b, 0x08d908d9, 0x097b097b, 0x09820982, 0x09870987, 
	0x0aec0aec, 0x0cf00cf0, 0x0e4e0e4e, 0x0f0d0f0d, 0x10941094, 0x130b130b, 0x153e153e, 0x16701670, 
	0x170e170e, 0x181f181f, 0x19801980, 0x1a481a48, 0x1a2d1a2d, 0x19d919d9, 0x19891989, 0x18d718d7, 
	0x17a217a2, 0x16131613, 0x14101410, 0x11921192, 0x0ec30ec3, 0x0c0e0c0e, 0x09550955, 0x063c063c, 
	0x02e602e6, 0xffabffab, 0xfcd1fcd1, 0xfa0afa0a, 0xf76bf76b, 0xf4aef4ae, 0xf221f221, 0xf071f071, 
	0xef70ef70, 0xeeb9eeb9, 0xee33ee33, 0xee60ee60, 0xeed1eed1, 0xef9eef9e, 0xf0fcf0fc, 0xf28cf28c, 
	0xf3e6f3e6, 0xf522f522, 0xf72bf72b, 0xf96cf96c, 0xfb2dfb2d, 0xfc9ffc9f, 0xfe7afe7a, 0x00600060, 
	0x01b001b0, 0x030d030d, 0x04190419, 0x04990499, 0x04dd04dd, 0x052c052c, 0x05060506, 0x04570457, 
	0x03f803f8, 0x03530353, 0x02520252, 0x017a017a, 0x012f012f, 0x00790079, 0xfef7fef7, 0xfe36fe36, 
	0xfe4afe4a, 0xfe56fe56, 0xfd97fd97, 0xfd3afd3a, 0xfdbbfdbb, 0xfea9fea9, 0xff6cff6c, 0xff84ff84, 
	0x00630063, 0x01f401f4, 0x031e031e, 0x03230323, 0x04180418, 0x06130613, 0x067d067d, 0x05f505f5, 
	0x06b106b1, 0x08ad08ad, 0x087c087c, 0x07520752, 0x077c077c, 0x087c087c, 0x08950895, 0x079e079e, 
	0x071e071e, 0x07a207a2, 0x0a930a93, 0x0ccf0ccf, 0x0c430c43, 0x0c090c09, 0x0fe90fe9, 0x147c147c, 
	0x14ac14ac, 0x140c140c, 0x15d515d5, 0x18b418b4, 0x19561956, 0x19411941, 0x19651965, 0x18e418e4, 
	0x18841884, 0x17f917f9, 0x170a170a, 0x15081508, 0x134a134a, 0x108d108d, 0x0d2b0d2b, 0x0b330b33, 
	0x09430943, 0x04ff04ff, 0xff96ff96, 0xfd7bfd7b, 0xfc1dfc1d, 0xf862f862, 0xf438f438, 0xf259f259, 
	0xf13bf13b, 0xef68ef68, 0xef2aef2a, 0xef16ef16, 0xedffedff, 0xedc7edc7, 0xefe4efe4, 0xf17cf17c, 
	0xf19af19a, 0xf329f329, 0xf570f570, 0xf70df70d, 0xf8e9f8e9, 0xfbeafbea, 0xfdaafdaa, 0xfe4bfe4b, 
	0x008f008f, 0x02fa02fa, 0x03820382, 0x03c403c4, 0x056d056d, 0x05e505e5, 0x04fa04fa, 0x05540554, 
	0x05c505c5, 0x04460446, 0x02a602a6, 0x02c802c8, 0x023b023b, 0x007c007c, 0xffc2ffc2, 0xff8dff8d, 
	0xfe7bfe7b, 0xfe30fe30, 0xff45ff45, 0xfec6fec6, 0xfdc2fdc2, 0xff5aff5a, 0x01410141, 0x006b006b, 
	0x00870087, 0x036d036d, 0x048e048e, 0x03cc03cc, 0x05980598, 0x089c089c, 0x08500850, 0x07b807b8, 
	0x09d509d5, 0x0b620b62, 0x0a900a90, 0x0a7f0a7f, 0x0b740b74, 0x0aa50aa5, 0x0a000a00, 0x0a450a45, 
	0x09840984, 0x07eb07eb, 0x07d507d5, 0x074f074f, 0x06190619, 0x08fa08fa, 0x0c910c91, 0x0a870a87, 
	0x079c079c, 0x0d750d75, 0x14ec14ec, 0x13961396, 0x102c102c, 0x13c113c1, 0x19691969, 0x196d196d, 
	0x18a918a9, 0x199e199e, 0x19741974, 0x18771877, 0x19301930, 0x18f218f2, 0x152d152d, 0x12a512a5, 
	0x11651165, 0x0e960e96, 0x0ad60ad6, 0x08c308c3, 0x04f804f8, 0xfebafeba, 0xfc1efc1e, 0xfba2fba2, 
	0xf778f778, 0xf17af17a, 0xf0a0f0a0, 0xf0fbf0fb, 0xee06ee06, 0xec1dec1d, 0xed49ed49, 0xed80ed80, 
	0xec47ec47, 0xee0bee0b, 0xf043f043, 0xf0cdf0cd, 0xf21cf21c, 0xf4b3f4b3, 0xf608f608, 0xf7eff7ef, 
	0xfc36fc36, 0xfdaafdaa, 0xfc8ffc8f, 0xfef9fef9, 0x03dc03dc, 0x03eb03eb, 0x01b301b3, 0x03660366, 
	0x057c057c, 0x04410441, 0x03350335, 0x04160416, 0x02b702b7, 0x00320032, 0x00310031, 0x00ac00ac, 
	0xff18ff18, 0xfd73fd73, 0xfcf7fcf7, 0xfbfbfbfb, 0xfbf8fbf8, 0xfd51fd51, 0xfccffccf, 0xfaccfacc, 
	0xfb8ffb8f, 0xfe98fe98, 0xff4aff4a, 0xfeb7feb7, 0x00030003, 0x01fd01fd, 0x02ed02ed, 0x04460446, 
	0x06a406a4, 0x07630763, 0x06fa06fa, 0x07ba07ba, 0x099e099e, 0x0a7d0a7d, 0x09fd09fd, 0x096b096b, 
	0x08d608d6, 0x08e408e4, 0x09080908, 0x08c308c3, 0x078d078d, 0x05f405f4, 0x05030503, 0x06420642, 
	0x0a620a62, 0x0c980c98, 0x0a3a0a3a, 0x08530853, 0x0de10de1, 0x15a915a9, 0x16431643, 0x12471247, 
	0x12d512d5, 0x18661866, 0x1b4d1b4d, 0x1aba1aba, 0x19811981, 0x18c618c6, 0x17f917f9, 0x183f183f, 
	0x18a418a4, 0x16401640, 0x12111211, 0x0e450e45, 0x0c600c60, 0x0ac30ac3, 0x08560856, 0x035b035b, 
	0xfd66fd66, 0xf9cbf9cb, 0xf8a1f8a1, 0xf73af73a, 0xf374f374, 0xefbaefba, 0xed4bed4b, 0xed68ed68, 
	0xee81ee81, 0xeef9eef9, 0xede3ede3, 0xecb0ecb0, 0xee08ee08, 0xf0f6f0f6, 0xf412f412, 0xf4e9f4e9, 
	0xf51bf51b, 0xf60ef60e, 0xf93df93d, 0xfd2dfd2d, 0xff1aff1a, 0xff53ff53, 0xff1cff1c, 0x00fd00fd, 
	0x034f034f, 0x05490549, 0x04f604f6, 0x03320332, 0x027a027a, 0x03c503c5, 0x05760576, 0x03d103d1, 
	0x00e400e4, 0xfeeafeea, 0xff8cff8c, 0x00470047, 0xff73ff73, 0xfd6bfd6b, 0xfbbafbba, 0xfc6ffc6f, 
	0xfdc7fdc7, 0xfee8fee8, 0xfe89fe89, 0xfe3ffe3f, 0xfeb7feb7, 0x006b006b, 0x02eb02eb, 0x049a049a, 
	0x052a052a, 0x04af04af, 0x05f405f4, 0x08b608b6, 0x0aea0aea, 0x0a870a87, 0x09020902, 0x08cd08cd, 
	0x0a0d0a0d, 0x0b850b85, 0x0ae70ae7, 0x08dd08dd, 0x06f606f6, 0x06780678, 0x06e406e4, 0x07880788, 
	0x06b906b9, 0x033d033d, 0x00cf00cf, 0x04190419, 0x0a7f0a7f, 0x0b9d0b9d, 0x073e073e, 0x06780678, 
	0x0d3d0d3d, 0x14521452, 0x15241524, 0x126a126a, 0x120b120b, 0x154d154d, 0x197f197f, 0x1b641b64, 
	0x19e119e1, 0x16fe16fe, 0x15dc15dc, 0x16f616f6, 0x17841784, 0x15f515f5, 0x12071207, 0x0cef0cef, 
	0x08d508d5, 0x07ca07ca, 0x075d075d, 0x02f502f5, 0xfb9cfb9c, 0xf62ef62e, 0xf50ff50f, 0xf507f507, 
	0xf3daf3da, 0xf05ef05e, 0xeb7deb7d, 0xe955e955, 0xec8aec8a, 0xf0caf0ca, 0xefaaefaa, 0xec75ec75, 
	0xec8bec8b, 0xf022f022, 0xf467f467, 0xf809f809, 0xf86ff86f, 0xf5d7f5d7, 0xf774f774, 0xfe5cfe5c, 
	0x02e302e3, 0x015c015c, 0x002d002d, 0x01c701c7, 0x03850385, 0x05a105a1, 0x07b807b8, 0x06780678, 
	0x02c002c0, 0x024b024b, 0x04620462, 0x04cf04cf, 0x03450345, 0x01430143, 0xfe80fe80, 0xfd5cfd5c, 
	0xfffafffa, 0x021c021c, 0xff78ff78, 0xfbd9fbd9, 0xfcc2fcc2, 0x00170017, 0x021b021b, 0x02040204, 
	0x01550155, 0x00d300d3, 0x02f802f8, 0x07270727, 0x08cc08cc, 0x07300730, 0x06470647, 0x08bd08bd, 
	0x0a820a82, 0x0b040b04, 0x0af70af7, 0x0a310a31, 0x08580858, 0x07f607f6, 0x0a260a26, 0x09e509e5, 
	0x071f071f, 0x03f403f4, 0x03780378, 0x041d041d, 0x04690469, 0x02e302e3, 0x00cb00cb, 0x03a603a6, 
	0x089a089a, 0x0a310a31, 0x077f077f, 0x09660966, 0x0ff50ff5, 0x13c913c9, 0x13621362, 0x13191319, 
	0x16111611, 0x18251825, 0x19e919e9, 0x1a6e1a6e, 0x19d319d3, 0x18711871, 0x17a317a3, 0x16f616f6, 
	0x147d147d, 0x13291329, 0x10e910e9, 0x0c040c04, 0x05980598, 0x03440344, 0x032d032d, 0xff4aff4a, 
	0xf8b7f8b7, 0xf335f335, 0xf146f146, 0xf0baf0ba, 0xf11cf11c, 0xef1aef1a, 0xeab2eab2, 0xe8e6e8e6, 
	0xec32ec32, 0xf056f056, 0xf028f028, 0xeeaaeeaa, 0xef0bef0b, 0xf220f220, 0xf5d0f5d0, 0xf8b0f8b0, 
	0xf9f9f9f9, 0xfa75fa75, 0xfbd6fbd6, 0xfe51fe51, 0x01f201f2, 0x04d704d7, 0x04df04df, 0x029f029f, 
	0x02b802b8, 0x06210621, 0x08750875, 0x067d067d, 0x02fc02fc, 0x019a019a, 0x02490249, 0x03460346, 
	0x03100310, 0x013b013b, 0xfe08fe08, 0xfce1fce1, 0xfee6fee6, 0x01360136, 0x00720072, 0xfe69fe69, 
	0xfe26fe26, 0xff51ff51, 0x01a501a5, 0x03f203f2, 0x04d104d1, 0x032e032e, 0x02dc02dc, 0x05c105c1, 
	0x09290929, 0x0a3e0a3e, 0x09100910, 0x083b083b, 0x08700870, 0x0a9c0a9c, 0x0c570c57, 0x0baa0baa, 
	0x09180918, 0x07550755, 0x07970797, 0x08190819, 0x082d082d, 0x06560656, 0x03a003a0, 0x01bb01bb, 
	0x02340234, 0x048f048f, 0x07970797, 0x09530953, 0x07540754, 0x06260626, 0x0b6b0b6b, 0x13cc13cc, 
	0x16031603, 0x12c212c2, 0x126e126e, 0x167f167f, 0x1aaf1aaf, 0x1c511c51, 0x1b411b41, 0x18251825, 
	0x16541654, 0x17b517b5, 0x18741874, 0x15df15df, 0x11d511d5, 0x0e0d0e0d, 0x0a2c0a2c, 0x06f506f5, 
	0x055b055b, 0x021f021f, 0xfc1efc1e, 0xf652f652, 0xf31ff31f, 0xf186f186, 0xf05df05d, 0xef7def7d, 
	0xec56ec56, 0xe8d3e8d3, 0xe8e7e8e7, 0xeccaecca, 0xef42ef42, 0xee82ee82, 0xedf2edf2, 0xeed1eed1, 
	0xf22bf22b, 0xf64ef64e, 0xf95ff95f, 0xf983f983, 0xfa00fa00, 0xfd24fd24, 0x00570057, 0x029b029b, 
	0x04050405, 0x056f056f, 0x04c604c6, 0x04400440, 0x05470547, 0x06a106a1, 0x06680668, 0x04190419, 
	0x01ea01ea, 0x00410041, 0x00cd00cd, 0x015f015f, 0x00240024, 0xfd00fd00, 0xfacdfacd, 0xfb84fb84, 
	0xfd29fd29, 0xfe32fe32, 0xfcedfced, 0xfb95fb95, 0xfbf8fbf8, 0xfeabfeab, 0x00fa00fa, 0x01780178, 
	0x01ae01ae, 0x022c022c, 0x035e035e, 0x05370537, 0x08140814, 0x09480948, 0x084d084d, 0x075f075f, 
	0x08580858, 0x0a120a12, 0x0a9a0a9a, 0x096e096e, 0x06da06da, 0x053a053a, 0x054d054d, 0x05fa05fa, 
	0x05620562, 0x039a039a, 0x01010101, 0x00c300c3, 0x05c305c3, 0x0b880b88, 0x0b680b68, 0x08020802, 
	0x0a6c0a6c, 0x11b711b7, 0x17381738, 0x182f182f, 0x173c173c, 0x16641664, 0x18181818, 0x1cac1cac, 
	0x1e951e95, 0x1c021c02, 0x18d618d6, 0x18851885, 0x17a117a1, 0x15d115d1, 0x14fd14fd, 0x13061306, 
	0x0d860d86, 0x06f206f2, 0x04090409, 0x029e029e, 0x00660066, 0xfbe5fbe5, 0xf580f580, 0xefafefaf, 
	0xee41ee41, 0xf097f097, 0xeff9eff9, 0xec1fec1f, 0xe925e925, 0xe9dee9de, 0xec3cec3c, 0xef28ef28, 
	0xf155f155, 0xf0d0f0d0, 0xf09df09d, 0xf358f358, 0xf7b2f7b2, 0xf9eff9ef, 0xfbc3fbc3, 0xfe1bfe1b, 
	0xfedefede, 0xff6bff6b, 0x02640264, 0x06570657, 0x069c069c, 0x05010501, 0x04970497, 0x05390539, 
	0x05da05da, 0x05de05de, 0x04c004c0, 0x02020202, 0x003a003a, 0x00250025, 0x00b900b9, 0x00cf00cf, 
	0xffd1ffd1, 0xfe88fe88, 0xfe09fe09, 0xff86ff86, 0x017c017c, 0x02b202b2, 0x03030303, 0x02fa02fa, 
	0x03b103b1, 0x05590559, 0x07d907d9, 0x09720972, 0x09940994, 0x08ed08ed, 0x09150915, 0x0ae20ae2, 
	0x0cbd0cbd, 0x0d180d18, 0x0b2c0b2c, 0x094c094c, 0x09280928, 0x0a000a00, 0x09ae09ae, 0x078e078e, 
	0x05630563, 0x03e803e8, 0x035c035c, 0x03100310, 0x03d403d4, 0x06300630, 0x08840884, 0x08f908f9, 
	0x08b408b4, 0x0b560b56, 0x105c105c, 0x147e147e, 0x155f155f, 0x145a145a, 0x14881488, 0x17401740, 
	0x1a511a51, 0x1a6e1a6e, 0x18881888, 0x17021702, 0x16551655, 0x15481548, 0x13911391, 0x117f117f, 
	0x0eda0eda, 0x0b3c0b3c, 0x06700670, 0x01b801b8, 0xfea6fea6, 0xfce3fce3, 0xf9caf9ca, 0xf424f424, 
	0xeeb3eeb3, 0xecc1ecc1, 0xed40ed40, 0xecf2ecf2, 0xeb1feb1f, 0xe96ce96c, 0xe8e6e8e6, 0xea06ea06, 
	0xecd8ecd8, 0xef53ef53, 0xf079f079, 0xf1a6f1a6, 0xf3f3f3f3, 0xf653f653, 0xf8f7f8f7, 0xfc92fc92, 
	0xff5dff5d, 0x00650065, 0x00f200f2, 0x02cf02cf, 0x05390539, 0x073d073d, 0x07b707b7, 0x06220622, 
	0x04ac04ac, 0x04ff04ff, 0x06000600, 0x053f053f, 0x03810381, 0x016d016d, 0xff54ff54, 0xfe50fe50, 
	0xfe79fe79, 0xfe95fe95, 0xfd50fd50, 0xfbecfbec, 0xfaecfaec, 0xfb2dfb2d, 0xfd12fd12, 0xfec9fec9, 
	0xfe6ffe6f, 0xfd43fd43, 0xfe55fe55, 0x00d900d9, 0x03470347, 0x04630463, 0x041f041f, 0x03e003e0, 
	0x04e704e7, 0x06fb06fb, 0x08160816, 0x082e082e, 0x07930793, 0x06d006d0, 0x066d066d, 0x06a206a2, 
	0x07090709, 0x06bc06bc, 0x05d505d5, 0x03f703f7, 0x038f038f, 0x075c075c, 0x0d050d05, 0x0ed40ed4, 
	0x0c670c67, 0x0c690c69, 0x11611161, 0x17631763, 0x1a571a57, 0x1a861a86, 0x19811981, 0x197b197b, 
	0x1c411c41, 0x1f0b1f0b, 0x1edd1edd, 0x1c6e1c6e, 0x1a601a60, 0x18471847, 0x15a615a6, 0x14141414, 
	0x12f512f5, 0x0f910f91, 0x09500950, 0x03720372, 0xffeaffea, 0xfe58fe58, 0xfc5efc5e, 0xf7d4f7d4, 
	0xf1d1f1d1, 0xeda7eda7, 0xecfdecfd, 0xed14ed14, 0xebc5ebc5, 0xea1cea1c, 0xe9a0e9a0, 0xe9f2e9f2, 
	0xeb1beb1b, 0xed30ed30, 0xef34ef34, 0xf147f147, 0xf3b2f3b2, 0xf5a9f5a9, 0xf6f2f6f2, 0xf983f983, 
	0xfd7cfd7c, 0x00700070, 0x014d014d, 0x01da01da, 0x034d034d, 0x05380538, 0x072e072e, 0x08010801, 
	0x07480748, 0x06100610, 0x05ea05ea, 0x06450645, 0x05f005f0, 0x04c404c4, 0x03490349, 0x01dd01dd, 
	0x00690069, 0xffd0ffd0, 0xffb9ffb9, 0xff8bff8b, 0xfed7fed7, 0xfe17fe17, 0xfdd2fdd2, 0xfe21fe21, 
	0xff24ff24, 0x00180018, 0x00bc00bc, 0x00c500c5, 0x012b012b, 0x02670267, 0x04170417, 0x056a056a, 
	0x05d905d9, 0x06120612, 0x065e065e, 0x073f073f, 0x08040804, 0x08180818, 0x078b078b, 0x07370737, 
	0x07510751, 0x07570757, 0x07450745, 0x069c069c, 0x06bc06bc, 0x09470947, 0x0ce80ce8, 0x0e620e62, 
	0x0e3c0e3c, 0x0f6a0f6a, 0x124d124d, 0x15831583, 0x17e017e0, 0x19101910, 0x19011901, 0x18e918e9, 
	0x19391939, 0x19311931, 0x18d418d4, 0x18d218d2, 0x181f181f, 0x153e153e, 0x117d117d, 0x0eee0eee, 
	0x0dc10dc1, 0x0c170c17, 0x08f908f9, 0x046e046e, 0xff7bff7b, 0xfbdafbda, 0xfa23fa23, 0xf86bf86b, 
	0xf539f539, 0xf216f216, 0xefbcefbc, 0xedcaedca, 0xec77ec77, 0xecb2ecb2, 0xedc6edc6, 0xee74ee74, 
	0xeebbeebb, 0xeeeeeeee, 0xeff3eff3, 0xf27af27a, 0xf61ff61f, 0xf8b5f8b5, 0xf9c7f9c7, 0xfae4fae4, 
	0xfd30fd30, 0xfffafffa, 0x01d601d6, 0x02f902f9, 0x04080408, 0x05330533, 0x06030603, 0x06330633, 
	0x05d105d1, 0x057c057c, 0x058d058d, 0x05750575, 0x04b504b5, 0x036e036e, 0x02610261, 0x01b301b3, 
	0x00da00da, 0xffcfffcf, 0xff35ff35, 0xff01ff01, 0xfea8fea8, 0xfdcdfdcd, 0xfd0dfd0d, 0xfd2dfd2d, 
	0xfe3efe3e, 0xff7bff7b, 0xffd8ffd8, 0xffbaffba, 0x00320032, 0x01c001c0, 0x03460346, 0x04460446, 
	0x04dc04dc, 0x05470547, 0x05c905c9, 0x063d063d, 0x06e406e4, 0x07510751, 0x07ab07ab, 0x07f007f0, 
	0x08ac08ac, 0x0a0e0a0e, 0x0beb0beb, 0x0e6f0e6f, 0x10c810c8, 0x12541254, 0x131d131d, 0x14b914b9, 
	0x16de16de, 0x186f186f, 0x192d192d, 0x19381938, 0x18fb18fb, 0x18381838, 0x176b176b, 0x16411641, 
	0x14cc14cc, 0x135b135b, 0x11ea11ea, 0x0fb70fb7, 0x0c7b0c7b, 0x098a098a, 0x06f606f6, 0x046f046f, 
	0x01b001b0, 0xfefffeff, 0xfc57fc57, 0xf995f995, 0xf70bf70b, 0xf498f498, 0xf2a0f2a0, 0xf1a1f1a1, 
	0xf169f169, 0xf0baf0ba, 0xef42ef42, 0xee25ee25, 0xee84ee84, 0xf05df05d, 0xf267f267, 0xf3ddf3dd, 
	0xf4ebf4eb, 0xf5cbf5cb, 0xf6f9f6f9, 0xf905f905, 0xfbedfbed, 0xfebcfebc, 0x00740074, 0x01450145, 
	0x01b801b8, 0x02980298, 0x04440444, 0x061f061f, 0x06e906e9, 0x066a066a, 0x05700570, 0x04980498, 
	0x04a304a3, 0x04fc04fc, 0x04e304e3, 0x03de03de, 0x024f024f, 0x01420142, 0x00c800c8, 0x00580058, 
	0xffb9ffb9, 0xffaaffaa, 0xff90ff90, 0xfee9fee9, 0xfdeefdee, 0xfd5efd5e, 0xfdf1fdf1, 0xff22ff22, 
	0x00470047, 0x00a500a5, 0x00be00be, 0x01320132, 0x02410241, 0x039d039d, 0x04dd04dd, 0x05cc05cc, 
	0x06320632, 0x069c069c, 0x072e072e, 0x08970897, 0x0b790b79, 0x0ef20ef2, 0x11741174, 0x12c512c5, 
	0x140f140f, 0x16261626, 0x18ee18ee, 0x1b521b52, 0x1ca01ca0, 0x1d191d19, 0x1d421d42, 0x1d131d13, 
	0x1c251c25, 0x1ac01ac0, 0x19981998, 0x185d185d, 0x165f165f, 0x13691369, 0x0fec0fec, 0x0ccf0ccf, 
	0x0a230a23, 0x074b074b, 0x03b603b6, 0x00000000, 0xfcfafcfa, 0xfa9ffa9f, 0xf7eaf7ea, 0xf4d3f4d3, 
	0xf260f260, 0xf08af08a, 0xef69ef69, 0xee7fee7f, 0xedacedac, 0xed18ed18, 0xecbeecbe, 0xece7ece7, 
	0xedf1edf1, 0xefa1efa1, 0xf147f147, 0xf34cf34c, 0xf51df51d, 0xf6b3f6b3, 0xf8b2f8b2, 0xfb42fb42, 
	0xfde2fde2, 0xff8aff8a, 0x011d011d, 0x03170317, 0x04b004b0, 0x05800580, 0x065e065e, 0x07390739, 
	0x07c607c6, 0x089b089b, 0x08fd08fd, 0x08af08af, 0x07b507b5, 0x06eb06eb, 0x06c906c9, 0x068f068f, 
	0x05fe05fe, 0x04fc04fc, 0x03b203b2, 0x025e025e, 0x01a801a8, 0x01410141, 0x00da00da, 0x001b001b, 
	0xff07ff07, 0xfebdfebd, 0xfee2fee2, 0xff10ff10, 0xff38ff38, 0xff82ff82, 0xffdbffdb, 0x00280028, 
	0x00ff00ff, 0x02490249, 0x03430343, 0x039f039f, 0x04930493, 0x069c069c, 0x09f809f8, 0x0df40df4, 
	0x107a107a, 0x11cf11cf, 0x13a213a2, 0x16851685, 0x19371937, 0x1b021b02, 0x1c4d1c4d, 0x1d451d45, 
	0x1db41db4, 0x1d891d89, 0x1cbc1cbc, 0x1af51af5, 0x19691969, 0x18391839, 0x15f715f7, 0x12b612b6, 
	0x0f7d0f7d, 0x0c800c80, 0x08eb08eb, 0x04c804c8, 0x00e400e4, 0xfdd0fdd0, 0xfb32fb32, 0xf88bf88b, 
	0xf573f573, 0xf209f209, 0xefa2efa2, 0xee72ee72, 0xedb0edb0, 0xecececec, 0xec5aec5a, 0xec3dec3d, 
	0xec65ec65, 0xecbaecba, 0xed94ed94, 0xef6aef6a, 0xf1ddf1dd, 0xf44cf44c, 0xf665f665, 0xf877f877, 
	0xfacdfacd, 0xfd48fd48, 0x00000000, 0x02800280, 0x04570457, 0x05f505f5, 0x079f079f, 0x08bd08bd, 
	0x092f092f, 0x099c099c, 0x0a3d0a3d, 0x0a830a83, 0x0a2c0a2c, 0x09b709b7, 0x09260926, 0x085d085d, 
	0x07ab07ab, 0x06a606a6, 0x05000500, 0x03c203c2, 0x03380338, 0x024a024a, 0x00b200b2, 0xff54ff54, 
	0xfeaffeaf, 0xfe54fe54, 0xfde8fde8, 0xfd8dfd8d, 0xfd67fd67, 0xfda9fda9, 0xfe4ffe4f, 0xfe7ffe7f, 
	0xfe42fe42, 0xfee4fee4, 0x00550055, 0x01990199, 0x02c702c7, 0x04c304c3, 0x07ee07ee, 0x0bac0bac, 
	0x0f010f01, 0x11cf11cf, 0x14ba14ba, 0x17e217e2, 0x1ab51ab5, 0x1c9f1c9f, 0x1e141e14, 0x1fc91fc9, 
	0x213c213c, 0x21882188, 0x20572057, 0x1e5c1e5c, 0x1cc01cc0, 0x1b731b73, 0x19651965, 0x16531653, 
	0x12c812c8, 0x0f0a0f0a, 0x0b120b12, 0x06d106d1, 0x02a402a4, 0xfee5fee5, 0xfb83fb83, 0xf842f842, 
	0xf487f487, 0xf0c5f0c5, 0xee10ee10, 0xec4eec4e, 0xeb2ceb2c, 0xeac2eac2, 0xea91ea91, 0xea30ea30, 
	0xea5bea5b, 0xeb54eb54, 0xec9aec9a, 0xedf4edf4, 0xf004f004, 0xf2f9f2f9, 0xf5abf5ab, 0xf80af80a, 
	0xfa7ffa7f, 0xfce5fce5, 0xffb1ffb1, 0x03240324, 0x05f305f3, 0x07890789, 0x09210921, 0x0af40af4, 
	0x0c600c60, 0x0d0d0d0d, 0x0d590d59, 0x0d3e0d3e, 0x0c930c93, 0x0c0b0c0b, 0x0b590b59, 0x09ec09ec, 
	0x086e086e, 0x076c076c, 0x05e705e7, 0x03bf03bf, 0x02350235, 0x014d014d, 0x005a005a, 0xff19ff19, 
	0xfdf3fdf3, 0xfcd4fcd4, 0xfbeafbea, 0xfbd4fbd4, 0xfc2efc2e, 0xfc60fc60, 0xfc5efc5e, 0xfca9fca9, 
	0xfd15fd15, 0xfd97fd97, 0xfeb9feb9, 0x00b300b3, 0x03750375, 0x06a806a8, 0x0a150a15, 0x0d4d0d4d, 
	0x109b109b, 0x14351435, 0x17701770, 0x19e519e5, 0x1c051c05, 0x1e9c1e9c, 0x20a720a7, 0x21042104, 
	0x20232023, 0x1f151f15, 0x1e3a1e3a, 0x1d051d05, 0x1b081b08, 0x18101810, 0x14941494, 0x10d410d4, 
	0x0caa0caa, 0x07e707e7, 0x03400340, 0xffc1ffc1, 0xfc91fc91, 0xf8bbf8bb, 0xf45bf45b, 0xf07ef07e, 
	0xee05ee05, 0xec89ec89, 0xeb3beb3b, 0xea08ea08, 0xe994e994, 0xe9f0e9f0, 0xea92ea92, 0xeae8eae8, 
	0xebb4ebb4, 0xedbeedbe, 0xf02cf02c, 0xf2a6f2a6, 0xf534f534, 0xf7d0f7d0, 0xfaa5faa5, 0xfd97fd97, 
	0x007f007f, 0x03700370, 0x06440644, 0x08a308a3, 0x0a740a74, 0x0ba30ba3, 0x0ca20ca2, 0x0d980d98, 
	0x0e340e34, 0x0e940e94, 0x0e630e63, 0x0d950d95, 0x0ccc0ccc, 0x0bdb0bdb, 0x0a5d0a5d, 0x08bf08bf, 
	0x07440744, 0x05ba05ba, 0x04290429, 0x02840284, 0x00d800d8, 0xff4fff4f, 0xfdfefdfe, 0xfd0cfd0c, 
	0xfc5ffc5f, 0xfc22fc22, 0xfc3bfc3b, 0xfc28fc28, 0xfc39fc39, 0xfca1fca1, 0xfd5bfd5b, 0xff48ff48, 
	0x02dc02dc, 0x06bf06bf, 0x09c709c7, 0x0c850c85, 0x0fc00fc0, 0x139c139c, 0x177d177d, 0x1ac51ac5, 
	0x1d5c1d5c, 0x1fb81fb8, 0x21c621c6, 0x222c222c, 0x21242124, 0x20762076, 0x202e202e, 0x1eea1eea, 
	0x1c581c58, 0x18d218d2, 0x14a514a5, 0x10c410c4, 0x0d0e0d0e, 0x08970897, 0x03a703a7, 0xff9eff9e, 
	0xfc48fc48, 0xf812f812, 0xf3a0f3a0, 0xf042f042, 0xeddbeddb, 0xebe6ebe6, 0xea6fea6f, 0xe91ce91c, 
	0xe7ebe7eb, 0xe805e805, 0xe8dae8da, 0xe959e959, 0xea48ea48, 0xec7fec7f, 0xeef2eef2, 0xf10af10a, 
	0xf3c7f3c7, 0xf69bf69b, 0xf8adf8ad, 0xfaf9faf9, 0xfe73fe73, 0x01c801c8, 0x042f042f, 0x06d006d0, 
	0x09500950, 0x0ac60ac6, 0x0bb00bb0, 0x0cb70cb7, 0x0daf0daf, 0x0ef80ef8, 0x0ff30ff3, 0x0eef0eef, 
	0x0d130d13, 0x0c5a0c5a, 0x0c4b0c4b, 0x0b310b31, 0x096d096d, 0x081b081b, 0x06a906a9, 0x04de04de, 
	0x02e202e2, 0x00b800b8, 0xff1eff1e, 0xfefefefe, 0xfec2fec2, 0xfcfffcff, 0xfbacfbac, 0xfbf3fbf3, 
	0xfc6efc6e, 0xfc21fc21, 0xfc1afc1a, 0xfd8ffd8f, 0x00c600c6, 0x04be04be, 0x079d079d, 0x09860986, 
	0x0c670c67, 0x10871087, 0x13d513d5, 0x163f163f, 0x19721972, 0x1cb31cb3, 0x1e6c1e6c, 0x1ebf1ebf, 
	0x1e931e93, 0x1e461e46, 0x1e3a1e3a, 0x1dcd1dcd, 0x1b8d1b8d, 0x17f117f1, 0x14861486, 0x11571157, 
	0x0d670d67, 0x091a091a, 0x05280528, 0x01370137, 0xfd6dfd6d, 0xf9def9de, 0xf5ecf5ec, 0xf230f230, 
	0xefd4efd4, 0xee37ee37, 0xec6aec6a, 0xeafeeafe, 0xea93ea93, 0xea94ea94, 0xea92ea92, 0xeb1feb1f, 
	0xec2eec2e, 0xed88ed88, 0xefc7efc7, 0xf26cf26c, 0xf481f481, 0xf685f685, 0xf8ccf8cc, 0xfb15fb15, 
	0xfdaefdae, 0x00730073, 0x02a802a8, 0x045b045b, 0x06210621, 0x07d807d8, 0x08dc08dc, 0x09940994, 
	0x0ae90ae9, 0x0bdc0bdc, 0x0bbd0bbd, 0x0b9b0b9b, 0x0b770b77, 0x0ae20ae2, 0x0a380a38, 0x09b709b7, 
	0x09130913, 0x080f080f, 0x06db06db, 0x05850585, 0x04240424, 0x03240324, 0x02890289, 0x01a101a1, 
	0x00bc00bc, 0x00710071, 0x00310031, 0xffdeffde, 0xffdeffde, 0x00400040, 0x01660166, 0x041a041a, 
	0x076f076f, 0x09c509c5, 0x0be70be7, 0x0f1d0f1d, 0x12851285, 0x15031503, 0x175b175b, 0x19d719d7, 
	0x1c021c02, 0x1d961d96, 0x1dc91dc9, 0x1cd41cd4, 0x1c271c27, 0x1c111c11, 0x1abe1abe, 0x17d917d9, 
	0x15081508, 0x12071207, 0x0e360e36, 0x0a730a73, 0x06c006c0, 0x027c027c, 0xfeccfecc, 0xfbf5fbf5, 
	0xf86cf86c, 0xf485f485, 0xf1b4f1b4, 0xef99ef99, 0xed61ed61, 0xebffebff, 0xeba2eba2, 0xeb52eb52, 
	0xeb54eb54, 0xebe9ebe9, 0xec72ec72, 0xed5bed5b, 0xef87ef87, 0xf1def1de, 0xf3acf3ac, 0xf5cef5ce, 
	0xf81df81d, 0xfa02fa02, 0xfbd6fbd6, 0xfe1cfe1c, 0x006b006b, 0x02910291, 0x049f049f, 0x06060606, 
	0x06ef06ef, 0x080d080d, 0x092a092a, 0x09ec09ec, 0x0a9c0a9c, 0x0b100b10, 0x0ae90ae9, 0x0a8b0a8b, 
	0x0a200a20, 0x09620962, 0x088e088e, 0x08060806, 0x077b077b, 0x06b706b7, 0x05d505d5, 0x04dc04dc, 
	0x03da03da, 0x03190319, 0x02c402c4, 0x02900290, 0x02760276, 0x029b029b, 0x03380338, 0x04fb04fb, 
	0x07910791, 0x09ae09ae, 0x0ba30ba3, 0x0eae0eae, 0x12271227, 0x14851485, 0x160b160b, 0x17ec17ec, 
	0x1a2d1a2d, 0x1bf41bf4, 0x1c651c65, 0x1b771b77, 0x1a591a59, 0x19cb19cb, 0x187c187c, 0x15611561, 
	0x12261226, 0x0fad0fad, 0x0c9a0c9a, 0x087d087d, 0x041d041d, 0xffecffec, 0xfc6afc6a, 0xf9cbf9cb, 
	0xf697f697, 0xf249f249, 0xef0aef0a, 0xedb8edb8, 0xec5bec5b, 0xea8cea8c, 0xe9e2e9e2, 0xea39ea39, 
	0xeac5eac5, 0xeb94eb94, 0xec81ec81, 0xed7ced7c, 0xef8fef8f, 0xf26ef26e, 0xf436f436, 0xf592f592, 
	0xf80ef80e, 0xfad1fad1, 0xfcb3fcb3, 0xfe50fe50, 0x00100010, 0x01970197, 0x03a103a1, 0x06010601, 
	0x073a073a, 0x07890789, 0x087a087a, 0x09a709a7, 0x09f109f1, 0x0a1f0a1f, 0x0a710a71, 0x0a4f0a4f, 
	0x0a0d0a0d, 0x09b909b9, 0x089a089a, 0x07550755, 0x071b071b, 0x070d070d, 0x06100610, 0x04e204e2, 
	0x046c046c, 0x03ec03ec, 0x03660366, 0x03870387, 0x036e036e, 0x03540354, 0x04d304d3, 0x07c407c4, 
	0x0a4b0a4b, 0x0c060c06, 0x0e130e13, 0x10de10de, 0x14371437, 0x172c172c, 0x18ef18ef, 0x1a671a67, 
	0x1cbf1cbf, 0x1e7d1e7d, 0x1dbf1dbf, 0x1c171c17, 0x1b971b97, 0x1b691b69, 0x19cb19cb, 0x16901690, 
	0x12b212b2, 0x0f740f74, 0x0cdc0cdc, 0x091b091b, 0x03d603d6, 0xff5cff5c, 0xfca7fca7, 0xf9c4f9c4, 
	0xf5c6f5c6, 0xf1d7f1d7, 0xef1eef1e, 0xedededed, 0xed03ed03, 0xeb56eb56, 0xea01ea01, 0xea84ea84, 
	0xebe8ebe8, 0xec64ec64, 0xece5ece5, 0xeec3eec3, 0xf132f132, 0xf350f350, 0xf541f541, 0xf732f732, 
	0xf95ef95e, 0xfbecfbec, 0xfe3afe3a, 0xffeeffee, 0x01a301a3, 0x037c037c, 0x05060506, 0x067d067d, 
	0x07fa07fa, 0x08de08de, 0x09500950, 0x0a060a06, 0x0aad0aad, 0x0a910a91, 0x0a0a0a0a, 0x09b909b9, 
	0x09760976, 0x08b808b8, 0x07730773, 0x06460646, 0x05960596, 0x05240524, 0x043f043f, 0x02b602b6, 
	0x01b701b7, 0x01b801b8, 0x01b701b7, 0x01710171, 0x01fb01fb, 0x04380438, 0x073a073a, 0x09940994, 
	0x0b710b71, 0x0dd60dd6, 0x113e113e, 0x14b814b8, 0x16e316e3, 0x18481848, 0x1a651a65, 0x1c9a1c9a, 
	0x1cfa1cfa, 0x1bae1bae, 0x1a9c1a9c, 0x1a371a37, 0x192a192a, 0x167f167f, 0x12991299, 0x0ed60ed6, 
	0x0bdc0bdc, 0x084c084c, 0x033a033a, 0xfe3efe3e, 0xfa93fa93, 0xf73bf73b, 0xf355f355, 0xef48ef48, 
	0xebfbebfb, 0xe9eee9ee, 0xe8b8e8b8, 0xe7b3e7b3, 0xe6b7e6b7, 0xe6ace6ac, 0xe7dce7dc, 0xe90ae90a, 
	0xea20ea20, 0xebecebec, 0xee5fee5f, 0xf144f144, 0xf451f451, 0xf702f702, 0xf95ff95f, 0xfbf0fbf0, 
	0xfeeafeea, 0x01c601c6, 0x03f503f5, 0x05b705b7, 0x07700770, 0x08f408f4, 0x0a0a0a0a, 0x0ac50ac5, 
	0x0b5e0b5e, 0x0bf60bf6, 0x0c430c43, 0x0bec0bec, 0x0b3a0b3a, 0x0aa70aa7, 0x0a2f0a2f, 0x09560956, 
	0x08030803, 0x06e606e6, 0x06170617, 0x05310531, 0x04450445, 0x036a036a, 0x02b802b8, 0x026f026f, 
	0x028e028e, 0x02ce02ce, 0x03850385, 0x05840584, 0x082c082c, 0x0a460a46, 0x0c4f0c4f, 0x0f1b0f1b, 
	0x12471247, 0x151a151a, 0x17541754, 0x192d192d, 0x1b191b19, 0x1cd91cd9, 0x1d581d58, 0x1c791c79, 
	0x1b701b70, 0x1aae1aae, 0x19461946, 0x16ad16ad, 0x13981398, 0x107c107c, 0x0d130d13, 0x094a094a, 
	0x04f804f8, 0x007e007e, 0xfcc0fcc0, 0xf978f978, 0xf5e2f5e2, 0xf205f205, 0xee94ee94, 0xec48ec48, 
	0xeaf3eaf3, 0xe9f5e9f5, 0xe944e944, 0xe922e922, 0xe9aee9ae, 0xeacaeaca, 0xec00ec00, 0xed44ed44, 
	0xef35ef35, 0xf1f6f1f6, 0xf4e2f4e2, 0xf736f736, 0xf8f8f8f8, 0xfb15fb15, 0xfd98fd98, 0xffbbffbb, 
	0x01740174, 0x02db02db, 0x04190419, 0x05710571, 0x06780678, 0x06f706f7, 0x07390739, 0x07a807a8, 
	0x083c083c, 0x082f082f, 0x079c079c, 0x071f071f, 0x068c068c, 0x05ec05ec, 0x05670567, 0x04b904b9, 
	0x03f003f0, 0x034b034b, 0x02a702a7, 0x02060206, 0x01be01be, 0x01d401d4, 0x01fe01fe, 0x02a002a0, 
	0x04910491, 0x06f806f8, 0x08890889, 0x0a5d0a5d, 0x0d3c0d3c, 0x10341034, 0x12cd12cd, 0x14e614e6, 
	0x16ab16ab, 0x18a618a6, 0x1a871a87, 0x1b461b46, 0x1aba1aba, 0x1a351a35, 0x1a261a26, 0x19151915, 
	0x16af16af, 0x13ce13ce, 0x10a510a5, 0x0d8f0d8f, 0x0a6b0a6b, 0x06570657, 0x01d601d6, 0xfe3bfe3b, 
	0xfb11fb11, 0xf756f756, 0xf390f390, 0xf073f073, 0xee06ee06, 0xec5bec5b, 0xeb5beb5b, 0xea4bea4b, 
	0xe94ae94a, 0xe96ee96e, 0xea66ea66, 0xeb71eb71, 0xeccceccc, 0xee9bee9b, 0xf0d4f0d4, 0xf366f366, 
	0xf5e8f5e8, 0xf807f807, 0xfa26fa26, 0xfcc6fcc6, 0xff8bff8b, 0x01be01be, 0x03690369, 0x04b904b9, 
	0x05e405e4, 0x073a073a, 0x08300830, 0x08790879, 0x08990899, 0x08e208e2, 0x09180918, 0x08a408a4, 
	0x076f076f, 0x065b065b, 0x05f405f4, 0x05860586, 0x04c504c5, 0x040e040e, 0x034f034f, 0x02b502b5, 
	0x029f029f, 0x02c202c2, 0x02bc02bc, 0x03620362, 0x05b905b9, 0x089a089a, 0x0a7b0a7b, 0x0c210c21, 
	0x0e990e99, 0x11bb11bb, 0x14ea14ea, 0x173f173f, 0x18d418d4, 0x1b0d1b0d, 0x1d891d89, 0x1e3f1e3f, 
	0x1d661d66, 0x1cf31cf3, 0x1cda1cda, 0x1bcf1bcf, 0x19b519b5, 0x17051705, 0x13d913d9, 0x10861086, 
	0x0ce60ce6, 0x08320832, 0x03370337, 0xff66ff66, 0xfc07fc07, 0xf7e7f7e7, 0xf37cf37c, 0xef95ef95, 
	0xec86ec86, 0xea4eea4e, 0xe896e896, 0xe716e716, 0xe647e647, 0xe6b3e6b3, 0xe77de77d, 0xe7dce7dc, 
	0xe8b0e8b0, 0xeab2eab2, 0xed5ced5c, 0xf00af00a, 0xf27ff27f, 0xf4c8f4c8, 0xf73cf73c, 0xfa26fa26, 
	0xfce4fce4, 0xfec4fec4, 0x007d007d, 0x02cb02cb, 0x04d304d3, 0x05af05af, 0x05d105d1, 0x05f705f7, 
	0x06730673, 0x06f306f3, 0x06b806b8, 0x05f205f2, 0x055d055d, 0x04f604f6, 0x042c042c, 0x03080308, 
	0x026d026d, 0x02790279, 0x02400240, 0x01a201a2, 0x01450145, 0x01850185, 0x02440244, 0x035f035f, 
	0x051d051d, 0x07850785, 0x0a320a32, 0x0cba0cba, 0x0f260f26, 0x11ef11ef, 0x14f714f7, 0x17991799, 
	0x19f419f4, 0x1c4a1c4a, 0x1e2b1e2b, 0x1efa1efa, 0x1ec61ec6, 0x1e481e48, 0x1d9c1d9c, 0x1c461c46, 
	0x1a301a30, 0x17a617a6, 0x14ba14ba, 0x11861186, 0x0dfb0dfb, 0x09ce09ce, 0x058d058d, 0x019c019c, 
	0xfdddfddd, 0xfa1afa1a, 0xf63ff63f, 0xf2c7f2c7, 0xefd6efd6, 0xed42ed42, 0xeb2ceb2c, 0xe998e998, 
	0xe8a4e8a4, 0xe86de86d, 0xe861e861, 0xe8b0e8b0, 0xe9e7e9e7, 0xeb88eb88, 0xed4aed4a, 0xef7def7d, 
	0xf1fdf1fd, 0xf447f447, 0xf694f694, 0xf906f906, 0xfb54fb54, 0xfd61fd61, 0xff75ff75, 0x01880188, 
	0x03150315, 0x042e042e, 0x04f804f8, 0x05770577, 0x06190619, 0x06c706c7, 0x06d206d2, 0x06860686, 
	0x068e068e, 0x06860686, 0x05ee05ee, 0x05210521, 0x049a049a, 0x04670467, 0x04810481, 0x046a046a, 
	0x03ec03ec, 0x03e403e4, 0x05040504, 0x06f106f1, 0x08ef08ef, 0x0ab60ab6, 0x0cb60cb6, 0x0f3d0f3d, 
	0x12071207, 0x14a414a4, 0x16d916d9, 0x190f190f, 0x1b631b63, 0x1d471d47, 0x1dfd1dfd, 0x1da11da1, 
	0x1d1f1d1f, 0x1cbf1cbf, 0x1bdf1bdf, 0x19ea19ea, 0x17611761, 0x14b314b3, 0x11c111c1, 0x0e3c0e3c, 
	0x09ed09ed, 0x05830583, 0x01eb01eb, 0xfec0fec0, 0xfb07fb07, 0xf6f3f6f3, 0xf32ef32e, 0xf01cf01c, 
	0xed75ed75, 0xeaebeaeb, 0xe8a3e8a3, 0xe72be72b, 0xe6b1e6b1, 0xe669e669, 0xe623e623, 0xe69ae69a, 
	0xe820e820, 0xe9f9e9f9, 0xebe9ebe9, 0xee26ee26, 0xf086f086, 0xf327f327, 0xf60ff60f, 0xf8cff8cf, 
	0xfb62fb62, 0xfe1dfe1d, 0x00790079, 0x02140214, 0x03600360, 0x04ae04ae, 0x05800580, 0x05d305d3, 
	0x064d064d, 0x06a306a3, 0x067b067b, 0x06120612, 0x05c805c8, 0x059b059b, 0x05510551, 0x04be04be, 
	0x04140414, 0x03c403c4, 0x03d703d7, 0x04130413, 0x04760476, 0x05ba05ba, 0x07cb07cb, 0x099b099b, 
	0x0b1b0b1b, 0x0d290d29, 0x0fe60fe6, 0x12b212b2, 0x15311531, 0x17481748, 0x19361936, 0x1b1b1b1b, 
	0x1ca21ca2, 0x1d3a1d3a, 0x1ce51ce5, 0x1c891c89, 0x1c211c21, 0x1ae71ae7, 0x18f418f4, 0x16811681, 
	0x13981398, 0x106f106f, 0x0d050d05, 0x09460946, 0x05540554, 0x01a601a6, 0xfe1cfe1c, 0xfa4efa4e, 
	0xf689f689, 0xf351f351, 0xf082f082, 0xedf4edf4, 0xebf1ebf1, 0xea39ea39, 0xe8fde8fd, 0xe89de89d, 
	0xe8a7e8a7, 0xe8c7e8c7, 0xe976e976, 0xeaeaeaea, 0xec97ec97, 0xee4cee4c, 0xf052f052, 0xf2bff2bf, 
	0xf52df52d, 0xf78cf78c, 0xf9ccf9cc, 0xfbe7fbe7, 0xfdfffdff, 0xffdaffda, 0x01390139, 0x02310231, 
	0x03290329, 0x04080408, 0x049e049e, 0x05150515, 0x05b005b0, 0x061d061d, 0x06020602, 0x05be05be, 
	0x05940594, 0x05830583, 0x056a056a, 0x05820582, 0x05db05db, 0x067a067a, 0x078b078b, 0x08d508d5, 
	0x0a120a12, 0x0b4c0b4c, 0x0d190d19, 0x0f740f74, 0x11cf11cf, 0x13d113d1, 0x156e156e, 0x16f516f5, 
	0x189a189a, 0x19f319f3, 0x1a621a62, 0x1a1e1a1e, 0x19c619c6, 0x19611961, 0x18831883, 0x16de16de, 
	0x14871487, 0x12211221, 0x0fdf0fdf, 0x0d2a0d2a, 0x09cb09cb, 0x064a064a, 0x031b031b, 0x00240024, 
	0xfd2afd2a, 0xf9f5f9f5, 0xf6d3f6d3, 0xf45af45a, 0xf25af25a, 0xf057f057, 0xee9eee9e, 0xed77ed77, 
	0xecd8ecd8, 0xecb1ecb1, 0xec9dec9d, 0xec95ec95, 0xed03ed03, 0xee1bee1b, 0xef8aef8a, 0xf0f5f0f5, 
	0xf268f268, 0xf407f407, 0xf5e8f5e8, 0xf7d0f7d0, 0xf98cf98c, 0xfb18fb18, 0xfc98fc98, 0xfe55fe55, 
	0xfff2fff2, 0x00ea00ea, 0x016c016c, 0x01fa01fa, 0x02c802c8, 0x03690369, 0x03ce03ce, 0x04300430, 
	0x043c043c, 0x041a041a, 0x042e042e, 0x04690469, 0x04860486, 0x04cf04cf, 0x05dd05dd, 0x07890789, 
	0x090a090a, 0x09ef09ef, 0x0b0b0b0b, 0x0d040d04, 0x0f430f43, 0x110c110c, 0x123b123b, 0x136b136b, 
	0x152b152b, 0x16c016c0, 0x176b176b, 0x17941794, 0x17c217c2, 0x17ed17ed, 0x17891789, 0x163f163f, 
	0x145f145f, 0x12651265, 0x10461046, 0x0dc70dc7, 0x0b070b07, 0x08180818, 0x05220522, 0x022c022c, 
	0xff22ff22, 0xfbebfbeb, 0xf8d0f8d0, 0xf647f647, 0xf41bf41b, 0xf1edf1ed, 0xeff0eff0, 0xee9dee9d, 
	0xedd3edd3, 0xed5eed5e, 0xed03ed03, 0xecebeceb, 0xed9ded9d, 0xeebceebc, 0xefb9efb9, 0xf066f066, 
	0xf160f160, 0xf311f311, 0xf512f512, 0xf6ecf6ec, 0xf85bf85b, 0xf9e7f9e7, 0xfb71fb71, 0xfcbcfcbc, 
	0xfdf2fdf2, 0xfefffeff, 0xffffffff, 0x00e600e6, 0x01e501e5, 0x02c302c3, 0x03860386, 0x04620462, 
	0x04fb04fb, 0x05510551, 0x05ba05ba, 0x068b068b, 0x074b074b, 0x080e080e, 0x09860986, 0x0b5d0b5d, 
	0x0cc50cc5, 0x0dbd0dbd, 0x0f160f16, 0x10ed10ed, 0x12b512b5, 0x13f513f5, 0x14d014d0, 0x15921592, 
	0x16681668, 0x17371737, 0x174e174e, 0x16b316b3, 0x160b160b, 0x15731573, 0x146a146a, 0x12b412b4, 
	0x10ae10ae, 0x0ea40ea4, 0x0cbe0cbe, 0x0a8c0a8c, 0x07ab07ab, 0x049f049f, 0x02030203, 0xffccffcc, 
	0xfd3ffd3f, 0xfa55fa55, 0xf7cef7ce, 0xf601f601, 0xf491f491, 0xf2f0f2f0, 0xf17cf17c, 0xf058f058, 
	0xef6aef6a, 0xeee4eee4, 0xeea1eea1, 0xee8cee8c, 0xeecfeecf, 0xef94ef94, 0xf086f086, 0xf187f187, 
	0xf27cf27c, 0xf356f356, 0xf48df48d, 0xf5faf5fa, 0xf72ef72e, 0xf828f828, 0xf953f953, 0xfad5fad5, 
	0xfc3efc3e, 0xfd86fd86, 0xfec2fec2, 0xffdbffdb, 0x00e100e1, 0x01d401d4, 0x02c202c2, 0x039c039c, 
	0x04490449, 0x04d704d7, 0x05a005a0, 0x068b068b, 0x077c077c, 0x092f092f, 0x0af60af6, 0x0c280c28, 
	0x0d460d46, 0x0ece0ece, 0x10be10be, 0x125a125a, 0x13761376, 0x14631463, 0x159b159b, 0x16cb16cb, 
	0x178f178f, 0x17b017b0, 0x17341734, 0x16fc16fc, 0x16da16da, 0x163e163e, 0x14d614d6, 0x12cb12cb, 
	0x10b410b4, 0x0eb10eb1, 0x0c730c73, 0x09a409a4, 0x06820682, 0x03aa03aa, 0x01580158, 0xff01ff01, 
	0xfc33fc33, 0xf93bf93b, 0xf6ccf6cc, 0xf526f526, 0xf3c8f3c8, 0xf23ff23f, 0xf0e5f0e5, 0xf006f006, 
	0xefbeefbe, 0xefe2efe2, 0xefd2efd2, 0xefb1efb1, 0xeff2eff2, 0xf0cbf0cb, 0xf1bcf1bc, 0xf25df25d, 
	0xf31ff31f, 0xf443f443, 0xf5aaf5aa, 0xf717f717, 0xf88bf88b, 0xf9d1f9d1, 0xfb11fb11, 0xfc7bfc7b, 
	0xfdcafdca, 0xfecafeca, 0xff85ff85, 0x00580058, 0x012c012c, 0x01d801d8, 0x027d027d, 0x03580358, 
	0x04390439, 0x04cb04cb, 0x05480548, 0x063d063d, 0x08180818, 0x0a2e0a2e, 0x0bbd0bbd, 0x0d110d11, 
	0x0eb80eb8, 0x10d910d9, 0x12df12df, 0x14131413, 0x14e114e1, 0x15ec15ec, 0x16d716d7, 0x17461746, 
	0x173f173f, 0x16dc16dc, 0x161c161c, 0x15341534, 0x14421442, 0x12c712c7, 0x109f109f, 0x0e5c0e5c, 
	0x0c5b0c5b, 0x0a650a65, 0x07ec07ec, 0x050a050a, 0x02440244, 0xffbbffbb, 0xfd83fd83, 0xfb59fb59, 
	0xf902f902, 0xf6bef6be, 0xf535f535, 0xf458f458, 0xf35ff35f, 0xf25df25d, 0xf1bbf1bb, 0xf18ff18f, 
	0xf1a2f1a2, 0xf1dff1df, 0xf1fff1ff, 0xf212f212, 0xf2b3f2b3, 0xf406f406, 0xf54df54d, 0xf621f621, 
	0xf709f709, 0xf81af81a, 0xf942f942, 0xfa0ffa0f, 0xfad0fad0, 0xfbb7fbb7, 0xfc8ffc8f, 0xfdbbfdbb, 
	0xfecbfecb, 0xffa4ffa4, 0xfff9fff9, 0x00300030, 0x00db00db, 0x01e001e0, 0x030d030d, 0x040a040a, 
	0x05c405c4, 0x084a084a, 0x0ac50ac5, 0x0c720c72, 0x0d8f0d8f, 0x0f700f70, 0x11a411a4, 0x13571357, 
	0x14db14db, 0x16221622, 0x17191719, 0x17c017c0, 0x17cd17cd, 0x17a517a5, 0x17561756, 0x168e168e, 
	0x156d156d, 0x14291429, 0x128e128e, 0x10ad10ad, 0x0eaa0eaa, 0x0c410c41, 0x09960996, 0x06de06de, 
	0x04600460, 0x02150215, 0xffc6ffc6, 0xfd79fd79, 0xfb14fb14, 0xf8f2f8f2, 0xf78af78a, 0xf662f662, 
	0xf55bf55b, 0xf493f493, 0xf3ddf3dd, 0xf353f353, 0xf304f304, 0xf320f320, 0xf33ff33f, 0xf3bef3be, 
	0xf471f471, 0xf4e9f4e9, 0xf572f572, 0xf613f613, 0xf775f775, 0xf877f877, 0xf90ff90f, 0xf9c8f9c8, 
	0xfa7dfa7d, 0xfb65fb65, 0xfc27fc27, 0xfd68fd68, 0xfe73fe73, 0xff06ff06, 0xffffffff, 0x013c013c, 
	0x025d025d, 0x03510351, 0x04750475, 0x065b065b, 0x09ef09ef, 0x0dfe0dfe, 0x10cd10cd, 0x129a129a, 
	0x14601460, 0x16f116f1, 0x194e194e, 0x1ad21ad2, 0x1c371c37, 0x1d6f1d6f, 0x1e6e1e6e, 0x1e9e1e9e, 
	0x1dc01dc0, 0x1c731c73, 0x1af11af1, 0x193e193e, 0x172e172e, 0x14981498, 0x11711171, 0x0e720e72, 
	0x0b450b45, 0x07de07de, 0x04b404b4, 0x019a019a, 0xfee9fee9, 0xfc31fc31, 0xf998f998, 0xf720f720, 
	0xf4b3f4b3, 0xf2b4f2b4, 0xf154f154, 0xf06df06d, 0xefadefad, 0xef0cef0c, 0xee8aee8a, 0xeeb9eeb9, 
	0xef7aef7a, 0xf047f047, 0xf0d9f0d9, 0xf19ef19e, 0xf2caf2ca, 0xf430f430, 0xf539f539, 0xf5c2f5c2, 
	0xf6e9f6e9, 0xf7eef7ee, 0xf8def8de, 0xf9e7f9e7, 0xfaeafaea, 0xfc51fc51, 0xfd6cfd6c, 0xfe72fe72, 
	0xff74ff74, 0x00980098, 0x01ea01ea, 0x02f902f9, 0x04470447, 0x06120612, 0x08e408e4, 0x0dfa0dfa, 
	0x14181418, 0x18931893, 0x1af71af7, 0x1cdf1cdf, 0x1f631f63, 0x21782178, 0x225a225a, 0x231f231f, 
	0x24b324b3, 0x25ee25ee, 0x259f259f, 0x23d123d1, 0x21652165, 0x1f3f1f3f, 0x1c561c56, 0x18611861, 
	0x145e145e, 0x10981098, 0x0d140d14, 0x09250925, 0x04ac04ac, 0x005b005b, 0xfc0ffc0f, 0xf832f832, 
	0xf507f507, 0xf246f246, 0xefe7efe7, 0xedb3edb3, 0xebf4ebf4, 0xeabdeabd, 0xe9c4e9c4, 0xe910e910, 
	0xe92de92d, 0xe9e0e9e0, 0xeaabeaab, 0xeb64eb64, 0xec9fec9f, 0xee7bee7b, 0xf00df00d, 0xf1dcf1dc, 
	0xf3bff3bf, 0xf58cf58c, 0xf732f732, 0xf909f909, 0xfb54fb54, 0xfd32fd32, 0xfee9fee9, 0x00850085, 
	0x02750275, 0x04270427, 0x05230523, 0x06030603, 0x06fe06fe, 0x08110811, 0x08f308f3, 0x0a130a13, 
	0x0c3e0c3e, 0x113e113e, 0x18441844, 0x1e8d1e8d, 0x237b237b, 0x27b127b1, 0x2b772b77, 0x2d532d53, 
	0x2d0d2d0d, 0x2ccb2ccb, 0x2d6e2d6e, 0x2e6b2e6b, 0x2f242f24, 0x2df92df9, 0x2b1b2b1b, 0x27922792, 
	0x225e225e, 0x1bb21bb2, 0x145f145f, 0x0dea0dea, 0x09030903, 0x043e043e, 0xff84ff84, 0xfa98fa98, 
	0xf53ff53f, 0xefc4efc4, 0xea66ea66, 0xe614e614, 0xe301e301, 0xe13fe13f, 0xe0f6e0f6, 0xe1dde1dd, 
	0xe2c4e2c4, 0xe35ee35e, 0xe423e423, 0xe4fee4fe, 0xe6ede6ed, 0xe957e957, 0xebd8ebd8, 0xef20ef20, 
	0xf304f304, 0xf6e9f6e9, 0xf9c0f9c0, 0xfbe4fbe4, 0xfde2fde2, 0xff98ff98, 0x01050105, 0x02820282, 
	0x040c040c, 0x05ab05ab, 0x07a507a5, 0x09930993, 0x0a7c0a7c, 0x0a3f0a3f, 0x0a640a64, 0x0ac70ac7, 
	0x0ad10ad1, 0x0b220b22, 0x0d0b0d0b, 0x124b124b, 0x1a481a48, 0x226b226b, 0x29aa29aa, 0x30bf30bf, 
	0x372b372b, 0x3ab43ab4, 0x3a3f3a3f, 0x387f387f, 0x377f377f, 0x368e368e, 0x34c734c7, 0x322c322c, 
	0x2efd2efd, 0x2a5f2a5f, 0x246a246a, 0x1cb11cb1, 0x13451345, 0x096a096a, 0xfffafffa, 0xf7f6f7f6, 
	0xf0d7f0d7, 0xea6eea6e, 0xe55ee55e, 0xe13ae13a, 0xdd65dd65, 0xd9b8d9b8, 0xd658d658, 0xd3f4d3f4, 
	0xd2fdd2fd, 0xd3a5d3a5, 0xd603d603, 0xd91ed91e, 0xdce9dce9, 0xe178e178, 0xe5c7e5c7, 0xe9e6e9e6, 
	0xee11ee11, 0xf20cf20c, 0xf5c3f5c3, 0xf9acf9ac, 0xfe01fe01, 0x01f301f3, 0x057d057d, 0x089b089b, 
	0x0b370b37, 0x0cf10cf1, 0x0df70df7, 0x0f020f02, 0x0f8b0f8b, 0x0fed0fed, 0x0fa00fa0, 0x0f010f01, 
	0x0eae0eae, 0x0e660e66, 0x0e590e59, 0x0d750d75, 0x0da70da7, 0x112c112c, 0x178b178b, 0x1e941e94, 
	0x24f124f1, 0x2cab2cab, 0x34e534e5, 0x39eb39eb, 0x3ab63ab6, 0x39613961, 0x38a638a6, 0x373e373e, 
	0x32f932f9, 0x2e2e2e2e, 0x2a5f2a5f, 0x268c268c, 0x21272127, 0x19b419b4, 0x10f410f4, 0x073d073d, 
	0xfdb1fdb1, 0xf448f448, 0xeb2feb2f, 0xe362e362, 0xdd9edd9e, 0xd9b4d9b4, 0xd649d649, 0xd3b0d3b0, 
	0xd2add2ad, 0xd2d6d2d6, 0xd35cd35c, 0xd46dd46d, 0xd699d699, 0xda25da25, 0xdeffdeff, 0xe47ee47e, 
	0xea3bea3b, 0xf00cf00c, 0xf5c9f5c9, 0xfb52fb52, 0x00260026, 0x03d103d1, 0x06920692, 0x094c094c, 
	0x0ca30ca3, 0x0f270f27, 0x109f109f, 0x11c011c0, 0x12961296, 0x137c137c, 0x13941394, 0x12861286, 
	0x10c410c4, 0x0f330f33, 0x0dca0dca, 0x0bb40bb4, 0x09870987, 0x085a085a, 0x091c091c, 0x0ca50ca5, 
	0x12b412b4, 0x19821982, 0x20dd20dd, 0x29aa29aa, 0x32623262, 0x38653865, 0x3b213b21, 0x3c1a3c1a, 
	0x3c7c3c7c, 0x3b1b3b1b, 0x37503750, 0x32503250, 0x2d822d82, 0x29462946, 0x23c323c3, 0x1c0f1c0f, 
	0x12e112e1, 0x097e097e, 0xffebffeb, 0xf563f563, 0xeab2eab2, 0xe17be17b, 0xda59da59, 0xd49ed49e, 
	0xd089d089, 0xcddbcddb, 0xcd30cd30, 0xce8ace8a, 0xd066d066, 0xd27ed27e, 0xd530d530, 0xd92bd92b, 
	0xde13de13, 0xe396e396, 0xe956e956, 0xef84ef84, 0xf6aff6af, 0xfdf5fdf5, 0x04060406, 0x08490849, 
	0x0b850b85, 0x0e980e98, 0x10b510b5, 0x11971197, 0x12801280, 0x131b131b, 0x135e135e, 0x13b713b7, 
	0x13941394, 0x12ab12ab, 0x10d610d6, 0x0e3b0e3b, 0x0b720b72, 0x085a085a, 0x05540554, 0x03640364, 
	0x03190319, 0x063e063e, 0x0c3c0c3c, 0x13e313e3, 0x1cdd1cdd, 0x27112711, 0x31813181, 0x38953895, 
	0x3c563c56, 0x3d413d41, 0x3d693d69, 0x3d0f3d0f, 0x38b438b4, 0x33a733a7, 0x2f7d2f7d, 0x2a912a91, 
	0x25052505, 0x1e201e20, 0x165d165d, 0x0db80db8, 0x03d903d9, 0xf924f924, 0xede5ede5, 0xe347e347, 
	0xda54da54, 0xd33bd33b, 0xcd9fcd9f, 0xca6cca6c, 0xc9e2c9e2, 0xcad5cad5, 0xccc5ccc5, 0xcefbcefb, 
	0xd1b0d1b0, 0xd4c4d4c4, 0xd86dd86d, 0xdd09dd09, 0xe1ede1ed, 0xe788e788, 0xee94ee94, 0xf676f676, 
	0xfde7fde7, 0x04310431, 0x091c091c, 0x0d1b0d1b, 0x0fe00fe0, 0x11561156, 0x11c411c4, 0x11be11be, 
	0x12351235, 0x12ee12ee, 0x13e413e4, 0x14821482, 0x14321432, 0x13041304, 0x11921192, 0x0f0f0f0f, 
	0x0b7d0b7d, 0x08730873, 0x070c070c, 0x089f089f, 0x0c6b0c6b, 0x12901290, 0x1b4c1b4c, 0x25e225e2, 
	0x304a304a, 0x383c383c, 0x3c903c90, 0x3d153d15, 0x3d613d61, 0x3cc83cc8, 0x383f383f, 0x31e931e9, 
	0x2c122c12, 0x264b264b, 0x1fea1fea, 0x19b719b7, 0x140a140a, 0x0e640e64, 0x07310731, 0xfd7cfd7c, 
	0xf2a4f2a4, 0xe828e828, 0xdebcdebc, 0xd5e4d5e4, 0xcde9cde9, 0xc8b9c8b9, 0xc685c685, 0xc6e8c6e8, 
	0xc95cc95c, 0xccb5ccb5, 0xd0b5d0b5, 0xd54cd54c, 0xda93da93, 0xdf7bdf7b, 0xe352e352, 0xe7e4e7e4, 
	0xee28ee28, 0xf4b4f4b4, 0xfab0fab0, 0x00d900d9, 0x07d207d2, 0x0e8d0e8d, 0x13371337, 0x15cd15cd, 
	0x174f174f, 0x17b417b4, 0x16f916f9, 0x15eb15eb, 0x141f141f, 0x127b127b, 0x120e120e, 0x11c211c2, 
	0x10aa10aa, 0x0e750e75, 0x0c2c0c2c, 0x09dc09dc, 0x074c074c, 0x05560556, 0x05bf05bf, 0x08b208b2, 
	0x0d6f0d6f, 0x14dc14dc, 0x1f001f00, 0x29902990, 0x32313231, 0x38db38db, 0x3b843b84, 0x3bb13bb1, 
	0x3a353a35, 0x349a349a, 0x2d9e2d9e, 0x26062606, 0x1e6a1e6a, 0x17521752, 0x11371137, 0x0ca80ca8, 
	0x07df07df, 0x02970297, 0xfbd7fbd7, 0xf381f381, 0xea89ea89, 0xe14de14d, 0xd84ad84a, 0xd041d041, 
	0xca71ca71, 0xc7abc7ab, 0xc7a5c7a5, 0xc9fdc9fd, 0xce8cce8c, 0xd449d449, 0xda5bda5b, 0xe019e019, 
	0xe57ce57c, 0xea81ea81, 0xeee2eee2, 0xf36df36d, 0xf806f806, 0xfc68fc68, 0x015d015d, 0x07130713, 
	0x0d140d14, 0x11f111f1, 0x153b153b, 0x17711771, 0x188a188a, 0x18071807, 0x15c815c8, 0x13191319, 
	0x107d107d, 0x0e990e99, 0x0d840d84, 0x0c6e0c6e, 0x0ad30ad3, 0x09100910, 0x08360836, 0x07a507a5, 
	0x06ec06ec, 0x06f106f1, 0x093c093c, 0x0da80da8, 0x141f141f, 0x1d1b1d1b, 0x270c270c, 0x30593059, 
	0x387e387e, 0x3d2c3d2c, 0x3d443d44, 0x3cd03cd0, 0x39eb39eb, 0x324d324d, 0x29282928, 0x1f541f54, 
	0x160a160a, 0x0d840d84, 0x060e060e, 0x00d100d1, 0xfceffcef, 0xf864f864, 0xf238f238, 0xeae5eae5, 
	0xe335e335, 0xdbc8dbc8, 0xd450d450, 0xcd65cd65, 0xc85cc85c, 0xc628c628, 0xc720c720, 0xcb07cb07, 
	0xd0f8d0f8, 0xd829d829, 0xe03de03d, 0xe86ce86c, 0xef9bef9b, 0xf547f547, 0xfa0cfa0c, 0xfe3efe3e, 
	0x01f201f2, 0x05070507, 0x084a084a, 0x0c4a0c4a, 0x10191019, 0x133f133f, 0x15d415d4, 0x17f317f3, 
	0x19341934, 0x19231923, 0x17721772, 0x14e214e2, 0x12541254, 0x0fbb0fbb, 0x0d200d20, 0x0a7c0a7c, 
	0x081d081d, 0x06780678, 0x05920592, 0x04d904d9, 0x04340434, 0x05b505b5, 0x09c709c7, 0x0f370f37, 
	0x15f415f4, 0x1e271e27, 0x27e527e5, 0x30da30da, 0x38923892, 0x3d443d44, 0x3db23db2, 0x3cf53cf5, 
	0x38763876, 0x304c304c, 0x26c226c2, 0x1c5e1c5e, 0x12ae12ae, 0x096f096f, 0x01850185, 0xfb7cfb7c, 
	0xf711f711, 0xf2bff2bf, 0xeda2eda2, 0xe8cee8ce, 0xe3f1e3f1, 0xdddaddda, 0xd70fd70f, 0xd107d107, 
	0xcc9ecc9e, 0xca5fca5f, 0xca03ca03, 0xcc19cc19, 0xd062d062, 0xd6b3d6b3, 0xde9dde9d, 0xe65be65b, 
	0xeda5eda5, 0xf424f424, 0xf9adf9ad, 0xfe38fe38, 0x01a701a7, 0x04a904a9, 0x07b407b4, 0x0aa50aa5, 
	0x0d660d66, 0x10081008, 0x12901290, 0x14601460, 0x15401540, 0x15841584, 0x15081508, 0x13ad13ad, 
	0x11851185, 0x0f2f0f2f, 0x0cb60cb6, 0x0a330a33, 0x07ad07ad, 0x05360536, 0x035f035f, 0x02600260, 
	0x022f022f, 0x02e302e3, 0x05900590, 0x0a470a47, 0x10bf10bf, 0x18f518f5, 0x22d922d9, 0x2c9a2c9a, 
	0x349f349f, 0x3b583b58, 0x3e713e71, 0x3efb3efb, 0x3e5b3e5b, 0x39413941, 0x30de30de, 0x27492749, 
	0x1ca01ca0, 0x12201220, 0x087f087f, 0x00930093, 0xfa6dfa6d, 0xf5c5f5c5, 0xf1a9f1a9, 0xecd4ecd4, 
	0xe7bfe7bf, 0xe296e296, 0xdd32dd32, 0xd759d759, 0xd1ebd1eb, 0xcda5cda5, 0xcb00cb00, 0xcb08cb08, 
	0xcd54cd54, 0xd196d196, 0xd7b7d7b7, 0xdf78df78, 0xe7e5e7e5, 0xeff8eff8, 0xf75ff75f, 0xfe14fe14, 
	0x03e703e7, 0x08350835, 0x0b640b64, 0x0e2d0e2d, 0x10ac10ac, 0x12881288, 0x13a613a6, 0x145f145f, 
	0x151a151a, 0x15571557, 0x14981498, 0x12fd12fd, 0x10fa10fa, 0x0f200f20, 0x0cd00cd0, 0x09ed09ed, 
	0x06f306f3, 0x046d046d, 0x02870287, 0x00ab00ab, 0xff45ff45, 0xff41ff41, 0x003d003d, 0x022d022d, 
	0x06240624, 0x0c190c19, 0x13a113a1, 0x1c0a1c0a, 0x25392539, 0x2e872e87, 0x36783678, 0x3bc03bc0, 
	0x3e033e03, 0x3e273e27, 0x3ad23ad2, 0x342b342b, 0x2bab2bab, 0x21842184, 0x16911691, 0x0bd80bd8, 
	0x02ba02ba, 0xfb0afb0a, 0xf465f465, 0xef3eef3e, 0xeb35eb35, 0xe783e783, 0xe395e395, 0xdf7cdf7c, 
	0xdb44db44, 0xd70ad70a, 0xd367d367, 0xd0bed0be, 0xcf3ecf3e, 0xcf68cf68, 0xd1cbd1cb, 0xd642d642, 
	0xdc40dc40, 0xe363e363, 0xeb34eb34, 0xf301f301, 0xfa51fa51, 0x00e500e5, 0x062f062f, 0x0a4f0a4f, 
	0x0db00db0, 0x10251025, 0x11d611d6, 0x13051305, 0x13e513e5, 0x143f143f, 0x14241424, 0x13a213a2, 
	0x12bf12bf, 0x11ab11ab, 0x0fd90fd9, 0x0dd10dd1, 0x0bbc0bbc, 0x094f094f, 0x07130713, 0x04ef04ef, 
	0x02fc02fc, 0x01870187, 0x00ed00ed, 0x01210121, 0x01ac01ac, 0x03c603c6, 0x08580858, 0x0dd90dd9, 
	0x13f013f0, 0x1b5e1b5e, 0x23ac23ac, 0x2bc72bc7, 0x32503250, 0x37063706, 0x39d439d4, 0x39ea39ea, 
	0x36cb36cb, 0x31023102, 0x29682968, 0x202e202e, 0x16571657, 0x0cea0cea, 0x040d040d, 0xfc2afc2a, 
	0xf5f1f5f1, 0xf11ef11e, 0xec9bec9b, 0xe86be86b, 0xe4f0e4f0, 0xe18ce18c, 0xdd7cdd7c, 0xd946d946, 
	0xd5d9d5d9, 0xd37ed37e, 0xd207d207, 0xd1e7d1e7, 0xd3abd3ab, 0xd725d725, 0xdcbedcbe, 0xe3a7e3a7, 
	0xead5ead5, 0xf268f268, 0xf9fbf9fb, 0x01220122, 0x073e073e, 0x0c200c20, 0x10001000, 0x13121312, 
	0x15281528, 0x15df15df, 0x15cc15cc, 0x15451545, 0x14491449, 0x12c612c6, 0x10f610f6, 0x0f6e0f6e, 
	0x0e0c0e0c, 0x0c750c75, 0x0ae50ae5, 0x09a209a2, 0x08ce08ce, 0x08770877, 0x07cc07cc, 0x06d406d4, 
	0x06340634, 0x06290629, 0x06da06da, 0x07940794, 0x09170917, 0x0c4e0c4e, 0x10831083, 0x158a158a, 
	0x1b6c1b6c, 0x21dc21dc, 0x28132813, 0x2d102d10, 0x307f307f, 0x320e320e, 0x30f730f7, 0x2d732d73, 
	0x28082808, 0x20832083, 0x178d178d, 0x0e640e64, 0x055e055e, 0xfc9efc9e, 0xf4e5f4e5, 0xeec3eec3, 
	0xe9cbe9cb, 0xe596e596, 0xe274e274, 0xe04ee04e, 0xdeb2deb2, 0xdd16dd16, 0xdb86db86, 0xdaa8daa8, 
	0xda5fda5f, 0xdab9dab9, 0xdb91db91, 0xdd1cdd1c, 0xdff0dff0, 0xe403e403, 0xe911e911, 0xee77ee77, 
	0xf45bf45b, 0xfa96fa96, 0x00880088, 0x05e505e5, 0x0a970a97, 0x0eab0eab, 0x11911191, 0x134b134b, 
	0x141c141c, 0x14011401, 0x13341334, 0x11f511f5, 0x10351035, 0x0e480e48, 0x0cb40cb4, 0x0b680b68, 
	0x0a960a96, 0x0a1e0a1e, 0x0a020a02, 0x0a810a81, 0x0b250b25, 0x0b750b75, 0x0bd90bd9, 0x0c790c79, 
	0x0cac0cac, 0x0ca20ca2, 0x0cb40cb4, 0x0cb70cb7, 0x0cf50cf5, 0x0e8f0e8f, 0x114e114e, 0x14411441, 
	0x18271827, 0x1d3e1d3e, 0x226e226e, 0x27012701, 0x2ae32ae3, 0x2d212d21, 0x2d032d03, 0x2ad82ad8, 
	0x26a326a3, 0x20292029, 0x17f017f0, 0x0f110f11, 0x062a062a, 0xfd81fd81, 0xf5c6f5c6, 0xf014f014, 
	0xebb5ebb5, 0xe83ae83a, 0xe644e644, 0xe542e542, 0xe458e458, 0xe308e308, 0xe20de20d, 0xe11de11d, 
	0xdfa1dfa1, 0xde4dde4d, 0xde13de13, 0xdf33df33, 0xe0d7e0d7, 0xe3b0e3b0, 0xe824e824, 0xed48ed48, 
	0xf2b3f2b3, 0xf7f4f7f4, 0xfcd2fcd2, 0x01310131, 0x04d704d7, 0x07c107c1, 0x09f609f6, 0x0b930b93, 
	0x0ca00ca0, 0x0d600d60, 0x0dfc0dfc, 0x0e2b0e2b, 0x0e1c0e1c, 0x0dce0dce, 0x0d850d85, 0x0d3d0d3d, 
	0x0cef0cef, 0x0ce50ce5, 0x0ce20ce2, 0x0d210d21, 0x0d430d43, 0x0db10db1, 0x0e460e46, 0x0e050e05, 
	0x0d900d90, 0x0d380d38, 0x0cc10cc1, 0x0bb40bb4, 0x0aa80aa8, 0x0a750a75, 0x0ae60ae6, 0x0c700c70, 
	0x0f440f44, 0x12e212e2, 0x173e173e, 0x1c661c66, 0x216c216c, 0x254c254c, 0x27cd27cd, 0x28f428f4, 
	0x28312831, 0x24cf24cf, 0x1f811f81, 0x19281928, 0x11e511e5, 0x0a150a15, 0x02840284, 0xfbe3fbe3, 
	0xf654f654, 0xf20ff20f, 0xeeebeeeb, 0xeca8eca8, 0xeb03eb03, 0xe995e995, 0xe857e857, 0xe6cce6cc, 
	0xe4bee4be, 0xe282e282, 0xe09de09d, 0xdf0fdf0f, 0xde20de20, 0xde89de89, 0xe018e018, 0xe2e8e2e8, 
	0xe705e705, 0xec16ec16, 0xf18df18d, 0xf6fcf6fc, 0xfc59fc59, 0x01590159, 0x05880588, 0x091e091e, 
	0x0c540c54, 0x0eef0eef, 0x10e810e8, 0x12701270, 0x14201420, 0x152c152c, 0x156e156e, 0x156b156b, 
	0x14f014f0, 0x14311431, 0x12ad12ad, 0x10e010e0, 0x0f380f38, 0x0de70de7, 0x0cf40cf4, 0x0c0a0c0a, 
	0x0bc40bc4, 0x0c080c08, 0x0c180c18, 0x0bc00bc0, 0x0b5c0b5c, 0x0a960a96, 0x09690969, 0x080e080e, 
	0x06b806b8, 0x05c705c7, 0x05aa05aa, 0x071f071f, 0x09bb09bb, 0x0d700d70, 0x12751275, 0x183d183d, 
	0x1d991d99, 0x21e321e3, 0x25522552, 0x26fc26fc, 0x26192619, 0x22fc22fc, 0x1e4d1e4d, 0x18251825, 
	0x11091109, 0x09df09df, 0x02dc02dc, 0xfca5fca5, 0xf7baf7ba, 0xf40ff40f, 0xf139f139, 0xee98ee98, 
	0xec69ec69, 0xea7dea7d, 0xe80be80b, 0xe4eae4ea, 0xe1a9e1a9, 0xdeb7deb7, 0xdc3adc3a, 0xdaccdacc, 
	0xdaa0daa0, 0xdc3adc3a, 0xdfa4dfa4, 0xe464e464, 0xea4cea4c, 0xf0a3f0a3, 0xf74cf74c, 0xfd82fd82, 
	0x02d102d1, 0x072a072a, 0x0a530a53, 0x0c970c97, 0x0dfe0dfe, 0x0ef30ef3, 0x0fa20fa2, 0x10521052, 
	0x11091109, 0x11ea11ea, 0x12a912a9, 0x12be12be, 0x129d129d, 0x12271227, 0x11291129, 0x0f950f95, 
	0x0dc80dc8, 0x0c1e0c1e, 0x0ad80ad8, 0x0a0f0a0f, 0x09940994, 0x095e095e, 0x09620962, 0x097d097d, 
	0x090d090d, 0x07ff07ff, 0x06920692, 0x05080508, 0x032f032f, 0x01a501a5, 0x01cd01cd, 0x038f038f, 
	0x067e067e, 0x0ad50ad5, 0x112a112a, 0x183f183f, 0x1e801e80, 0x23e623e6, 0x28152815, 0x2a1b2a1b, 
	0x29182918, 0x25bd25bd, 0x20f720f7, 0x1ac31ac3, 0x139a139a, 0x0cac0cac, 0x06860686, 0x01110111, 
	0xfc8ffc8f, 0xf911f911, 0xf605f605, 0xf2bff2bf, 0xef93ef93, 0xec8dec8d, 0xe8f9e8f9, 0xe51ae51a, 
	0xe1aae1aa, 0xdf47df47, 0xddf2ddf2, 0xdd9fdd9f, 0xdee7dee7, 0xe1c0e1c0, 0xe5aee5ae, 0xeaaeeaae, 
	0xf02df02d, 0xf559f559, 0xfa2efa2e, 0xfe86fe86, 0x023d023d, 0x05240524, 0x075f075f, 0x09700970, 
	0x0b470b47, 0x0d020d02, 0x0e810e81, 0x10211021, 0x11ae11ae, 0x127a127a, 0x12d812d8, 0x12851285, 
	0x11701170, 0x0fa50fa5, 0x0d970d97, 0x0b8a0b8a, 0x09580958, 0x07970797, 0x06c906c9, 0x06cb06cb, 
	0x06f806f8, 0x074b074b, 0x07c507c5, 0x081d081d, 0x07a307a3, 0x06420642, 0x049c049c, 0x02d002d0, 
	0x01120112, 0xff98ff98, 0xff3cff3c, 0x00b700b7, 0x042b042b, 0x08e508e5, 0x0e830e83, 0x15541554, 
	0x1c5d1c5d, 0x225b225b, 0x26a726a7, 0x292b292b, 0x29a429a4, 0x27c127c1, 0x23bd23bd, 0x1e581e58, 
	0x18131813, 0x11b811b8, 0x0c120c12, 0x06eb06eb, 0x024f024f, 0xfe7dfe7d, 0xfb99fb99, 0xf89af89a, 
	0xf505f505, 0xf133f133, 0xed4aed4a, 0xe95be95b, 0xe521e521, 0xe15ee15e, 0xde96de96, 0xdd5edd5e, 
	0xdd96dd96, 0xdf08df08, 0xe1dee1de, 0xe5a7e5a7, 0xea58ea58, 0xef29ef29, 0xf3a9f3a9, 0xf7f2f7f2, 
	0xfc32fc32, 0x00170017, 0x03680368, 0x06a206a2, 0x09c309c3, 0x0c920c92, 0x0ed70ed7, 0x10c010c0, 
	0x11fc11fc, 0x123c123c, 0x11801180, 0x10351035, 0x0ecd0ecd, 0x0cd90cd9, 0x0ab80ab8, 0x08f908f9, 
	0x07ca07ca, 0x06d906d9, 0x06250625, 0x060c060c, 0x06250625, 0x06390639, 0x060f060f, 0x05f205f2, 
	0x05e405e4, 0x05690569, 0x04e704e7, 0x045e045e, 0x03cd03cd, 0x033c033c, 0x02db02db, 0x02f002f0, 
	0x031d031d, 0x03d103d1, 0x05f205f2, 0x09810981, 0x0d720d72, 0x11a111a1, 0x16b816b8, 0x1c4a1c4a, 
	0x20fa20fa, 0x23ec23ec, 0x25b125b1, 0x26242624, 0x24dc24dc, 0x220d220d, 0x1e091e09, 0x19421942, 
	0x141e141e, 0x0f3b0f3b, 0x0ab00ab0, 0x06570657, 0x02290229, 0xfe6bfe6b, 0xfb18fb18, 0xf768f768, 
	0xf30af30a, 0xee83ee83, 0xea26ea26, 0xe606e606, 0xe251e251, 0xdf30df30, 0xdd67dd67, 0xdd75dd75, 
	0xdf1edf1e, 0xe1e1e1e1, 0xe5a8e5a8, 0xea62ea62, 0xef73ef73, 0xf472f472, 0xf8b8f8b8, 0xfc49fc49, 
	0xff82ff82, 0x027f027f, 0x051c051c, 0x070a070a, 0x08bb08bb, 0x0a8d0a8d, 0x0c650c65, 0x0dc20dc2, 
	0x0e840e84, 0x0ec20ec2, 0x0ebd0ebd, 0x0ea80ea8, 0x0e270e27, 0x0d630d63, 0x0c960c96, 0x0c3d0c3d, 
	0x0c540c54, 0x0c340c34, 0x0c070c07, 0x0bca0bca, 0x0b740b74, 0x0ad60ad6, 0x09e309e3, 0x08c708c7, 
	0x07680768, 0x06240624, 0x05390539, 0x04a304a3, 0x03fd03fd, 0x034e034e, 0x03070307, 0x02c702c7, 
	0x02360236, 0x01750175, 0x013c013c, 0x02230223, 0x04420442, 0x07430743, 0x0b250b25, 0x10561056, 
	0x16641664, 0x1c391c39, 0x20bd20bd, 0x23bc23bc, 0x25062506, 0x247c247c, 0x22022202, 0x1dc61dc6, 
	0x18d518d5, 0x13d113d1, 0x0f4f0f4f, 0x0b470b47, 0x079e079e, 0x044a044a, 0x01290129, 0xfdebfdeb, 
	0xf9cbf9cb, 0xf4d9f4d9, 0xef61ef61, 0xea01ea01, 0xe53ae53a, 0xe162e162, 0xdebfdebf, 0xdda9dda9, 
	0xde9ade9a, 0xe11be11b, 0xe46be46b, 0xe831e831, 0xec3fec3f, 0xf01cf01c, 0xf35cf35c, 0xf5fef5fe, 
	0xf84af84a, 0xfa42fa42, 0xfc4efc4e, 0xff24ff24, 0x02510251, 0x053d053d, 0x07f407f4, 0x0af10af1, 
	0x0d9a0d9a, 0x0ef30ef3, 0x0f160f16, 0x0ed60ed6, 0x0eb70eb7, 0x0e500e50, 0x0db40db4, 0x0d320d32, 
	0x0d000d00, 0x0d300d30, 0x0d710d71, 0x0d1f0d1f, 0x0bf70bf7, 0x0a740a74, 0x08ce08ce, 0x06dd06dd, 
	0x04760476, 0x02590259, 0x01120112, 0x00a200a2, 0x00e000e0, 0x01560156, 0x021d021d, 0x03170317, 
	0x03e003e0, 0x03f403f4, 0x032b032b, 0x025f025f, 0x027a027a, 0x03ec03ec, 0x068c068c, 0x0a6c0a6c, 
	0x0fdd0fdd, 0x16911691, 0x1d871d87, 0x235b235b, 0x270e270e, 0x28a728a7, 0x28622862, 0x26132613, 
	0x21f321f3, 0x1ca51ca5, 0x17121712, 0x12231223, 0x0e220e22, 0x0ac00ac0, 0x074f074f, 0x03c103c1, 
	0x00580058, 0xfc83fc83, 0xf783f783, 0xf19cf19c, 0xebcdebcd, 0xe69ce69c, 0xe23de23d, 0xdf2bdf2b, 
	0xddd8ddd8, 0xde12de12, 0xdfbedfbe, 0xe2c1e2c1, 0xe668e668, 0xea03ea03, 0xed30ed30, 0xf02bf02b, 
	0xf302f302, 0xf5aff5af, 0xf852f852, 0xfb14fb14, 0xfe3cfe3c, 0x01be01be, 0x056c056c, 0x08be08be, 
	0x0b550b55, 0x0d370d37, 0x0e5c0e5c, 0x0ea00ea0, 0x0e210e21, 0x0d790d79, 0x0d080d08, 0x0cde0cde, 
	0x0cf10cf1, 0x0d4c0d4c, 0x0dbd0dbd, 0x0df90df9, 0x0dca0dca, 0x0d010d01, 0x0b650b65, 0x08f208f2, 
	0x06750675, 0x04700470, 0x02b002b0, 0x012c012c, 0x007e007e, 0x00dc00dc, 0x019f019f, 0x02390239, 
	0x029e029e, 0x02d502d5, 0x026a026a, 0x01700170, 0x005a005a, 0xff45ff45, 0xfe95fe95, 0xff4cff4c, 
	0x025f025f, 0x07330733, 0x0cb00cb0, 0x12d812d8, 0x19a119a1, 0x1fd01fd0, 0x23ed23ed, 0x25be25be, 
	0x25b425b4, 0x24062406, 0x211c211c, 0x1dc21dc2, 0x1a6b1a6b, 0x16fc16fc, 0x13ed13ed, 0x11ac11ac, 
	0x0f790f79, 0x0c330c33, 0x07c707c7, 0x02e602e6, 0xfda7fda7, 0xf7c1f7c1, 0xf179f179, 0xebd1ebd1, 
	0xe796e796, 0xe4dee4de, 0xe36be36b, 0xe2e2e2e2, 0xe324e324, 0xe402e402, 0xe53fe53f, 0xe68de68d, 
	0xe7c2e7c2, 0xe921e921, 0xeb16eb16, 0xede6ede6, 0xf143f143, 0xf4d0f4d0, 0xf8a2f8a2, 0xfccbfccb, 
	0x00bf00bf, 0x03d103d1, 0x05fc05fc, 0x07ab07ab, 0x09210921, 0x0a4b0a4b, 0x0b4b0b4b, 0x0c4e0c4e, 
	0x0d640d64, 0x0eac0eac, 0x0fe70fe7, 0x10951095, 0x10591059, 0x0f7d0f7d, 0x0e4b0e4b, 0x0c980c98, 
	0x0a690a69, 0x08240824, 0x061d061d, 0x04740474, 0x03480348, 0x027e027e, 0x01c501c5, 0x01110111, 
	0x00b100b1, 0x00870087, 0x00280028, 0xff94ff94, 0xff1dff1d, 0xfee5fee5, 0xfec1fec1, 0xfebefebe, 
	0xff00ff00, 0xff8fff8f, 0x00980098, 0x02980298, 0x05e705e7, 0x0a440a44, 0x0f0c0f0c, 0x13c013c0, 
	0x183e183e, 0x1c461c46, 0x1f3b1f3b, 0x20ab20ab, 0x20c420c4, 0x200e200e, 0x1f001f00, 0x1dfe1dfe, 
	0x1d0c1d0c, 0x1bb11bb1, 0x19b119b1, 0x175e175e, 0x14c414c4, 0x112a112a, 0x0c260c26, 0x066b066b, 
	0x00e500e5, 0xfbe0fbe0, 0xf748f748, 0xf31af31a, 0xef65ef65, 0xec5cec5c, 0xea19ea19, 0xe83ae83a, 
	0xe623e623, 0xe3f1e3f1, 0xe277e277, 0xe240e240, 0xe325e325, 0xe4d8e4d8, 0xe74ee74e, 0xea87ea87, 
	0xee50ee50, 0xf232f232, 0xf58af58a, 0xf811f811, 0xfa2dfa2d, 0xfc79fc79, 0xff22ff22, 0x020d020d, 
	0x054d054d, 0x08f608f6, 0x0cb90cb9, 0x100c100c, 0x12701270, 0x13911391, 0x13661366, 0x124b124b, 
	0x10c610c6, 0x0f2e0f2e, 0x0db20db2, 0x0c800c80, 0x0b9a0b9a, 0x0ad30ad3, 0x09e809e8, 0x08990899, 
	0x06ae06ae, 0x043b043b, 0x01b101b1, 0xff86ff86, 0xfdebfdeb, 0xfcecfcec, 0xfc87fc87, 0xfca5fca5, 
	0xfd28fd28, 0xfdd1fdd1, 0xfe27fe27, 0xfdd8fdd8, 0xfd3dfd3d, 0xfd01fd01, 0xfd62fd62, 0xfe2cfe2c, 
	0xff50ff50, 0x01210121, 0x03fd03fd, 0x07dd07dd, 0x0c250c25, 0x10111011, 0x134c134c, 0x16071607, 
	0x18721872, 0x1a811a81, 0x1c251c25, 0x1d781d78, 0x1ec41ec4, 0x20452045, 0x21b821b8, 0x22512251, 
	0x21812181, 0x1f6f1f6f, 0x1c621c62, 0x185a185a, 0x137a137a, 0x0e410e41, 0x09220922, 0x04620462, 
	0x002e002e, 0xfc63fc63, 0xf88ff88f, 0xf47bf47b, 0xf052f052, 0xec56ec56, 0xe8cae8ca, 0xe5fee5fe, 
	0xe422e422, 0xe34ee34e, 0xe3b0e3b0, 0xe533e533, 0xe737e737, 0xe92de92d, 0xeb0ceb0c, 0xecd1ecd1, 
	0xee76ee76, 0xf063f063, 0xf307f307, 0xf62df62d, 0xf99cf99c, 0xfda6fda6, 0x02350235, 0x06440644, 
	0x09210921, 0x0b2b0b2b, 0x0caf0caf, 0x0d690d69, 0x0d720d72, 0x0d610d61, 0x0d6a0d6a, 0x0d670d67, 
	0x0d6c0d6c, 0x0d700d70, 0x0cd70cd7, 0x0b450b45, 0x093c093c, 0x075a075a, 0x05890589, 0x03980398, 
	0x01e401e4, 0x00de00de, 0x004a004a, 0xffa6ffa6, 0xfed0fed0, 0xfde8fde8, 0xfcdefcde, 0xfbbdfbbd, 
	0xfaf5faf5, 0xfadbfadb, 0xfb50fb50, 0xfc35fc35, 0xfd8bfd8b, 0xff05ff05, 0x00140014, 0x00a300a3, 
	0x01070107, 0x015d015d, 0x01c001c0, 0x02d502d5, 0x054a054a, 0x08f108f1, 0x0cf50cf5, 0x10a610a6, 
	0x13ad13ad, 0x15f315f3, 0x17a817a8, 0x18f918f9, 0x19ce19ce, 0x1a3a1a3a, 0x1ac21ac2, 0x1bb81bb8, 
	0x1ca11ca1, 0x1cb91cb9, 0x1b9e1b9e, 0x19601960, 0x164e164e, 0x12df12df, 0x0f5d0f5d, 0x0bbb0bbb, 
	0x08050805, 0x04980498, 0x01850185, 0xfe51fe51, 0xfaaffaaf, 0xf6e7f6e7, 0xf35ef35e, 0xf057f057, 
	0xee26ee26, 0xece3ece3, 0xec3aec3a, 0xebdfebdf, 0xebecebec, 0xec5eec5e, 0xecd9ecd9, 0xed3ced3c, 
	0xedd4edd4, 0xeef4eef4, 0xf0d4f0d4, 0xf39ff39f, 0xf71ef71e, 0xfaaffaaf, 0xfde8fde8, 0x00c800c8, 
	0x034a034a, 0x05520552, 0x07000700, 0x088f088f, 0x0a1c0a1c, 0x0bc30bc3, 0x0d830d83, 0x0eef0eef, 
	0x0f7c0f7c, 0x0f120f12, 0x0df50df5, 0x0c550c55, 0x0a570a57, 0x08480848, 0x066d066d, 0x04dd04dd, 
	0x039a039a, 0x02890289, 0x01630163, 0xfff4fff4, 0xfe4afe4a, 0xfcb0fcb0, 0xfb66fb66, 0xfa7dfa7d, 
	0xf9eaf9ea, 0xf9c4f9c4, 0xfa24fa24, 0xfae0fae0, 0xfbb1fbb1, 0xfc81fc81, 0xfd38fd38, 0xfdaffdaf, 
	0xfe07fe07, 0xfe97fe97, 0xff6eff6e, 0x005c005c, 0x018c018c, 0x03420342, 0x05490549, 0x075e075e, 
	0x09ae09ae, 0x0c380c38, 0x0e600e60, 0x0fcc0fcc, 0x10c510c5, 0x11821182, 0x12001200, 0x128f128f, 
	0x136a136a, 0x142b142b, 0x14611461, 0x14181418, 0x136a136a, 0x121d121d, 0x10251025, 0x0df60df6, 
	0x0bea0bea, 0x0a0d0a0d, 0x085b085b, 0x06c606c6, 0x050f050f, 0x030d030d, 0x00d700d7, 0xfe8dfe8d, 
	0xfc56fc56, 0xfa53fa53, 0xf8aef8ae, 0xf788f788, 0xf6e2f6e2, 0xf67ef67e, 0xf623f623, 0xf5ddf5dd, 
	0xf5b7f5b7, 0xf5abf5ab, 0xf5bff5bf, 0xf62df62d, 0xf724f724, 0xf883f883, 0xfa0afa0a, 0xfb8afb8a, 
	0xfceafcea, 0xfe14fe14, 0xff20ff20, 0x00250025, 0x01180118, 0x01fa01fa, 0x02e402e4, 0x03e903e9, 
	0x04dd04dd, 0x05940594, 0x05ef05ef, 0x06000600, 0x05e305e3, 0x05920592, 0x05140514, 0x046b046b, 
	0x03a303a3, 0x02ce02ce, 0x02020202, 0x01410141, 0x00890089, 0xffd3ffd3, 0xff06ff06, 0xfe52fe52, 
	0xfdd5fdd5, 0xfd75fd75, 0xfd1afd1a, 0xfcdefcde, 0xfcd6fcd6, 0xfcd7fcd7, 0xfcdafcda, 0xfce9fce9, 
	0xfd05fd05, 0xfd1bfd1b, 0xfd47fd47, 0xfdd2fdd2, 0xfeb1feb1, 0xffacffac, 0x00b700b7, 0x01e601e6, 
	0x030a030a, 0x03f603f6, 0x04aa04aa, 0x05340534, 0x05d505d5, 0x06b106b1, 0x07c207c2, 0x08d908d9, 
	0x09bd09bd, 0x0a490a49, 0x0a750a75, 0x0a660a66, 0x0a240a24, 0x09bd09bd, 0x09540954, 0x09050905, 
	0x08c508c5, 0x08690869, 0x07de07de, 0x07300730, 0x06630663, 0x055b055b, 0x043f043f, 0x033d033d, 
	0x023e023e, 0x01470147, 0x00800080, 0xfff3fff3, 0xff83ff83, 0xff1aff1a, 0xfeb0feb0, 0xfe36fe36, 
	0xfda9fda9, 0xfd2dfd2d, 0xfcdefcde, 0xfcaafcaa, 0xfc98fc98, 0xfcd2fcd2, 0xfd5afd5a, 0xfde9fde9, 
	0xfe75fe75, 0xff18ff18, 0xffa0ffa0, 0xfff0fff0, 0x00390039, 0x009c009c, 0x010d010d, 0x01910191, 
	0x02230223, 0x02b702b7, 0x03240324, 0x034b034b, 0x03440344, 0x03150315, 0x02cc02cc, 0x02720272, 
	0x02160216, 0x01d201d2, 0x019a019a, 0x015d015d, 0x00f900f9, 0x00790079, 0xffeeffee, 0xff49ff49, 
	0xfea3fea3, 0xfe20fe20, 0xfdccfdcc, 0xfd92fd92, 0xfd7cfd7c, 0xfd73fd73, 0xfd71fd71, 0xfd78fd78, 
	0xfd6ffd6f, 0xfd6ffd6f, 0xfd7efd7e, 0xfdb2fdb2, 0xfe1dfe1d, 0xfeb3feb3, 0xff64ff64, 0x000c000c, 
	0x00b400b4, 0x01500150, 0x01dc01dc, 0x02570257, 0x02ba02ba, 0x030d030d, 0x03540354, 0x03a903a9, 
	0x03f403f4, 0x042b042b, 0x04400440, 0x04490449, 0x045f045f, 0x04610461, 0x04530453, 0x04260426, 
	0x03e303e3, 0x03af03af, 0x03890389, 0x036b036b, 0x03400340, 0x03130313, 0x02d702d7, 0x02940294, 
	0x02560256, 0x021e021e, 0x01ee01ee, 0x01c401c4, 0x01ad01ad, 0x018f018f, 0x01700170, 0x01470147, 
	0x010d010d, 0x00d500d5, 0x00a700a7, 0x009e009e, 0x00ae00ae, 0x00ba00ba, 0x00c400c4, 0x00c600c6, 
	0x00bd00bd, 0x00a900a9, 0x00870087, 0x005e005e, 0x00530053, 0x006c006c, 0x00940094, 0x00b800b8, 
	0x00d200d2, 0x00df00df, 0x00d600d6, 0x00c600c6, 0x00b700b7, 0x00a500a5, 0x00990099, 0x00910091, 
	0x008e008e, 0x00980098, 0x00970097, 0x00880088, 0x00760076, 0x005e005e, 0x00460046, 0x00280028, 
	0x00050005, 0xffe8ffe8, 0xffd0ffd0, 0xffbfffbf, 0xffb1ffb1, 0xffa8ffa8, 0xffa0ffa0, 0xff90ff90, 
	0xff78ff78, 0xff61ff61, 0xff4dff4d, 0xff39ff39, 0xff3aff3a, 0xff47ff47, 0xff68ff68, 0xff93ff93, 
	0xffc1ffc1, 0xfff9fff9, 0x001e001e, 0x003c003c, 0x00510051, 0x00640064, 0x00840084, 0x00af00af, 
	0x00e700e7, 0x01140114, 0x01380138, 0x014e014e, 0x01510151, 0x013e013e, 0x01230123, 0x010d010d, 
	0x00f100f1, 0x00e900e9, 0x00e000e0, 0x00cf00cf, 0x00ba00ba, 0x00980098, 0x00710071, 0x003b003b, 
	0x00130013, 0xfff2fff2, 0xffd6ffd6, 0xffcbffcb, 0xffc4ffc4, 0xffbeffbe, 0xffb7ffb7, 0xffbeffbe, 
	0xffbfffbf, 0xffb9ffb9, 0xffb4ffb4, 0xffbaffba, 0xffd5ffd5, 0xfff5fff5, 0x002a002a, 0x00600060, 
	0x00900090, 0x00bf00bf, 0x00e700e7, 0x010e010e, 0x01280128, 0x01440144, 0x01610161, 0x017b017b, 
	0x01950195, 0x01a901a9, 0x01b201b2, 0x01ad01ad, 0x01af01af, 0x01ac01ac, 0x01a001a0, 0x01880188, 
	0x01700170, 0x015f015f, 0x01470147, 0x01330133, 0x011e011e, 0x01040104, 0x00e400e4, 0x00c200c2, 
	0x00a900a9, 0x00940094, 0x00830083, 0x00760076, 0x006b006b, 0x00590059, 0x004d004d, 0x004b004b, 
	0x00440044, 0x003e003e, 0x003b003b, 0x00400040, 0x00450045, 0x004d004d, 0x00540054, 0x00560056, 
	0x005a005a, 0x005c005c, 0x00590059, 0x00510051, 0x004a004a, 0x00480048, 0x00500050, 0x00590059, 
	0x00590059, 0x00570057, 0x00510051, 0x004c004c, 0x00480048, 0x00430043, 0x003f003f, 0x003d003d, 
	0x00400040, 0x003c003c, 0x003c003c, 0x00390039, 0x00320032, 0x00280028, 0x00210021, 0x00250025, 
	0x00250025, 0x00260026, 0x00210021, 0x00240024, 0x002c002c, 0x00280028, 0x00260026, 0x00250025, 
	0x00270027, 0x001f001f, 0x00190019, 0x00140014, 0x000f000f, 0x00120012, 0x00140014, 0x001b001b, 
	0x00200020, 0x002a002a, 0x00300030, 0x00330033, 0x003d003d, 0x00400040, 0x004d004d, 0x005e005e, 
	0x006a006a, 0x007b007b, 0x00870087, 0x008f008f, 0x00910091, 0x00930093, 0x009a009a, 0x00a700a7, 
	0x00ad00ad, 0x00ab00ab, 0x00ae00ae, 0x00af00af, 0x00b300b3, 0x00ab00ab, 0x009d009d, 0x00900090, 
	0x007f007f, 0x00790079, 0x00730073, 0x00670067, 0x00620062, 0x005c005c, 0x00500050, 0x00400040, 
	0x002f002f, 0x00250025, 0x00130013, 0x00070007, 0x00070007, 0x00080008, 0x000d000d, 0x000d000d, 
	0x000a000a, 0x00060006, 0x000d000d, 0x00180018, 0x001f001f, 0x00240024, 0x00280028, 0x00350035, 
	0x00340034, 0x00320032, 0x00300030, 0x00300030, 0x00310031, 0x002d002d, 0x00320032, 0x002b002b, 
	0x00230023, 0x001e001e, 0x00120012, 0x000d000d, 0x000b000b, 0x00030003, 0xfff6fff6, 0xfff0fff0, 
	0xfff2fff2, 0xffeaffea, 0xffd9ffd9, 0xffcdffcd, 0xffc4ffc4, 0xffbfffbf, 0xffb7ffb7, 0xffb2ffb2, 
	0xffb9ffb9, 0xffb4ffb4, 0xffaaffaa, 0xffaeffae, 0xffaeffae, 0xffaeffae, 0xffb3ffb3, 0xffb8ffb8, 
	0xffbdffbd, 0xffc0ffc0, 0xffc7ffc7, 0xffcdffcd, 0xffd5ffd5, 0xffdbffdb, 0xffe6ffe6, 0xffebffeb, 
	0xffedffed, 0xfffbfffb, 0xffffffff, 0x00100010, 0x001b001b, 0x001f001f, 0x00290029, 0x002b002b, 
	0x002f002f, 0x002f002f, 0x00360036, 0x003c003c, 0x00430043, 0x004b004b, 0x004f004f, 0x004c004c, 
	0x00490049, 0x00460046, 0x004a004a, 0x00500050, 0x004a004a, 0x004c004c, 0x00480048, 0x00400040, 
	0x003b003b, 0x00340034, 0x002d002d, 0x00220022, 0x00250025, 0x00240024, 0x001f001f, 0x001c001c, 
	0x00130013, 0x00110011, 0x000a000a, 0x00090009, 0x00100010, 0x00270027, 0x00320032, 0x00270027, 
	0x00230023, 0x00110011, 0x00180018, 0x00270027, 0x00290029, 0x002a002a, 0x00090009, 0xfffcfffc, 
	0xfff3fff3, 0xfff1fff1, 0x00050005, 0x00020002, 0xfffbfffb, 0xffe8ffe8, 0xffd9ffd9, 0xffdeffde, 
	0xffecffec, 0xffecffec, 0xffe9ffe9, 0xfff1fff1, 0xffebffeb, 0xfff0fff0, 0xfff1fff1, 0x00060006, 
	0x00200020, 0x00110011, 0x00130013, 0x001d001d, 0x00270027, 0x001f001f, 0x00120012, 0x00220022, 
	0x00270027, 0x001c001c, 0x000f000f, 0x002c002c, 0x00530053, 0x00480048, 0x002d002d, 0x00340034, 
	0x00400040, 0x001d001d, 0x00100010, 0x00160016, 0x00220022, 0x002c002c, 0x001a001a, 0x00270027, 
	0x00280028, 0x00200020, 0x001c001c, 0x00130013, 0x00110011, 0x00050005, 0x00070007, 0x00100010, 
	0x00140014, 0x00210021, 0x00360036, 0x00270027, 0x002a002a, 0x00220022, 0x001d001d, 0x00310031, 
	0x00060006, 0x00180018, 0x00350035, 0x00350035, 0x00240024, 0x00170017, 0x002f002f, 0x002d002d, 
	0x001f001f, 0x00060006, 0x000d000d, 0xfff9fff9, 0xffefffef, 0xffe8ffe8, 0xffedffed, 0xfffefffe, 
	0xfff3fff3, 0x000f000f, 0xfffefffe, 0xffffffff, 0xfff1fff1, 0xffeeffee, 0xffebffeb, 0xffe3ffe3, 
	0xfff6fff6, 0xffebffeb, 0x00010001, 0xfff5fff5, 0x001c001c, 0x00260026, 0x00060006, 0x00140014, 
	0x000c000c, 0x00180018, 0x00270027, 0x00130013, 0x001a001a, 0x00290029, 0x00010001, 0x000d000d, 
	0xffffffff, 0x00060006, 0x00140014, 0xfff3fff3, 0x00020002, 0x00040004, 0x00070007, 0xfffdfffd, 
	0x000e000e, 0x00070007, 0xfff1fff1, 0xffecffec, 0xfff7fff7, 0x00000000, 0xfffafffa, 0x00020002, 
	0x000a000a, 0x00290029, 0xfff1fff1, 0xffe3ffe3, 0x00200020, 0x00130013, 0xfff3fff3, 0xffebffeb, 
	0x00050005, 0x001b001b, 0xffe0ffe0, 0xffd6ffd6, 0x000b000b, 0xfff0fff0, 0xfff7fff7, 0xffeaffea, 
	0xffd2ffd2, 0xffdeffde, 0x000c000c, 0x001f001f, 0x00080008, 0x000a000a, 0xffe9ffe9, 0x00190019, 
	0x00000000, 0x00010001, 0x001e001e, 0x00170017, 0x00280028, 0xffdfffdf, 0xffecffec, 0x003e003e, 
	0x00380038, 0xff9dff9d, 0xffecffec, 0x00500050, 0xffeeffee, 0x000f000f, 0xffd4ffd4, 0xffc1ffc1, 
	0x00220022, 0x00220022, 0xff93ff93, 0xff7fff7f, 0xffeaffea, 0xffb9ffb9, 0xff84ff84, 0xff8aff8a, 
	0xffbfffbf, 0xffc3ffc3, 0xff51ff51, 0xff4dff4d, 0xffebffeb, 0x00470047, 0xfff0fff0, 0xff46ff46, 
	0xff7eff7e, 0xffefffef, 0xffd6ffd6, 0xffebffeb, 0xffe5ffe5, 0xffedffed, 0xffa2ffa2, 0xff52ff52, 
	0xff9cff9c, 0x006c006c, 0x00b300b3, 0xffc5ffc5, 0xff58ff58, 0xff91ff91, 0x00100010, 0x00880088, 
	0x006c006c, 0x000f000f, 0xffd2ffd2, 0xff75ff75, 0xff80ff80, 0x000c000c, 0x006f006f, 0x00750075, 
	0x00020002, 0xff66ff66, 0xff03ff03, 0x00100010, 0x00a000a0, 0x00140014, 0xfff4fff4, 0x00330033, 
	0x005f005f, 0xffd1ffd1, 0x00280028, 0x01010101, 0x01100110, 0x00720072, 0xfff4fff4, 0xffb2ffb2, 
	0x00290029, 0x008c008c, 0x003c003c, 0x00190019, 0xffc8ffc8, 0xffffffff, 0xff4cff4c, 0xffb7ffb7, 
	0x00ac00ac, 0x00690069, 0x000e000e, 0xff0bff0b, 0xff2bff2b, 0xff9cff9c, 0x004a004a, 0x007e007e, 
	0x00410041, 0xffb7ffb7, 0xff22ff22, 0xff72ff72, 0xffd8ffd8, 0x00820082, 0x00680068, 0x00420042, 
	0xffd2ffd2, 0xff83ff83, 0xffa4ffa4, 0x003f003f, 0x00ef00ef, 0x006e006e, 0xffb1ffb1, 0xff51ff51, 
	0xffe8ffe8, 0x00860086, 0x00e400e4, 0x004c004c, 0xffbaffba, 0xffe4ffe4, 0xffe2ffe2, 0xff9dff9d, 
	0xff46ff46, 0x00100010, 0x00400040, 0xfffbfffb, 0xffbcffbc, 0xff26ff26, 0xffb7ffb7, 0x00000000, 
	0xff93ff93, 0x00410041, 0x00c700c7, 0xffeeffee, 0xfe82fe82, 0xff22ff22, 0x00b600b6, 0x00340034, 
	0x00b500b5, 0x00cb00cb, 0xfe30fe30, 0xfeb7feb7, 0x012d012d, 0x00800080, 0xfff6fff6, 0x00330033, 
	0x01b301b3, 0x006e006e, 0xfd87fd87, 0x000f000f, 0x01dd01dd, 0x01120112, 0xfe2afe2a, 0xff56ff56, 
	0x01f101f1, 0x000f000f, 0xfe56fe56, 0xff02ff02, 0x04b304b3, 0x02760276, 0xfbf6fbf6, 0xfd19fd19, 
	0x02a002a0, 0x026d026d, 0xfc6bfc6b, 0xffe0ffe0, 0x027f027f, 0x00570057, 0xfde5fde5, 0xfdaffdaf, 
	0x025a025a, 0x01e401e4, 0xff6cff6c, 0xfeeefeee, 0xff75ff75, 0xff76ff76, 0xff34ff34, 0x01360136, 
	0x02b002b0, 0x00ff00ff, 0xfee9fee9, 0xff11ff11, 0xff42ff42, 0x01600160, 0x018a018a, 0x012c012c, 
	0x00bf00bf, 0xfd27fd27, 0x00e500e5, 0x02c902c9, 0xfffefffe, 0x00b500b5, 0xff60ff60, 0x00a700a7, 
	0x012e012e, 0xfd33fd33, 0xff45ff45, 0x030f030f, 0xff0cff0c, 0xfe1ffe1f, 0x00980098, 0xff90ff90, 
	0x014a014a, 0x00f500f5, 0xffbdffbd, 0xffe5ffe5, 0xfd91fd91, 0xfe7afe7a, 0x02570257, 0x00a600a6, 
	0xfea4fea4, 0x00f000f0, 0xff31ff31, 0xfe87fe87, 0xffe6ffe6, 0x01dd01dd, 0x02600260, 0xff2dff2d, 
	0xfec6fec6, 0xff5bff5b, 0x00c100c1, 0x00970097, 0xffbeffbe, 0x00180018, 0x00060006, 0xff6dff6d, 
	0xffa4ffa4, 0x00260026, 0x00230023, 0x01480148, 0xfee1fee1, 0x00490049, 0x00a000a0, 0xfdbbfdbb, 
	0x01460146, 0x01a201a2, 0xff0eff0e, 0xfea5fea5, 0x00220022, 0x00930093, 0xfff9fff9, 0x001a001a, 
	0x008d008d, 0xff51ff51, 0xfec9fec9, 0xfff6fff6, 0x001d001d, 0x01930193, 0xff27ff27, 0xff92ff92, 
	0x00ad00ad, 0xff9dff9d, 0xff99ff99, 0xfe3bfe3b, 0x01dd01dd, 0x01170117, 0xfef1fef1, 0xfeb1feb1, 
	0xff90ff90, 0x02110211, 0x00450045, 0x00b000b0, 0x00930093, 0xfed9fed9, 0xfd75fd75, 0xfffafffa, 
	0x04610461, 0x00e300e3, 0xfc6efc6e, 0x003d003d, 0x022a022a, 0xfe3afe3a, 0x00950095, 0x02fe02fe, 
	0x004a004a, 0xfe7cfe7c, 0xfd29fd29, 0xff65ff65, 0x05500550, 0x01300130, 0xfc07fc07, 0xffbfffbf, 
	0xfff8fff8, 0xff52ff52, 0xfdadfdad, 0x02270227, 0x04de04de, 0xfdc5fdc5, 0xfafcfafc, 0xfe81fe81, 
	0x05030503, 0x00600060, 0xfe38fe38, 0x009e009e, 0xfea6fea6, 0x00450045, 0xfd44fd44, 0x00b800b8, 
	0x035b035b, 0xfe87fe87, 0xfe5bfe5b, 0xfe4dfe4d, 0x014d014d, 0x02380238, 0xff5dff5d, 0xfe7ffe7f, 
	0xfe64fe64, 0x01480148, 0x022c022c, 0xffa4ffa4, 0xffbdffbd, 0x00df00df, 0xffe3ffe3, 0xfee9fee9, 
	0xff5eff5e, 0x000f000f, 0x03d003d0, 0x02040204, 0xfc13fc13, 0xfd79fd79, 0xffd1ffd1, 0x025d025d, 
	0x02540254, 0x019a019a, 0xff43ff43, 0xfcebfceb, 0xfe3efe3e, 0xfe2ffe2f, 0x046c046c, 0x03310331, 
	0xfe66fe66, 0xfeaefeae, 0xfb98fb98, 0xff1eff1e, 0x03b403b4, 0x01a201a2, 0xfe3efe3e, 0x02070207, 
	0x01f501f5, 0xfdb0fdb0, 0xfd9ffd9f, 0xfecafeca, 0x04ff04ff, 0x03a703a7, 0xfee8fee8, 0xfda3fda3, 
	0xfe4afe4a, 0xff8eff8e, 0x00af00af, 0x04320432, 0xff13ff13, 0xfd89fd89, 0xfef5fef5, 0xfdd1fdd1, 
	0x03030303, 0x02880288, 0x00450045, 0xff61ff61, 0xfb3cfb3c, 0xfccbfccb, 0x04aa04aa, 0x05640564, 
	0xfe66fe66, 0xfddafdda, 0xfe07fe07, 0xff20ff20, 0x02220222, 0xfecbfecb, 0x020d020d, 0x034c034c, 
	0xfe40fe40, 0xfce9fce9, 0xfb8dfb8d, 0x03050305, 0x07ea07ea, 0x00010001, 0xfac2fac2, 0xfec7fec7, 
	0xffd6ffd6, 0xfd8efd8e, 0x040d040d, 0x07380738, 0xff3eff3e, 0xf68bf68b, 0xfce2fce2, 0x05b505b5, 
	0x02bc02bc, 0x00820082, 0xfdc4fdc4, 0xfe82fe82, 0x00a600a6, 0xfe68fe68, 0xff55ff55, 0x03b303b3, 
	0x02550255, 0xfc12fc12, 0xfd34fd34, 0x018c018c, 0x00de00de, 0xfd08fd08, 0x004c004c, 0x05b705b7, 
	0x02640264, 0xf9e4f9e4, 0xf6b7f6b7, 0x02620262, 0x08820882, 0x01830183, 0xfcbefcbe, 0xfde2fde2, 
	0x01340134, 0xfd34fd34, 0xfd61fd61, 0x056a056a, 0x03150315, 0xfd30fd30, 0xfcecfcec, 0xfee1fee1, 
	0x02270227, 0x00960096, 0xfe20fe20, 0x02c002c0, 0x03440344, 0xfc21fc21, 0xfd71fd71, 0x00470047, 
	0xfed0fed0, 0x053b053b, 0x033d033d, 0xfce1fce1, 0xfdd4fdd4, 0xfc70fc70, 0x00750075, 0x02190219, 
	0x01270127, 0x03040304, 0xfecffecf, 0xfe5afe5a, 0xfffafffa, 0xfe6ffe6f, 0xff4cff4c, 0x00750075, 
	0x01150115, 0x02320232, 0x02760276, 0xfb89fb89, 0xfb15fb15, 0x04ce04ce, 0x01a301a3, 0xfe3afe3a, 
	0x00160016, 0x00000000, 0x015c015c, 0xffd1ffd1, 0x01850185, 0x00080008, 0xfec6fec6, 0xfeccfecc, 
	0xfd20fd20, 0x051d051d, 0x033e033e, 0xfb78fb78, 0xfe6ffe6f, 0x00bd00bd, 0xfee2fee2, 0x00c700c7, 
	0x03c403c4, 0xfc45fc45, 0xfcd7fcd7, 0x03d103d1, 0x008a008a, 0xfd10fd10, 0xfc54fc54, 0x042a042a, 
	0x05120512, 0xfd33fd33, 0xfe58fe58, 0xfdf0fdf0, 0x00440044, 0xffeeffee, 0xff0bff0b, 0x06470647, 
	0x02650265, 0xfcaafcaa, 0xfbcdfbcd, 0x007f007f, 0x06210621, 0xfe4afe4a, 0xfe4afe4a, 0x02220222, 
	0xfe60fe60, 0x00bb00bb, 0x01d901d9, 0x006d006d, 0xffd9ffd9, 0xff90ff90, 0x00470047, 0x001b001b, 
	0x00940094, 0xfe7afe7a, 0xffaeffae, 0x04300430, 0xff66ff66, 0xfbd9fbd9, 0x008c008c, 0x02a702a7, 
	0x027a027a, 0xfbfcfbfc, 0xf830f830, 0x06640664, 0x07bf07bf, 0xf78cf78c, 0xfa7efa7e, 0x082d082d, 
	0x04210421, 0xf731f731, 0xfc43fc43, 0x091a091a, 0x05040504, 0xf9c2f9c2, 0xfa26fa26, 0x04dd04dd, 
	0x07e407e4, 0xfc00fc00, 0xf77cf77c, 0x04660466, 0x08a608a6, 0xfd82fd82, 0xf692f692, 0x018c018c, 
	0x0b2c0b2c, 0xfbf0fbf0, 0xf85df85d, 0x044c044c, 0x01d401d4, 0xff18ff18, 0xfca5fca5, 0xfe8dfe8d, 
	0x039a039a, 0xfe44fe44, 0xfe96fe96, 0x01b401b4, 0x01260126, 0xff42ff42, 0xfb28fb28, 0xff74ff74, 
	0x03bc03bc, 0x02c502c5, 0xff98ff98, 0xfc04fc04, 0xff94ff94, 0x010b010b, 0xff35ff35, 0xff1aff1a, 
	0x035f035f, 0x04690469, 0xfb37fb37, 0xfb49fb49, 0x01580158, 0x01fd01fd, 0x01b301b3, 0x024c024c, 
	0xff28ff28, 0xfbf0fbf0, 0xfeb9feb9, 0xfdcffdcf, 0x03910391, 0x05590559, 0xfd64fd64, 0xfe51fe51, 
	0xfaa9faa9, 0xfd86fd86, 0x05f505f5, 0x01b701b7, 0xfe48fe48, 0x01770177, 0x03dd03dd, 0xfdf8fdf8, 
	0xf7fdf7fd, 0xfe65fe65, 0x09620962, 0x05af05af, 0xfdabfdab, 0xfc95fc95, 0xfb26fb26, 0x00670067, 
	0x03a003a0, 0x02580258, 0xfffefffe, 0xfd08fd08, 0xfdf3fdf3, 0xfcf9fcf9, 0x03cc03cc, 0x06c506c5, 
	0xfcc4fcc4, 0xfb5afb5a, 0xfd3bfd3b, 0xff81ff81, 0x067f067f, 0x01f401f4, 0xfcf7fcf7, 0x015c015c, 
	0xfcc1fcc1, 0xfdb9fdb9, 0x02f302f3, 0x00ca00ca, 0x03f103f1, 0x017a017a, 0xfdf2fdf2, 0xfbe1fbe1, 
	0xf9c4f9c4, 0x06130613, 0x09fc09fc, 0xfe0dfe0d, 0xfb94fb94, 0xfdb6fdb6, 0xfcbbfcbb, 0x01a601a6, 
	0x070e070e, 0x03fd03fd, 0xfae9fae9, 0xfb07fb07, 0x01d501d5, 0xff66ff66, 0x010e010e, 0x04140414, 
	0x01360136, 0xfdecfdec, 0xfa86fa86, 0x01240124, 0x04700470, 0xfe85fe85, 0xff2cff2c, 0x02940294, 
	0x00b200b2, 0xfd5cfd5c, 0xfd98fd98, 0xff50ff50, 0x051c051c, 0x054b054b, 0xfcb3fcb3, 0xfc1cfc1c, 
	0xfe80fe80, 0xff06ff06, 0x02a302a3, 0x04460446, 0x01610161, 0xfd5efd5e, 0xfc08fc08, 0xfe5ffe5f, 
	0x00c500c5, 0x02ee02ee, 0x04c604c6, 0xff31ff31, 0xf8f4f8f4, 0xfe41fe41, 0x03d703d7, 0x01bb01bb, 
	0x00cc00cc, 0x00be00be, 0xfe36fe36, 0xfd7efd7e, 0x00490049, 0xff7eff7e, 0xfe92fe92, 0x029b029b, 
	0x01170117, 0x00b700b7, 0xfed9fed9, 0xf9f2f9f2, 0x00d200d2, 0x02ee02ee, 0x006a006a, 0x02540254, 
	0xff9bff9b, 0xfd9efd9e, 0xfd52fd52, 0xfd5ffd5f, 0x046b046b, 0x06cc06cc, 0xfc26fc26, 0xfbc5fbc5, 
	0x00f500f5, 0x00a400a4, 0x019c019c, 0xfe1bfe1b, 0x01e401e4, 0x04410441, 0xfb54fb54, 0xfcb2fcb2, 
	0x03180318, 0xff7fff7f, 0xff99ff99, 0x058b058b, 0x006b006b, 0xfbe0fbe0, 0xfdfdfdfd, 0x03930393, 
	0x04070407, 0xfbbffbbf, 0xffb1ffb1, 0x04850485, 0x01970197, 0xfbccfbcc, 0xfbcdfbcd, 0x064e064e, 
	0x03730373, 0xf9edf9ed, 0xfd77fd77, 0x08160816, 0x05360536, 0xf624f624, 0xf8f3f8f3, 0x0a9a0a9a, 
	0x05e105e1, 0xf54ef54e, 0xfd63fd63, 0x06a406a4, 0x03760376, 0xfb5afb5a, 0xfa1cfa1c, 0x07b907b9, 
	0x03930393, 0xfa5cfa5c, 0xfe5afe5a, 0x01f801f8, 0x01fe01fe, 0xfcabfcab, 0x00910091, 0x06870687, 
	0x007b007b, 0xfc84fc84, 0xff02ff02, 0x00990099, 0x027b027b, 0x00d600d6, 0xfff5fff5, 0x01fa01fa, 
	0xfd95fd95, 0x01a801a8, 0x028e028e, 0xfd55fd55, 0x01510151, 0xff3bff3b, 0x024f024f, 0x03570357, 
	0xfaa3faa3, 0xfea0fea0, 0x02400240, 0xfe71fe71, 0xffeaffea, 0x01ea01ea, 0x005a005a, 0xff3aff3a, 
	0xfe77fe77, 0x01f001f0, 0x00930093, 0xf9c3f9c3, 0xffe3ffe3, 0x06520652, 0x01880188, 0xfc97fc97, 
	0xfdd9fdd9, 0x00230023, 0xff36ff36, 0x00d000d0, 0x04640464, 0x02be02be, 0xfb9afb9a, 0xfae4fae4, 
	0x01500150, 0x049a049a, 0x02760276, 0xfdbafdba, 0xfdd2fdd2, 0xfff1fff1, 0x00000000, 0x00730073, 
	0xfff7fff7, 0x02000200, 0x016e016e, 0xfb91fb91, 0xff01ff01, 0x02340234, 0xfefefefe, 0x01b501b5, 
	0x014c014c, 0xff7aff7a, 0xfdd9fdd9, 0xfbfdfbfd, 0x038a038a, 0x039d039d, 0xfd0cfd0c, 0x01480148, 
	0x02660266, 0xfc45fc45, 0xfca8fca8, 0x01ca01ca, 0x05fb05fb, 0x00880088, 0xf926f926, 0x00360036, 
	0x03d803d8, 0xfefdfefd, 0xfd83fd83, 0x01ca01ca, 0x04530453, 0xfc89fc89, 0xfa13fa13, 0x02200220, 
	0x06e006e0, 0xfed0fed0, 0xfb0cfb0c, 0x02f202f2, 0x008c008c, 0xfc61fc61, 0x01000100, 0x05610561, 
	0xffe0ffe0, 0xfa4afa4a, 0x01310131, 0x04470447, 0xff24ff24, 0xfeb0feb0, 0x02410241, 0x00940094, 
	0xff3aff3a, 0xfd3cfd3c, 0xff1eff1e, 0x06db06db, 0x01310131, 0xfb3bfb3b, 0xfd3efd3e, 0x02b302b3, 
	0x01890189, 0xf9cff9cf, 0x031a031a, 0x08b408b4, 0xfd4ffd4f, 0xf68cf68c, 0xfee5fee5, 0x06e106e1, 
	0x01190119, 0xfc32fc32, 0xfeecfeec, 0x03c403c4, 0x00180018, 0xfadefade, 0xff7fff7f, 0x04790479, 
	0xffb7ffb7, 0xfbcdfbcd, 0x036b036b, 0x04390439, 0xfddefdde, 0xf934f934, 0xfeb7feb7, 0x06e006e0, 
	0xff22ff22, 0xfd79fd79, 0x00be00be, 0xfff8fff8, 0xff6eff6e, 0xfc91fc91, 0x010b010b, 0x04790479, 
	0xfed5fed5, 0xfc14fc14, 0x017b017b, 0x03e603e6, 0x005d005d, 0xfc74fc74, 0xff8aff8a, 0x07fc07fc, 
	0x02da02da, 0xfa6dfa6d, 0xfd3bfd3b, 0x04210421, 0x04eb04eb, 0xfedcfedc, 0xff28ff28, 0x03eb03eb, 
	0x01900190, 0xfa20fa20, 0xfec1fec1, 0x08a308a3, 0x061b061b, 0xfcdafcda, 0xf750f750, 0x01410141, 
	0x08280828, 0xff2cff2c, 0xfe59fe59, 0x03560356, 0x010c010c, 0xfbc6fbc6, 0xfb31fb31, 0x03fa03fa, 
	0x07230723, 0xfe4efe4e, 0xfb4afb4a, 0xfe5afe5a, 0x02660266, 0x020d020d, 0xfbe5fbe5, 0x00a600a6, 
	0x05920592, 0xfe2ffe2f, 0xfa69fa69, 0xffefffef, 0x054d054d, 0x01420142, 0xfd90fd90, 0x02540254, 
	0x00b300b3, 0xfb7cfb7c, 0xfdf8fdf8, 0x02a902a9, 0x07180718, 0x026a026a, 0xf980f980, 0xfb72fb72, 
	0x01d101d1, 0x03f003f0, 0x00000000, 0x022e022e, 0x046a046a, 0xfb94fb94, 0xf89cf89c, 0x003d003d, 
	0x07f207f2, 0x02dd02dd, 0xfb7efb7e, 0xff8aff8a, 0x01080108, 0xfe33fe33, 0xffe9ffe9, 0x02f002f0, 
	0x044d044d, 0x00400040, 0xfa3dfa3d, 0x00960096, 0x025c025c, 0xff79ff79, 0x04810481, 0x00ed00ed, 
	0xff5aff5a, 0xfda4fda4, 0xfca6fca6, 0x04110411, 0x02520252, 0x00720072, 0xffedffed, 0xfd1ffd1f, 
	0xfec3fec3, 0xff43ff43, 0x002c002c, 0x05580558, 0x02590259, 0xfa96fa96, 0xfd75fd75, 0x00f900f9, 
	0x02850285, 0xff18ff18, 0xfeb4feb4, 0x05080508, 0xfe3bfe3b, 0xf9c5f9c5, 0xfef7fef7, 0x05060506, 
	0x04800480, 0xfcf0fcf0, 0xfd29fd29, 0x01af01af, 0x00c800c8, 0xfbcdfbcd, 0x017b017b, 0x06ec06ec, 
	0xff89ff89, 0xf923f923, 0xfb82fb82, 0x045d045d, 0x03040304, 0xff3dff3d, 0x030b030b, 0x02250225, 
	0xf9d5f9d5, 0xf914f914, 0x05820582, 0x08df08df, 0x02280228, 0xfc32fc32, 0xfda7fda7, 0x02150215, 
	0xff45ff45, 0xfe9dfe9d, 0x042e042e, 0x08ed08ed, 0x02f502f5, 0xfe04fe04, 0x014f014f, 0x055e055e, 
	0x07080708, 0x02c602c6, 0x07950795, 0x0a6e0a6e, 0x01690169, 0x004d004d, 0x04870487, 0x09540954, 
	0x0a750a75, 0x03240324, 0xffe7ffe7, 0x04170417, 0x03c003c0, 0x02120212, 0x034d034d, 0x04310431, 
	0x03450345, 0xfce7fce7, 0xfcf6fcf6, 0x022f022f, 0x00c900c9, 0xfe92fe92, 0xfd68fd68, 0xfe94fe94, 
	0xff19ff19, 0xfbe1fbe1, 0xfa91fa91, 0xfd51fd51, 0x00d200d2, 0xff69ff69, 0xfb9dfb9d, 0xfafefafe, 
	0xfba2fba2, 0xfd4dfd4d, 0xff56ff56, 0xffcfffcf, 0xffc8ffc8, 0xfd47fd47, 0xfb81fb81, 0xfd03fd03, 
	0x01000100, 0x03300330, 0xfecafeca, 0xff60ff60, 0x01770177, 0xfdb2fdb2, 0xfebafeba, 0x025f025f, 
	0x03420342, 0x01da01da, 0xff1fff1f, 0x007f007f, 0x01aa01aa, 0xff42ff42, 0x03540354, 0x04420442, 
	0x00e100e1, 0x00500050, 0xfd04fd04, 0x01fc01fc, 0x038b038b, 0xffbeffbe, 0x02ef02ef, 0x01620162, 
	0xff31ff31, 0xfdb7fdb7, 0xfe96fe96, 0x03070307, 0x02ac02ac, 0x007b007b, 0xff3eff3e, 0xfd19fd19, 
	0xfe7afe7a, 0x01900190, 0x01590159, 0x08150815, 0x075a075a, 0xfe59fe59, 0x01ab01ab, 0x073f073f, 
	0x0b880b88, 0x08f708f7, 0x07530753, 0x0ba40ba4, 0x06f506f5, 0x054e054e, 0x0a8f0a8f, 0x0c720c72, 
	0x0ab70ab7, 0x08ef08ef, 0x059e059e, 0x05d805d8, 0x078b078b, 0x03950395, 0x049b049b, 0x05800580, 
	0x033e033e, 0xfebffebf, 0xfbb2fbb2, 0xff5fff5f, 0xff7bff7b, 0xfeb0feb0, 0xfd8dfd8d, 0xfaadfaad, 
	0xf69ff69f, 0xf76af76a, 0xfd75fd75, 0xfd9afd9a, 0xfa5afa5a, 0xf67ef67e, 0xf828f828, 0xfaeffaef, 
	0xfadbfadb, 0xfb01fb01, 0xfbd3fbd3, 0xfd46fd46, 0xfa20fa20, 0xfcd2fcd2, 0x01660166, 0x002e002e, 
	0xfe16fe16, 0xfdeefdee, 0x03540354, 0x04980498, 0x01cc01cc, 0x016b016b, 0x03260326, 0x04840484, 
	0x04fc04fc, 0x05330533, 0x03a403a4, 0x03ff03ff, 0x03700370, 0x03060306, 0x05260526, 0x06620662, 
	0x04810481, 0xff94ff94, 0xff95ff95, 0x03630363, 0x03de03de, 0x01750175, 0x01780178, 0x013d013d, 
	0xfd8dfd8d, 0xfd37fd37, 0xfea4fea4, 0x01690169, 0x02e002e0, 0xfee4fee4, 0xfc45fc45, 0xfcc8fcc8, 
	0xff42ff42, 0x02970297, 0x057b057b, 0x09000900, 0x09b309b3, 0x04920492, 0x04890489, 0x0c940c94, 
	0x124c124c, 0x138a138a, 0x0f410f41, 0x0d720d72, 0x11251125, 0x10ca10ca, 0x10ce10ce, 0x13ac13ac, 
	0x134e134e, 0x0eb90eb9, 0x08eb08eb, 0x08600860, 0x0acd0acd, 0x096f096f, 0x076f076f, 0x038e038e, 
	0xff07ff07, 0xfd33fd33, 0xfb43fb43, 0xf9e3f9e3, 0xf909f909, 0xf94cf94c, 0xf6fdf6fd, 0xf297f297, 
	0xf102f102, 0xf1a9f1a9, 0xf39bf39b, 0xf500f500, 0xf4a2f4a2, 0xf180f180, 0xf1a5f1a5, 0xf494f494, 
	0xf620f620, 0xf806f806, 0xfa15fa15, 0xfce5fce5, 0xfa85fa85, 0xf900f900, 0xff49ff49, 0x045c045c, 
	0x042d042d, 0x01fd01fd, 0x03780378, 0x05cc05cc, 0x051b051b, 0x04e504e5, 0x086c086c, 0x0a810a81, 
	0x07c107c1, 0x05720572, 0x03f603f6, 0x05f405f4, 0x078a078a, 0x06150615, 0x05930593, 0x02b002b0, 
	0x009e009e, 0x00230023, 0x00f700f7, 0x02650265, 0x01bf01bf, 0xffb9ffb9, 0xfcfafcfa, 0xfcf2fcf2, 
	0xfdd1fdd1, 0xffdaffda, 0xffddffdd, 0xfe38fe38, 0xfe4cfe4c, 0xfcd6fcd6, 0xfea7fea7, 0x00ad00ad, 
	0x00580058, 0x00290029, 0x021b021b, 0x058a058a, 0x08be08be, 0x0d210d21, 0x0bf50bf5, 0x0ad80ad8, 
	0x0e920e92, 0x12e512e5, 0x15971597, 0x14a214a2, 0x153c153c, 0x14781478, 0x12561256, 0x14381438, 
	0x162a162a, 0x150d150d, 0x117e117e, 0x0cd60cd6, 0x09ff09ff, 0x09630963, 0x083a083a, 0x061b061b, 
	0x02b402b4, 0xff0dff0d, 0xf9cbf9cb, 0xf5b8f5b8, 0xf72df72d, 0xf6a6f6a6, 0xf4a4f4a4, 0xf25ef25e, 
	0xed08ed08, 0xec10ec10, 0xee54ee54, 0xef85ef85, 0xf16df16d, 0xf158f158, 0xef10ef10, 0xee12ee12, 
	0xf059f059, 0xf62af62a, 0xfa29fa29, 0xfa65fa65, 0xfb4bfb4b, 0xfa7cfa7c, 0xfb2bfb2b, 0x02180218, 
	0x06dc06dc, 0x06660666, 0x05830583, 0x06800680, 0x07910791, 0x08760876, 0x0a580a58, 0x0baa0baa, 
	0x0b4f0b4f, 0x08f608f6, 0x071e071e, 0x07f807f8, 0x09600960, 0x08790879, 0x05dd05dd, 0x04800480, 
	0x047a047a, 0x02cd02cd, 0x01db01db, 0x02590259, 0x01700170, 0x01020102, 0xfee4fee4, 0xfd5bfd5b, 
	0xfedffedf, 0xffcfffcf, 0xffbcffbc, 0xfdd8fdd8, 0xfd5ffd5f, 0xff37ff37, 0xff3cff3c, 0xff10ff10, 
	0x006c006c, 0x01ac01ac, 0x03150315, 0x02ab02ab, 0x02490249, 0x07a307a3, 0x0f500f50, 0x11df11df, 
	0x0eea0eea, 0x0e260e26, 0x12991299, 0x19151915, 0x1b921b92, 0x195f195f, 0x18251825, 0x17c917c9, 
	0x17921792, 0x16df16df, 0x16b716b7, 0x169b169b, 0x14131413, 0x0f070f07, 0x09520952, 0x061f061f, 
	0x054b054b, 0x05c305c3, 0x01c101c1, 0xf976f976, 0xf3f0f3f0, 0xf261f261, 0xf3a4f3a4, 0xf245f245, 
	0xee89ee89, 0xec3fec3f, 0xe9f3e9f3, 0xe845e845, 0xe8c5e8c5, 0xebc4ebc4, 0xed9fed9f, 0xecececec, 
	0xec9aec9a, 0xed7ded7d, 0xf04ff04f, 0xf4cbf4cb, 0xfa0ffa0f, 0xfcfcfcfc, 0xfc7ffc7f, 0xfcadfcad, 
	0x00420042, 0x057b057b, 0x09120912, 0x0ad60ad6, 0x0a5d0a5d, 0x09bd09bd, 0x0a080a08, 0x0bba0bba, 
	0x0e740e74, 0x0e580e58, 0x0ca60ca6, 0x0a440a44, 0x08bf08bf, 0x07d407d4, 0x071b071b, 0x07a007a0, 
	0x068c068c, 0x04260426, 0x00c000c0, 0xff83ff83, 0x01040104, 0x00670067, 0xfe7dfe7d, 0xfe11fe11, 
	0xff15ff15, 0xfef9fef9, 0xfce3fce3, 0xfb6bfb6b, 0xfd59fd59, 0x00690069, 0x002e002e, 0xff27ff27, 
	0xffa4ffa4, 0xfffefffe, 0x00da00da, 0x02330233, 0x04430443, 0x04fa04fa, 0x03850385, 0x04110411, 
	0x06530653, 0x08e208e2, 0x0c320c32, 0x10cf10cf, 0x13781378, 0x12211221, 0x10ce10ce, 0x13521352, 
	0x194b194b, 0x1c491c49, 0x1ad51ad5, 0x18921892, 0x17361736, 0x16831683, 0x155e155e, 0x15c515c5, 
	0x17241724, 0x14661466, 0x0d050d05, 0x064f064f, 0x044f044f, 0x058b058b, 0x04780478, 0xffc8ffc8, 
	0xfa06fa06, 0xf41ef41e, 0xefc3efc3, 0xef40ef40, 0xf0cff0cf, 0xf070f070, 0xed25ed25, 0xe963e963, 
	0xe875e875, 0xe932e932, 0xea5dea5d, 0xed2aed2a, 0xf0a8f0a8, 0xf234f234, 0xf1bff1bf, 0xf1d7f1d7, 
	0xf533f533, 0xfbf8fbf8, 0x00430043, 0x016c016c, 0x022a022a, 0x03050305, 0x05710571, 0x08dc08dc, 
	0x0bb40bb4, 0x0bf10bf1, 0x0ac40ac4, 0x0a600a60, 0x0b780b78, 0x0c280c28, 0x0b190b19, 0x09e409e4, 
	0x08eb08eb, 0x07df07df, 0x05680568, 0x032d032d, 0x02e002e0, 0x02ab02ab, 0x011e011e, 0xff06ff06, 
	0xfe38fe38, 0xfe3bfe3b, 0xfd46fd46, 0xfbf4fbf4, 0xfc1afc1a, 0xfd5bfd5b, 0xfe89fe89, 0xfdebfdeb, 
	0xfcb2fcb2, 0xfd6dfd6d, 0xff7fff7f, 0x01cc01cc, 0x03080308, 0x030c030c, 0x02960296, 0x02620262, 
	0x03c903c9, 0x05dd05dd, 0x06e706e7, 0x06f506f5, 0x05860586, 0x04270427, 0x04940494, 0x06070607, 
	0x07d907d9, 0x0b270b27, 0x0fdd0fdd, 0x118b118b, 0x0edd0edd, 0x0cfb0cfb, 0x11521152, 0x18a118a1, 
	0x1c511c51, 0x19ab19ab, 0x142e142e, 0x13c513c5, 0x16a216a2, 0x17401740, 0x163d163d, 0x16151615, 
	0x14071407, 0x0d5c0d5c, 0x07610761, 0x06010601, 0x07420742, 0x06670667, 0x00fe00fe, 0xf923f923, 
	0xf3b2f3b2, 0xf278f278, 0xf2bdf2bd, 0xf26af26a, 0xf076f076, 0xec2cec2c, 0xe7bce7bc, 0xe786e786, 
	0xead7ead7, 0xed1ced1c, 0xedfcedfc, 0xefe0efe0, 0xf112f112, 0xf0c1f0c1, 0xf216f216, 0xf75ef75e, 
	0xfe29fe29, 0x015e015e, 0x00b500b5, 0xffd9ffd9, 0x02cd02cd, 0x075d075d, 0x096f096f, 0x0a230a23, 
	0x0bb30bb3, 0x0c870c87, 0x09f709f7, 0x07c207c2, 0x08ea08ea, 0x0b480b48, 0x0ae40ae4, 0x07240724, 
	0x036c036c, 0x01d901d9, 0x02040204, 0x017b017b, 0x00650065, 0xfff2fff2, 0xff34ff34, 0xfd83fd83, 
	0xfbcffbcf, 0xfbc8fbc8, 0xfdcbfdcb, 0xffd0ffd0, 0x001b001b, 0xff45ff45, 0xff75ff75, 0x01780178, 
	0x03c203c2, 0x052f052f, 0x05a105a1, 0x05f905f9, 0x06120612, 0x06260626, 0x066e066e, 0x07500750, 
	0x083c083c, 0x06f406f4, 0x04f104f1, 0x036a036a, 0x02710271, 0x01f601f6, 0x02150215, 0x01e701e7, 
	0x000e000e, 0xfec1fec1, 0x01520152, 0x07de07de, 0x0c5f0c5f, 0x0b120b12, 0x07ef07ef, 0x09f609f6, 
	0x11711171, 0x16d916d9, 0x170a170a, 0x156d156d, 0x15901590, 0x16951695, 0x16261626, 0x15e615e6, 
	0x178b178b, 0x17a717a7, 0x13431343, 0x0c1b0c1b, 0x077b077b, 0x076e076e, 0x07f307f3, 0x05140514, 
	0xfe2ffe2f, 0xf733f733, 0xf309f309, 0xf1cbf1cb, 0xf1e3f1e3, 0xf10bf10b, 0xee08ee08, 0xea4bea4b, 
	0xe908e908, 0xeaa9eaa9, 0xee51ee51, 0xf0cbf0cb, 0xf180f180, 0xf24ff24f, 0xf361f361, 0xf673f673, 
	0xfb49fb49, 0x00030003, 0x02fc02fc, 0x02d002d0, 0x020b020b, 0x04670467, 0x08c708c7, 0x0bc00bc0, 
	0x0b670b67, 0x096f096f, 0x08ea08ea, 0x095e095e, 0x08f008f0, 0x07900790, 0x06130613, 0x052a052a, 
	0x04370437, 0x01b201b2, 0xfef5fef5, 0xfe18fe18, 0xff5bff5b, 0xffcdffcd, 0xfce3fce3, 0xf94df94d, 
	0xf8fef8fe, 0xfcf7fcf7, 0x005b005b, 0xffc8ffc8, 0xfdfafdfa, 0xfe44fe44, 0xffc5ffc5, 0x015f015f, 
	0x04200420, 0x07140714, 0x08730873, 0x06640664, 0x03c103c1, 0x043f043f, 0x075e075e, 0x09cc09cc, 
	0x08d908d9, 0x06620662, 0x034d034d, 0x00e000e0, 0x014f014f, 0x03910391, 0x03e603e6, 0x00810081, 
	0xfc50fc50, 0xfb2afb2a, 0xfd02fd02, 0xffa5ffa5, 0x03a203a2, 0x08500850, 0x09f409f4, 0x07880788, 
	0x05d905d9, 0x0a840a84, 0x149c149c, 0x1b591b59, 0x19381938, 0x138b138b, 0x11fb11fb, 0x165e165e, 
	0x1b931b93, 0x1cb31cb3, 0x1a141a14, 0x15791579, 0x10221022, 0x0c4a0c4a, 0x0a6e0a6e, 0x09880988, 
	0x084f084f, 0x03bf03bf, 0xfb8bfb8b, 0xf429f429, 0xf12ef12e, 0xf164f164, 0xf1fff1ff, 0xf023f023, 
	0xeb85eb85, 0xe6f4e6f4, 0xe6c4e6c4, 0xeb66eb66, 0xef0def0d, 0xf02df02d, 0xf0b8f0b8, 0xf2b0f2b0, 
	0xf5e7f5e7, 0xf8ccf8cc, 0xfbeffbef, 0xffefffef, 0x04b204b2, 0x07610761, 0x064c064c, 0x05930593, 
	0x09130913, 0x0cfc0cfc, 0x0de30de3, 0x0caa0caa, 0x0a070a07, 0x07b707b7, 0x07420742, 0x07fc07fc, 
	0x07110711, 0x04a004a0, 0x02320232, 0xff7aff7a, 0xfd7ffd7f, 0xfd17fd17, 0xfc6afc6a, 0xfb74fb74, 
	0xfbfffbff, 0xfc9bfc9b, 0xfc65fc65, 0xfbaefbae, 0xfbecfbec, 0xfe8ffe8f, 0x01be01be, 0x03e903e9, 
	0x041e041e, 0x03c903c9, 0x062a062a, 0x08750875, 0x086b086b, 0x09430943, 0x0afb0afb, 0x0b8f0b8f, 
	0x0a300a30, 0x08220822, 0x07610761, 0x071b071b, 0x05a905a9, 0x03a203a2, 0x02700270, 0x00f000f0, 
	0xfd81fd81, 0xf9e6f9e6, 0xf9b7f9b7, 0xfab0fab0, 0xf90ef90e, 0xf6aef6ae, 0xf643f643, 0xf700f700, 
	0xf673f673, 0xf746f746, 0xfe0afe0a, 0x08950895, 0x0e350e35, 0x0a710a71, 0x051b051b, 0x0a2d0a2d, 
	0x18291829, 0x21ef21ef, 0x21e621e6, 0x1c5c1c5c, 0x18cc18cc, 0x1a101a10, 0x1dc51dc5, 0x20da20da, 
	0x20e020e0, 0x1cd21cd2, 0x13861386, 0x091b091b, 0x05630563, 0x08160816, 0x092a092a, 0x03a903a9, 
	0xf8ebf8eb, 0xedceedce, 0xe857e857, 0xead5ead5, 0xf107f107, 0xf311f311, 0xeda1eda1, 0xe5a3e5a3, 
	0xe2a7e2a7, 0xe7b4e7b4, 0xf112f112, 0xf7bdf7bd, 0xf914f914, 0xf715f715, 0xf435f435, 0xf53df53d, 
	0xfd79fd79, 0x084f084f, 0x0d310d31, 0x09c409c4, 0x03af03af, 0x01b601b6, 0x05e305e3, 0x0d110d11, 
	0x114d114d, 0x0e350e35, 0x05fb05fb, 0xffb3ffb3, 0xff9aff9a, 0x03400340, 0x05bc05bc, 0x03b303b3, 
	0xfe9efe9e, 0xf9d5f9d5, 0xf71bf71b, 0xf7b7f7b7, 0xfb4ffb4f, 0xff72ff72, 0xff96ff96, 0xfba3fba3, 
	0xf83bf83b, 0xf8d4f8d4, 0xfda8fda8, 0x03600360, 0x061f061f, 0x04630463, 0x01640164, 0x01240124, 
	0x04730473, 0x08b808b8, 0x0b3d0b3d, 0x0aae0aae, 0x06fe06fe, 0x038e038e, 0x038a038a, 0x06830683, 
	0x08ad08ad, 0x070b070b, 0x025c025c, 0xfdbcfdbc, 0xfc46fc46, 0xfe1dfe1d, 0x00590059, 0xffe1ffe1, 
	0xfbd9fbd9, 0xf733f733, 0xf6c5f6c5, 0xfa03fa03, 0xfc1ffc1f, 0xfc5bfc5b, 0xfcc0fcc0, 0xfc6cfc6c, 
	0xfa76fa76, 0xfb06fb06, 0x03d503d5, 0x10b810b8, 0x155f155f, 0x0e740e74, 0x06f006f0, 0x0b900b90, 
	0x19831983, 0x23682368, 0x23122312, 0x1c0c1c0c, 0x14941494, 0x11d011d0, 0x16521652, 0x1d9f1d9f, 
	0x1f981f98, 0x186e186e, 0x0bae0bae, 0x01210121, 0xfea8fea8, 0x03b403b4, 0x08f208f2, 0x068a068a, 
	0xfa06fa06, 0xeaaeeaae, 0xe5d5e5d5, 0xef1aef1a, 0xfa36fa36, 0xfaa0faa0, 0xf194f194, 0xe90ee90e, 
	0xe78be78b, 0xed6eed6e, 0xf6c0f6c0, 0xfd0ffd0f, 0xfd7bfd7b, 0xf999f999, 0xf589f589, 0xf61af61a, 
	0xfd33fd33, 0x064b064b, 0x0a5d0a5d, 0x072a072a, 0xffd4ffd4, 0xfb5cfb5c, 0xff33ff33, 0x081a081a, 
	0x0bc00bc0, 0x064a064a, 0xfeb2feb2, 0xfb67fb67, 0xfd35fd35, 0x014b014b, 0x03cc03cc, 0x028b028b, 
	0xfec9fec9, 0xfb1afb1a, 0xf9a7f9a7, 0xfc5ffc5f, 0x01b701b7, 0x047a047a, 0x02510251, 0xfe4efe4e, 
	0xfc93fc93, 0xff14ff14, 0x048b048b, 0x08080808, 0x06340634, 0x02a302a3, 0x01d201d2, 0x03590359, 
	0x04a004a0, 0x05090509, 0x05690569, 0x05680568, 0x03af03af, 0xfffefffe, 0xfdfefdfe, 0x00590059, 
	0x033c033c, 0x01e301e3, 0xfd9ffd9f, 0xfb00fb00, 0xfb1afb1a, 0xfc37fc37, 0xfc78fc78, 0xfb65fb65, 
	0xfa4ffa4f, 0xfa3efa3e, 0xfaccfacc, 0xfb2ffb2f, 0xfbaefbae, 0xfc71fc71, 0xfd4bfd4b, 0xfe37fe37, 
	0xff2bff2b, 0x01720172, 0x05de05de, 0x08b508b5, 0x06500650, 0x03cc03cc, 0x09920992, 0x15541554, 
	0x1b6b1b6b, 0x16971697, 0x0ea00ea0, 0x0e210e21, 0x15bf15bf, 0x1cc51cc5, 0x1cf31cf3, 0x18571857, 
	0x12c412c4, 0x0da90da9, 0x0b650b65, 0x0d8c0d8c, 0x10c010c0, 0x0fbe0fbe, 0x09430943, 0xffb1ffb1, 
	0xf7ebf7eb, 0xf80af80a, 0xff6bff6b, 0x04950495, 0xff99ff99, 0xf3a9f3a9, 0xeb8aeb8a, 0xedf0edf0, 
	0xf6c2f6c2, 0xfc4efc4e, 0xfabcfabc, 0xf5abf5ab, 0xf11ff11f, 0xef6cef6c, 0xf346f346, 0xfbd7fbd7, 
	0x02060206, 0x00ac00ac, 0xfa99fa99, 0xf5f7f5f7, 0xf71ff71f, 0xfe94fe94, 0x07590759, 0x09970997, 
	0x02fb02fb, 0xfa7efa7e, 0xf93af93a, 0x01030103, 0x0a070a07, 0x0ade0ade, 0x037e037e, 0xfc89fc89, 
	0xfbedfbed, 0xffc0ffc0, 0x04190419, 0x06ad06ad, 0x05bd05bd, 0x01620162, 0xfce1fce1, 0xfbeefbee, 
	0xffbfffbf, 0x05df05df, 0x08ce08ce, 0x04fb04fb, 0xfe25fe25, 0xfbe1fbe1, 0x002c002c, 0x05f805f8, 
	0x080d080d, 0x05880588, 0x01170117, 0xfe6ffe6f, 0xff64ff64, 0x026a026a, 0x04840484, 0x03b103b1, 
	0x006c006c, 0xfd8afd8a, 0xfd64fd64, 0xfee3fee3, 0xff7dff7d, 0xff21ff21, 0xfea9fea9, 0xfd1efd1e, 
	0xfa91fa91, 0xfa1cfa1c, 0xfccbfccb, 0xfee6fee6, 0xfd88fd88, 0xfabbfabb, 0xf9d2f9d2, 0xfb3cfb3c, 
	0xfd31fd31, 0xfe21fe21, 0xfdd6fdd6, 0xfd0afd0a, 0xfc77fc77, 0xfcd9fcd9, 0xfed9fed9, 0x019a019a, 
	0x02df02df, 0x02030203, 0x00a600a6, 0x005a005a, 0x02d902d9, 0x09d909d9, 0x12161216, 0x13681368, 
	0x0c020c02, 0x05f505f5, 0x0aba0aba, 0x16941694, 0x1dd71dd7, 0x1a9d1a9d, 0x11851185, 0x0b860b86, 
	0x0d660d66, 0x14701470, 0x1a161a16, 0x190b190b, 0x10ae10ae, 0x068a068a, 0x02730273, 0x05ff05ff, 
	0x0b270b27, 0x0c520c52, 0x081c081c, 0xfedbfedb, 0xf47df47d, 0xf18df18d, 0xf93df93d, 0x022f022f, 
	0x00da00da, 0xf58ff58f, 0xeb35eb35, 0xead5ead5, 0xf31df31d, 0xfb33fb33, 0xfc77fc77, 0xf7c0f7c0, 
	0xf1d7f1d7, 0xef2aef2a, 0xf263f263, 0xfa1efa1e, 0x008a008a, 0x01080108, 0xfc89fc89, 0xf77af77a, 
	0xf6a8f6a8, 0xfc84fc84, 0x055c055c, 0x09230923, 0x048c048c, 0xfd3efd3e, 0xfae0fae0, 0xff54ff54, 
	0x065d065d, 0x0a1c0a1c, 0x07e207e2, 0x023d023d, 0xfe33fe33, 0xfeb4feb4, 0x02d002d0, 0x070d070d, 
	0x07f007f0, 0x04920492, 0xff65ff65, 0xfc66fc66, 0xfe34fe34, 0x037d037d, 0x07110711, 0x04ca04ca, 
	0xff0eff0e, 0xfc4dfc4d, 0xfeaafeaa, 0x02330233, 0x03650365, 0x02b902b9, 0x01af01af, 0x00a900a9, 
	0xffe3ffe3, 0xffd7ffd7, 0x00d000d0, 0x027a027a, 0x03650365, 0x02250225, 0xff9eff9e, 0xfe51fe51, 
	0xff59ff59, 0x017b017b, 0x026c026c, 0x00a700a7, 0xfdb0fdb0, 0xfcecfcec, 0xfeb4feb4, 0x00000000, 
	0xff6dff6d, 0xfe46fe46, 0xfd7dfd7d, 0xfd5dfd5d, 0xfdd8fdd8, 0xfdeefdee, 0xfd72fd72, 0xfd91fd91, 
	0xfdf3fdf3, 0xfd67fd67, 0xfd2cfd2c, 0xfe30fe30, 0xfe8dfe8d, 0xfdc3fdc3, 0xfe1cfe1c, 0xffd8ffd8, 
	0x00c000c0, 0x00710071, 0x00ea00ea, 0x048d048d, 0x0ad20ad2, 0x0e230e23, 0x0ad40ad4, 0x071c071c, 
	0x0a9b0a9b, 0x12191219, 0x15af15af, 0x141d141d, 0x11271127, 0x101a101a, 0x12141214, 0x14381438, 
	0x13431343, 0x118a118a, 0x11961196, 0x0fd30fd3, 0x0a330a33, 0x058d058d, 0x05270527, 0x06ce06ce, 
	0x07670767, 0x03fd03fd, 0xfc2cfc2c, 0xf601f601, 0xf69ef69e, 0xfa0bfa0b, 0xfa93fa93, 0xf7f2f7f2, 
	0xf3a3f3a3, 0xefffefff, 0xf09ef09e, 0xf3f8f3f8, 0xf4eef4ee, 0xf485f485, 0xf605f605, 0xf6a6f6a6, 
	0xf4a5f4a5, 0xf4c4f4c4, 0xf8c2f8c2, 0xfc72fc72, 0xfdd5fdd5, 0xfdf0fdf0, 0xfd71fd71, 0xfe11fe11, 
	0x00bf00bf, 0x02e502e5, 0x03600360, 0x042f042f, 0x04f204f2, 0x04450445, 0x04190419, 0x051d051d, 
	0x050f050f, 0x04940494, 0x054e054e, 0x04ea04ea, 0x029b029b, 0x021b021b, 0x03a303a3, 0x03390339, 
	0x00fc00fc, 0x00390039, 0x00ec00ec, 0x01660166, 0x01570157, 0x00620062, 0xfefafefa, 0xfeebfeeb, 
	0x00090009, 0x00930093, 0x00970097, 0x005e005e, 0xff61ff61, 0xfefbfefb, 0x005b005b, 0x01430143, 
	0x00800080, 0x00930093, 0x01aa01aa, 0x010a010a, 0xffa4ffa4, 0x00490049, 0x01ab01ab, 0x018e018e, 
	0x00d300d3, 0x006b006b, 0x00200020, 0x00880088, 0x01420142, 0x008a008a, 0xff11ff11, 0xfee5fee5, 
	0xff79ff79, 0xff65ff65, 0xff19ff19, 0xfed4fed4, 0xfe63fe63, 0xfe8afe8a, 0xfee6fee6, 0xfe3cfe3c, 
	0xfddefdde, 0xff23ff23, 0xffc6ffc6, 0xfeaafeaa, 0xfe6cfe6c, 0xffabffab, 0xffebffeb, 0xff34ff34, 
	0xffd5ffd5, 0x017f017f, 0x02480248, 0x01830183, 0x001d001d, 0x00bb00bb, 0x05a505a5, 0x0bf60bf6, 
	0x0d780d78, 0x09420942, 0x05730573, 0x07e307e3, 0x0fa50fa5, 0x15fb15fb, 0x159a159a, 0x109f109f, 
	0x0cf70cf7, 0x0ce90ce9, 0x0ef10ef1, 0x11ac11ac, 0x138d138d, 0x11ad11ad, 0x0b630b63, 0x046c046c, 
	0x017d017d, 0x03d903d9, 0x07ef07ef, 0x07d007d0, 0x00dd00dd, 0xf75bf75b, 0xf250f250, 0xf47df47d, 
	0xf9e0f9e0, 0xfbdbfbdb, 0xf7e6f7e6, 0xf1a1f1a1, 0xedf3edf3, 0xee92ee92, 0xf263f263, 0xf6c6f6c6, 
	0xf885f885, 0xf663f663, 0xf31bf31b, 0xf278f278, 0xf594f594, 0xfabdfabd, 0xff29ff29, 0x003c003c, 
	0xfd9dfd9d, 0xfaabfaab, 0xfb87fb87, 0x00990099, 0x05d605d6, 0x070e070e, 0x04470447, 0x01320132, 
	0x00d200d2, 0x032b032b, 0x06260626, 0x074b074b, 0x05e005e0, 0x03680368, 0x01d701d7, 0x01b501b5, 
	0x02a102a1, 0x04070407, 0x04ad04ad, 0x03640364, 0x00bf00bf, 0xff0fff0f, 0xffbeffbe, 0x01c901c9, 
	0x02ca02ca, 0x01980198, 0xffb1ffb1, 0xff0aff0a, 0xffa9ffa9, 0x00750075, 0x00d500d5, 0x00740074, 
	0xff86ff86, 0xff11ff11, 0xff82ff82, 0xffe2ffe2, 0xffa2ffa2, 0xff6fff6f, 0xff6aff6a, 0xff11ff11, 
	0xfecefece, 0xff42ff42, 0xffb8ffb8, 0xff6eff6e, 0xff00ff00, 0xfefefefe, 0xfee3fee3, 0xfe65fe65, 
	0xfe4efe4e, 0xff17ff17, 0xffc5ffc5, 0xff65ff65, 0xfe9bfe9b, 0xfe8afe8a, 0xff16ff16, 0xff4aff4a, 
	0xff27ff27, 0xff82ff82, 0x00460046, 0x005b005b, 0xff6eff6e, 0xfea6fea6, 0xff20ff20, 0x00690069, 
	0x011e011e, 0x00d300d3, 0x003b003b, 0xffecffec, 0x00050005, 0x00850085, 0x01220122, 0x01a301a3, 
	0x02240224, 0x023c023c, 0x017c017c, 0x01540154, 0x04480448, 0x094c094c, 0x0bb00bb0, 0x09bd09bd, 
	0x075c075c, 0x08a108a1, 0x0d160d16, 0x113c113c, 0x12101210, 0x0f830f83, 0x0c770c77, 0x0bc40bc4, 
	0x0d580d58, 0x0f320f32, 0x0f6c0f6c, 0x0cc40cc4, 0x07c807c8, 0x03800380, 0x02720272, 0x03930393, 
	0x04320432, 0x025e025e, 0xfd5efd5e, 0xf724f724, 0xf440f440, 0xf698f698, 0xfa1afa1a, 0xf9acf9ac, 
	0xf504f504, 0xf02cf02c, 0xef2aef2a, 0xf28ef28e, 0xf6bff6bf, 0xf802f802, 0xf689f689, 0xf4ebf4eb, 
	0xf49bf49b, 0xf604f604, 0xf991f991, 0xfdc7fdc7, 0xffb5ffb5, 0xfe76fe76, 0xfc66fc66, 0xfc68fc68, 
	0xff77ff77, 0x03da03da, 0x06140614, 0x049d049d, 0x01b801b8, 0x00a500a5, 0x02220222, 0x04bf04bf, 
	0x06780678, 0x05fd05fd, 0x03b303b3, 0x01620162, 0x00a700a7, 0x01bf01bf, 0x03d903d9, 0x04fd04fd, 
	0x03610361, 0xfff2fff2, 0xfdd1fdd1, 0xfeb9feb9, 0x015b015b, 0x033c033c, 0x028d028d, 0xffd0ffd0, 
	0xfd92fd92, 0xfdd4fdd4, 0xffffffff, 0x02120212, 0x02970297, 0x015f015f, 0xff97ff97, 0xfee7fee7, 
	0xffceffce, 0x012b012b, 0x02060206, 0x02230223, 0x016a016a, 0x00460046, 0xffafffaf, 0xffe8ffe8, 
	0x00730073, 0x01060106, 0x013a013a, 0x007a007a, 0xff29ff29, 0xfe88fe88, 0xfedffedf, 0xff54ff54, 
	0xff70ff70, 0xff7cff7c, 0xff59ff59, 0xfeb3feb3, 0xfdf9fdf9, 0xfdd4fdd4, 0xfe72fe72, 0xff75ff75, 
	0x00220022, 0xffc5ffc5, 0xfea1fea1, 0xfdeffdef, 0xfe7efe7e, 0x000f000f, 0x01910191, 0x01ba01ba, 
	0x004f004f, 0xff79ff79, 0x01980198, 0x057c057c, 0x07780778, 0x068b068b, 0x05130513, 0x05190519, 
	0x06d706d7, 0x09540954, 0x0b040b04, 0x0afb0afb, 0x0a000a00, 0x09290929, 0x08b208b2, 0x09140914, 
	0x0a900a90, 0x0b770b77, 0x09ce09ce, 0x066d066d, 0x03f403f4, 0x03b403b4, 0x04e104e1, 0x05490549, 
	0x03210321, 0xff64ff64, 0xfcc4fcc4, 0xfc35fc35, 0xfc7ffc7f, 0xfc7afc7a, 0xfbbafbba, 0xfa1efa1e, 
	0xf862f862, 0xf792f792, 0xf7a8f7a8, 0xf82df82d, 0xf935f935, 0xfa30fa30, 0xf9e5f9e5, 0xf87df87d, 
	0xf7f4f7f4, 0xf9c4f9c4, 0xfcb5fcb5, 0xfe3afe3a, 0xfd95fd95, 0xfcb1fcb1, 0xfd37fd37, 0xfebefebe, 
	0xffffffff, 0x00840084, 0x00ed00ed, 0x019c019c, 0x02080208, 0x01600160, 0x00530053, 0x00a400a4, 
	0x02780278, 0x03cd03cd, 0x033c033c, 0x01800180, 0x00490049, 0x00d200d2, 0x02550255, 0x02ec02ec, 
	0x02400240, 0x019b019b, 0x01550155, 0x00e300e3, 0x00af00af, 0x014c014c, 0x022f022f, 0x02500250, 
	0x01800180, 0x00530053, 0xffc9ffc9, 0x00800080, 0x01890189, 0x01810181, 0x00860086, 0xff84ff84, 
	0xfed0fed0, 0xfea3fea3, 0xfefefefe, 0xff4aff4a, 0xfef8fef8, 0xfe2efe2e, 0xfd56fd56, 0xfcc8fcc8, 
	0xfcbbfcbb, 0xfd15fd15, 0xfd8cfd8c, 0xfdcffdcf, 0xfda0fda0, 0xfcebfceb, 0xfc37fc37, 0xfc80fc80, 
	0xfe44fe44, 0x00d800d8, 0x02a902a9, 0x02620262, 0x00910091, 0xffdbffdb, 0x02250225, 0x061e061e, 
	0x08540854, 0x072f072f, 0x04930493, 0x035a035a, 0x04780478, 0x06c006c0, 0x08610861, 0x07ee07ee, 
	0x057b057b, 0x02aa02aa, 0x01400140, 0x01da01da, 0x03960396, 0x04660466, 0x02960296, 0xfef0fef0, 
	0xfc20fc20, 0xfc1ffc1f, 0xfe8dfe8d, 0x00f800f8, 0x00af00af, 0xfd9afd9a, 0xfab0fab0, 0xfa8afa8a, 
	0xfcf7fcf7, 0xffedffed, 0x01470147, 0xfffafffa, 0xfd74fd74, 0xfcb8fcb8, 0xfeacfeac, 0x01670167, 
	0x03070307, 0x03010301, 0x01ae01ae, 0x00460046, 0x00500050, 0x01e801e8, 0x03b203b2, 0x04390439, 
	0x02f602f6, 0x00f100f1, 0x00120012, 0x00f600f6, 0x02180218, 0x02140214, 0x012b012b, 0x001d001d, 
	0xff33ff33, 0xfeabfeab, 0xfeb8feb8, 0xff24ff24, 0xff92ff92, 0xff6bff6b, 0xfe49fe49, 0xfcecfcec, 
	0xfcdcfcdc, 0xfe3bfe3b, 0xff55ff55, 0xff19ff19, 0xfe27fe27, 0xfda0fda0, 0xfdf0fdf0, 0xfecefece, 
	0xff82ff82, 0xffa4ffa4, 0xffa0ffa0, 0xffc6ffc6, 0xffc7ffc7, 0xff95ff95, 0xffc5ffc5, 0x00a000a0, 
	0x01eb01eb, 0x03010301, 0x02f402f4, 0x01c601c6, 0x013e013e, 0x02920292, 0x047f047f, 0x05520552, 
	0x04c004c0, 0x037e037e, 0x02a502a5, 0x02fd02fd, 0x03cf03cf, 0x03f003f0, 0x038f038f, 0x02fc02fc, 
	0x01980198, 0xffd1ffd1, 0xff47ff47, 0x000e000e, 0x00ad00ad, 0x002c002c, 0xfe7afe7a, 0xfc68fc68, 
	0xfbaefbae, 0xfcadfcad, 0xfdb5fdb5, 0xfde1fde1, 0xfd8efd8e, 0xfcb1fcb1, 0xfb8cfb8c, 0xfb95fb95, 
	0xfd12fd12, 0xfe8ffe8f, 0xff3eff3e, 0xff12ff12, 0xfe25fe25, 0xfd8dfd8d, 0xfe77fe77, 0x00350035, 
	0x01a601a6, 0x027e027e, 0x023a023a, 0x00d200d2, 0x001d001d, 0x017d017d, 0x03780378, 0x043b043b, 
	0x038b038b, 0x021d021d, 0x01110111, 0x01530153, 0x023b023b, 0x029b029b, 0x02940294, 0x02200220, 
	0x00c100c1, 0xff60ff60, 0xff87ff87, 0x00c200c2, 0x015d015d, 0x00ca00ca, 0xff90ff90, 0xfe89fe89, 
	0xfe7afe7a, 0xff31ff31, 0xffbfffbf, 0x00370037, 0x01110111, 0x015b015b, 0x005a005a, 0xff78ff78, 
	0x00670067, 0x02ab02ab, 0x045f045f, 0x04450445, 0x02e702e7, 0x02030203, 0x02930293, 0x03e803e8, 
	0x04e604e6, 0x052f052f, 0x049d049d, 0x03130313, 0x01810181, 0x013b013b, 0x02340234, 0x031c031c, 
	0x02c902c9, 0x00fd00fd, 0xfeaafeaa, 0xfd6ffd6f, 0xfdf8fdf8, 0xff36ff36, 0xff9bff9b, 0xfe8bfe8b, 
	0xfca2fca2, 0xfb47fb47, 0xfb87fb87, 0xfcf0fcf0, 0xfe15fe15, 0xfe24fe24, 0xfd4efd4e, 0xfc48fc48, 
	0xfc17fc17, 0xfd2cfd2c, 0xfec0fec0, 0xffdaffda, 0x00010001, 0xff23ff23, 0xfe0cfe0c, 0xfe5bfe5b, 
	0x00560056, 0x02160216, 0x021e021e, 0x00ea00ea, 0xffc0ffc0, 0xffa8ffa8, 0x00d100d1, 0x02260226, 
	0x02820282, 0x020c020c, 0x01400140, 0x00530053, 0x00100010, 0x00f900f9, 0x02090209, 0x02230223, 
	0x017f017f, 0x00a700a7, 0x00170017, 0x00a200a2, 0x02210221, 0x030f030f, 0x02b102b1, 0x01d701d7, 
	0x015d015d, 0x01c701c7, 0x02fe02fe, 0x03db03db, 0x03800380, 0x029a029a, 0x02200220, 0x02090209, 
	0x022a022a, 0x02650265, 0x023f023f, 0x01950195, 0x00b900b9, 0xffdfffdf, 0xff40ff40, 0xff45ff45, 
	0xff79ff79, 0xfef5fef5, 0xfdd2fdd2, 0xfce1fce1, 0xfc9afc9a, 0xfcdcfcdc, 0xfd13fd13, 0xfcbefcbe, 
	0xfc56fc56, 0xfc84fc84, 0xfce9fce9, 0xfcfcfcfc, 0xfd24fd24, 0xfdb6fdb6, 0xfe43fe43, 0xfea6fea6, 
	0xff00ff00, 0xff50ff50, 0xffb3ffb3, 0x00430043, 0x00af00af, 0x00d800d8, 0x011f011f, 0x01750175, 
	0x017f017f, 0x016b016b, 0x01880188, 0x019e019e, 0x017e017e, 0x01650165, 0x015a015a, 0x01350135, 
	0x00f900f9, 0x00b900b9, 0x00830083, 0x00930093, 0x00e000e0, 0x010b010b, 0x00fa00fa, 0x00f700f7, 
	0x01330133, 0x018d018d, 0x01e301e3, 0x02370237, 0x02980298, 0x02f602f6, 0x031a031a, 0x02ed02ed, 
	0x02c402c4, 0x03000300, 0x037b037b, 0x03a603a6, 0x03360336, 0x026f026f, 0x01d801d8, 0x01ba01ba, 
	0x01d301d3, 0x01a801a8, 0x01110111, 0x00470047, 0xff83ff83, 0xfedbfedb, 0xfe89fe89, 0xfe8cfe8c, 
	0xfe75fe75, 0xfdf9fdf9, 0xfd45fd45, 0xfcaafcaa, 0xfc74fc74, 0xfccdfccd, 0xfd50fd50, 0xfd67fd67, 
	0xfd1cfd1c, 0xfceffcef, 0xfd05fd05, 0xfd58fd58, 0xfe03fe03, 0xfeb9feb9, 0xff05ff05, 0xfef8fef8, 
	0xfef7fef7, 0xff2fff2f, 0xffc7ffc7, 0x00900090, 0x00e900e9, 0x00bc00bc, 0x009f009f, 0x00cc00cc, 
	0x00f100f1, 0x011c011c, 0x01710171, 0x01900190, 0x01460146, 0x00f000f0, 0x00ea00ea, 0x013f013f, 
	0x01b401b4, 0x01bc01bc, 0x014b014b, 0x01240124, 0x01a001a0, 0x02180218, 0x020e020e, 0x01e701e7, 
	0x02000200, 0x023e023e, 0x025a025a, 0x02430243, 0x022d022d, 0x02400240, 0x02480248, 0x01fd01fd, 
	0x019f019f, 0x017f017f, 0x01790179, 0x01430143, 0x00d400d4, 0x00540054, 0xfff5fff5, 0xffc3ffc3, 
	0xff8dff8d, 0xff38ff38, 0xfedafeda, 0xfe7dfe7d, 0xfe2dfe2d, 0xfe1cfe1c, 0xfe35fe35, 0xfe12fe12, 
	0xfdb5fdb5, 0xfd8efd8e, 0xfdd1fdd1, 0xfe40fe40, 0xfe83fe83, 0xfe7cfe7c, 0xfe72fe72, 0xfebdfebd, 
	0xff34ff34, 0xff7dff7d, 0xffb0ffb0, 0xffffffff, 0x004c004c, 0x00710071, 0x00880088, 0x00ae00ae, 
	0x00e300e3, 0x011d011d, 0x01460146, 0x01570157, 0x01560156, 0x01410141, 0x01360136, 0x01610161, 
	0x01910191, 0x01770177, 0x013c013c, 0x01300130, 0x014b014b, 0x01640164, 0x016a016a, 0x01470147, 
	0x01130113, 0x011c011c, 0x014c014c, 0x013f013f, 0x010d010d, 0x01120112, 0x01290129, 0x01030103, 
	0x00c100c1, 0x00a000a0, 0x00b100b1, 0x00ce00ce, 0x00aa00aa, 0x00390039, 0xffeeffee, 0x000a000a, 
	0x001e001e, 0xffd6ffd6, 0xff8aff8a, 0xff7cff7c, 0xff69ff69, 0xff30ff30, 0xff09ff09, 0xff04ff04, 
	0xff0eff0e, 0xff16ff16, 0xfefcfefc, 0xfed0fed0, 0xfed8fed8, 0xff12ff12, 0xff38ff38, 0xff46ff46, 
	0xff5fff5f, 0xff73ff73, 0xff77ff77, 0xffa1ffa1, 0xfff2fff2, 0x00230023, 0x00270027, 0x00130013, 
	0x000e000e, 0x004c004c, 0x00bd00bd, 0x00e500e5, 0x00a100a1, 0x006c006c, 0x00850085, 0x00b500b5, 
	0x00d800d8, 0x00f000f0, 0x00e100e1, 0x00ac00ac, 0x00840084, 0x007f007f, 0x009d009d, 0x00d300d3, 
	0x00dd00dd, 0x00890089, 0x003b003b, 0x00550055, 0x00a400a4, 0x00c000c0, 0x00a700a7, 0x00870087, 
	0x00770077, 0x00830083, 0x00a000a0, 0x00af00af, 0x00a500a5, 0x00870087, 0x00640064, 0x00540054, 
	0x005c005c, 0x00550055, 0x00310031, 0x00100010, 0xfffdfffd, 0xffdcffdc, 0xffb6ffb6, 0xffaaffaa, 
	0xffb1ffb1, 0xffa6ffa6, 0xff83ff83, 0xff61ff61, 0xff57ff57, 0xff6aff6a, 0xff75ff75, 0xff69ff69, 
	0xff62ff62, 0xff70ff70, 0xff79ff79, 0xff7bff7b, 0xff8dff8d, 0xffaeffae, 0xffcfffcf, 0xffe6ffe6, 
	0xfff4fff4, 0x00000000, 0x00220022, 0x00520052, 0x006d006d, 0x006d006d, 0x00710071, 0x00830083, 
	0x00930093, 0x009b009b, 0x00980098, 0x009a009a, 0x00ad00ad, 0x00bb00bb, 0x00a700a7, 0x00870087, 
	0x00830083, 0x00970097, 0x00a300a3, 0x009e009e, 0x00890089, 0x00700070, 0x00690069, 0x00740074, 
	0x00810081, 0x00860086, 0x007b007b, 0x00610061, 0x00560056, 0x00690069, 0x00780078, 0x00620062, 
	0x00410041, 0x003f003f, 0x00530053, 0x00590059, 0x00420042, 0x00230023, 0x00110011, 0x000d000d, 
	0x000a000a, 0x00080008, 0x00000000, 0xffeaffea, 0xffcaffca, 0xffb7ffb7, 0xffb9ffb9, 0xffc4ffc4, 
	0xffc5ffc5, 0xffb5ffb5, 0xffa0ffa0, 0xff9bff9b, 0xffa5ffa5, 0xffb5ffb5, 0xffcdffcd, 0xffebffeb, 
	0xfff5fff5, 0xffe5ffe5, 0xffdeffde, 0xfffafffa, 0x00250025, 0x00410041, 0x00450045, 0x00380038, 
	0x00300030, 0x003d003d, 0x005e005e, 0x00790079, 0x00790079, 0x00610061, 0x004c004c, 0x00500050, 
	0x00630063, 0x006d006d, 0x00610061, 0x004d004d, 0x003f003f, 0x003c003c, 0x003e003e, 0x003e003e, 
	0x00370037, 0x00320032, 0x002e002e, 0x00260026, 0x00200020, 0x00240024, 0x002b002b, 0x002e002e, 
	0x00300030, 0x002f002f, 0x00270027, 0x00270027, 0x00300030, 0x002e002e, 0x00240024, 0x00250025, 
	0x00270027, 0x001a001a, 0x000b000b, 0x00040004, 0xfffefffe, 0xfffbfffb, 0xfffcfffc, 0xfff2fff2, 
	0xffddffdd, 0xffd7ffd7, 0xffe2ffe2, 0xffe5ffe5, 0xffe2ffe2, 0xffe6ffe6, 0xffe5ffe5, 0xffdfffdf, 
	0xffe2ffe2, 0xffedffed, 0xfff5fff5, 0x00000000, 0x000d000d, 0x000f000f, 0x00080008, 0x00090009, 
	0x001a001a, 0x00360036, 0x00460046, 0x003b003b, 0x002a002a, 0x00300030, 0x00440044, 0x004d004d, 
	0x004b004b, 0x00450045, 0x003e003e, 0x003a003a, 0x00380038, 0x00310031, 0x002b002b, 0x00320032, 
	0x00360036, 0x00290029, 0x00170017, 0x00110011, 0x00170017, 0x00220022, 0x00260026, 0x001b001b, 
	0x000f000f, 0x00140014, 0x001f001f, 0x00200020, 0x001a001a, 0x001d001d, 0x00290029, 0x002f002f, 
	0x00290029, 0x001a001a, 0x00100010, 0x00150015, 0x001e001e, 0x001e001e, 0x00120012, 0x00040004, 
	0xfff8fff8, 0xfff0fff0, 0xfff1fff1, 0xfffdfffd, 0x00050005, 0xfffafffa, 0xffe0ffe0, 0xffd2ffd2, 
	0xffdcffdc, 0xfff2fff2, 0xffffffff, 0xfff9fff9, 0xffebffeb, 0xffe8ffe8, 0xfff5fff5, 0x00060006, 
	0x00180018, 0x00210021, 0x001b001b, 0x00150015, 0x001a001a, 0x00250025, 0x002c002c, 0x00330033, 
	0x00380038, 0x00350035, 0x002d002d, 0x00250025, 0x00210021, 0x002a002a, 0x00390039, 0x00350035, 
	0x00210021, 0x00190019, 0x001f001f, 0x001f001f, 0x00160016, 0x00100010, 0x00110011, 0x00150015, 
	0x00100010, 0x00010001, 0xfffefffe, 0x000b000b, 0x00160016, 0x00100010, 0x00000000, 0xfff8fff8, 
	0xffffffff, 0x00120012, 0x001c001c, 0x000f000f, 0x00010001, 0x00050005, 0x000e000e, 0x00110011, 
	0x00130013, 0x00100010, 0x00070007, 0xffffffff, 0xfffafffa, 0xfff8fff8, 0xfffbfffb, 0xfffefffe, 
	0xfff5fff5, 0xffebffeb, 0xffeaffea, 0xffeaffea, 0xffeaffea, 0xffefffef, 0xfff4fff4, 0xffefffef, 
	0xffe8ffe8, 0xffecffec, 0xfffafffa, 0x00030003, 0x00040004, 0x000a000a, 0x00170017, 0x00180018, 
	0x00100010, 0x00140014, 0x00250025, 0x00330033, 0x00370037, 0x00330033, 0x00250025, 0x001a001a, 
	0x00250025, 0x00360036, 0x003a003a, 0x00330033, 0x00270027, 0x00180018, 0x00110011, 0x00180018, 
	0x001c001c, 0x00180018, 0x000f000f, 0x00000000, 0xfff0fff0, 0xfff2fff2, 0xfffdfffd, 0x00010001, 
	0x00000000, 0xfffafffa, 0xfff1fff1, 0xffedffed, 0xfff5fff5, 0x00000000, 0x00050005, 0x00020002, 
	0xfffdfffd, 0xfffafffa, 0xfff9fff9, 0xfffdfffd, 0x00000000, 0x00060006, 0x000a000a, 0x00010001, 
	0xfff8fff8, 0xfffafffa, 0xffffffff, 0x00000000, 0x00000000, 0xfffefffe, 0xfff8fff8, 0xfff3fff3, 
	0xfff3fff3, 0xfff5fff5, 0xfff7fff7, 0xfffcfffc, 0xfffdfffd, 0xfff6fff6, 0xffefffef, 0xfff0fff0, 
	0xfff5fff5, 0xfff5fff5, 0xffefffef, 0xffebffeb, 0xffecffec, 0xffeeffee, 0xffedffed, 0xffedffed, 
	0xffeaffea, 0xffecffec, 0xffefffef, 0xffefffef, 0xffecffec, 0xffeaffea, 0xffebffeb, 0xffeaffea, 
	0xffefffef, 0xfff4fff4, 0xffeeffee, 0xffe7ffe7, 0xffebffeb, 0xfff9fff9, 0xfffdfffd, 0xfff9fff9, 
	
};

int get_pcm_data_size(void)
{
	return sizeof(pcm_data);
}